repeat,X_hat,X,centroid,nn
0,1,0,0.5133333333333333,0.0333333333333333
0,1,1,0.47,0.9566666666666668
1,1,0,0.7033333333333334,0.94
1,1,1,0.2866666666666667,0.0533333333333333
2,1,0,0.5533333333333333,0.99
2,1,1,0.4366666666666666,0.0
3,1,0,0.5366666666666666,0.98
3,1,1,0.4566666666666666,0.0133333333333333
4,1,0,0.5533333333333333,0.1133333333333333
4,1,1,0.45,0.8733333333333333
0,2,0,0.6366666666666667,0.5866666666666667
0,2,2,0.3566666666666667,0.4066666666666667
1,2,0,0.5033333333333333,0.5466666666666666
1,2,2,0.4866666666666667,0.4333333333333333
2,2,0,0.65,0.99
2,2,2,0.34,0.0
3,2,0,0.6366666666666667,0.69
3,2,2,0.35,0.3
4,2,0,0.5233333333333333,0.7533333333333333
4,2,2,0.4633333333333333,0.2366666666666666
0,3,0,0.6166666666666667,0.1266666666666666
0,3,3,0.3733333333333333,0.86
1,3,0,0.6933333333333334,0.73
1,3,3,0.29,0.2566666666666666
2,3,0,0.5933333333333334,0.72
2,3,3,0.3866666666666666,0.2633333333333333
3,3,0,0.3766666666666666,0.4933333333333333
3,3,3,0.61,0.4933333333333333
4,3,0,0.4933333333333333,0.92
4,3,3,0.5,0.0766666666666666
0,4,0,0.6233333333333333,0.0133333333333333
0,4,4,0.3533333333333333,0.97
1,4,0,0.5933333333333334,0.36
1,4,4,0.3633333333333333,0.5733333333333334
2,4,0,0.6233333333333333,0.3466666666666667
2,4,4,0.3266666666666666,0.57
3,4,0,0.27,0.35
3,4,4,0.6933333333333334,0.63
4,4,0,0.6066666666666667,0.4233333333333333
4,4,4,0.36,0.5466666666666666
0,5,0,0.6366666666666667,0.8433333333333334
0,5,5,0.34,0.1333333333333333
1,5,0,0.3533333333333333,0.1366666666666666
1,5,5,0.6433333333333333,0.8666666666666667
2,5,0,0.4666666666666667,0.8966666666666666
2,5,5,0.51,0.0833333333333333
3,5,0,0.58,0.1333333333333333
3,5,5,0.4,0.8533333333333334
4,5,0,0.6033333333333334,0.9333333333333332
4,5,5,0.4166666666666667,0.0633333333333333
0,6,0,0.49,0.5366666666666666
0,6,6,0.5333333333333333,0.45
1,6,0,0.5433333333333333,0.6433333333333333
1,6,6,0.3833333333333333,0.3066666666666666
2,6,0,0.5,0.4933333333333333
2,6,6,0.55,0.5533333333333333
3,6,0,0.7266666666666667,0.5766666666666667
3,6,6,0.21,0.4533333333333333
4,6,0,0.4366666666666666,0.0066666666666666
4,6,6,0.5066666666666667,0.98
0,7,0,0.6866666666666666,0.9933333333333332
0,7,7,0.4233333333333333,0.0066666666666666
1,7,0,0.5266666666666666,0.2733333333333333
1,7,7,0.7033333333333334,0.8833333333333333
2,7,0,0.4966666666666666,0.6833333333333333
2,7,7,0.5766666666666667,0.3966666666666666
3,7,0,0.49,0.1566666666666666
3,7,7,0.57,0.8366666666666667
4,7,0,0.55,0.96
4,7,7,0.6566666666666666,0.0566666666666666
0,8,0,1.0,1.0
0,8,8,1.0,1.0
1,8,0,0.9966666666666668,0.9966666666666668
1,8,8,0.9733333333333334,0.9833333333333332
2,8,0,1.0,1.0
2,8,8,1.0,1.0
3,8,0,1.0,1.0
3,8,8,1.0,1.0
4,8,0,0.9933333333333332,1.0
4,8,8,0.99,0.9366666666666666
0,9,0,0.9233333333333332,1.0
0,9,9,0.65,0.02
1,9,0,0.9366666666666666,0.9133333333333332
1,9,9,0.9966666666666668,0.9966666666666668
2,9,0,0.9533333333333334,0.2366666666666666
2,9,9,0.9933333333333332,1.0
3,9,0,0.95,1.0
3,9,9,0.83,0.0033333333333333
4,9,0,0.98,1.0
4,9,9,0.9766666666666668,0.73
0,10,0,0.6166666666666667,0.29
0,10,10,0.94,0.9866666666666668
1,10,0,0.73,0.8933333333333333
1,10,10,0.93,0.8366666666666667
2,10,0,0.98,0.9566666666666668
2,10,10,0.9933333333333332,0.9933333333333332
3,10,0,0.99,0.9833333333333332
3,10,10,0.9966666666666668,0.9966666666666668
4,10,0,0.97,0.9766666666666668
4,10,10,0.9966666666666668,0.9933333333333332
0,11,0,0.73,0.7
0,11,11,0.49,0.5333333333333333
1,11,0,0.9666666666666668,0.9966666666666668
1,11,11,0.91,0.1266666666666666
2,11,0,0.95,0.78
2,11,11,0.98,0.9933333333333332
3,11,0,0.9733333333333334,1.0
3,11,11,0.9733333333333334,0.0033333333333333
4,11,0,0.9433333333333334,0.03
4,11,11,0.99,1.0
0,12,0,1.0,1.0
0,12,12,0.9966666666666668,0.9933333333333332
1,12,0,0.9733333333333334,0.9833333333333332
1,12,12,0.7866666666666666,0.6766666666666666
2,12,0,1.0,1.0
2,12,12,1.0,1.0
3,12,0,0.9966666666666668,0.9666666666666668
3,12,12,1.0,1.0
4,12,0,0.51,0.6
4,12,12,0.96,0.9233333333333332
0,13,0,0.98,1.0
0,13,13,0.9866666666666668,0.93
1,13,0,0.8466666666666667,0.9933333333333332
1,13,13,0.9866666666666668,0.5166666666666667
2,13,0,0.9933333333333332,0.9966666666666668
2,13,13,0.9966666666666668,0.9933333333333332
3,13,0,0.9933333333333332,1.0
3,13,13,0.9966666666666668,0.9966666666666668
4,13,0,0.9133333333333332,0.5966666666666667
4,13,13,0.99,0.9966666666666668
0,14,0,0.99,0.9933333333333332
0,14,14,0.9933333333333332,0.99
1,14,0,0.9566666666666668,1.0
1,14,14,0.9966666666666668,0.98
2,14,0,0.7033333333333334,0.7033333333333334
2,14,14,0.8766666666666667,0.01
3,14,0,0.48,0.1766666666666666
3,14,14,0.8066666666666666,0.9433333333333334
4,14,0,0.96,0.9966666666666668
4,14,14,0.9966666666666668,0.98
0,15,0,1.0,1.0
0,15,15,1.0,1.0
1,15,0,0.9966666666666668,1.0
1,15,15,1.0,0.97
2,15,0,0.8233333333333334,0.8933333333333333
2,15,15,0.9533333333333334,0.86
3,15,0,0.99,0.6866666666666666
3,15,15,1.0,1.0
4,15,0,0.9933333333333332,0.9966666666666668
4,15,15,0.9966666666666668,0.9933333333333332
0,16,0,1.0,1.0
0,16,16,1.0,1.0
1,16,0,1.0,0.9966666666666668
1,16,16,1.0,1.0
2,16,0,0.9966666666666668,0.9966666666666668
2,16,16,1.0,1.0
3,16,0,0.9633333333333334,0.99
3,16,16,0.9966666666666668,0.98
4,16,0,1.0,1.0
4,16,16,1.0,1.0
0,17,0,1.0,1.0
0,17,17,0.9966666666666668,0.6166666666666667
1,17,0,0.73,0.72
1,17,17,0.82,0.8333333333333334
2,17,0,1.0,1.0
2,17,17,1.0,1.0
3,17,0,1.0,1.0
3,17,17,1.0,1.0
4,17,0,1.0,1.0
4,17,17,1.0,1.0
0,18,0,0.9966666666666668,1.0
0,18,18,0.9933333333333332,0.9566666666666668
1,18,0,1.0,1.0
1,18,18,1.0,1.0
2,18,0,1.0,0.85
2,18,18,0.9966666666666668,1.0
3,18,0,0.9666666666666668,0.9866666666666668
3,18,18,0.75,0.5766666666666667
4,18,0,1.0,1.0
4,18,18,1.0,1.0
0,19,0,1.0,1.0
0,19,19,1.0,1.0
1,19,0,1.0,1.0
1,19,19,1.0,1.0
2,19,0,1.0,1.0
2,19,19,1.0,1.0
3,19,0,1.0,1.0
3,19,19,1.0,1.0
4,19,0,0.83,0.0433333333333333
4,19,19,0.9566666666666668,1.0
0,20,0,1.0,1.0
0,20,20,1.0,1.0
1,20,0,1.0,1.0
1,20,20,1.0,1.0
2,20,0,1.0,1.0
2,20,20,1.0,1.0
3,20,0,1.0,1.0
3,20,20,1.0,1.0
4,20,0,1.0,1.0
4,20,20,1.0,1.0
0,21,0,1.0,1.0
0,21,21,1.0,1.0
1,21,0,1.0,1.0
1,21,21,1.0,1.0
2,21,0,0.9966666666666668,1.0
2,21,21,1.0,0.9866666666666668
3,21,0,1.0,0.9966666666666668
3,21,21,1.0,1.0
4,21,0,1.0,0.9966666666666668
4,21,21,1.0,1.0
0,22,0,0.9966666666666668,1.0
0,22,22,1.0,0.7333333333333333
1,22,0,1.0,1.0
1,22,22,1.0,0.98
2,22,0,1.0,1.0
2,22,22,1.0,1.0
3,22,0,1.0,1.0
3,22,22,1.0,1.0
4,22,0,0.7233333333333334,0.9966666666666668
4,22,22,0.9333333333333332,0.04
0,23,0,1.0,1.0
0,23,23,1.0,1.0
1,23,0,1.0,1.0
1,23,23,1.0,1.0
2,23,0,1.0,1.0
2,23,23,1.0,1.0
3,23,0,0.6966666666666667,0.79
3,23,23,0.91,0.85
4,23,0,1.0,0.9833333333333332
4,23,23,1.0,1.0
5,1,0,0.6766666666666666,0.9366666666666666
5,1,1,0.3133333333333333,0.0533333333333333
6,1,0,0.6666666666666666,0.63
6,1,1,0.3233333333333333,0.36
7,1,0,0.5533333333333333,0.7066666666666667
7,1,1,0.43,0.2866666666666667
8,1,0,0.7566666666666667,0.9666666666666668
8,1,1,0.2366666666666666,0.0233333333333333
9,1,0,0.58,0.35
9,1,1,0.4033333333333333,0.6433333333333333
5,2,0,0.4733333333333333,0.36
5,2,2,0.5166666666666667,0.6266666666666667
6,2,0,0.6866666666666666,0.7233333333333334
6,2,2,0.2933333333333333,0.2566666666666666
7,2,0,0.54,0.0
7,2,2,0.4566666666666666,0.99
8,2,0,0.6533333333333333,0.9533333333333334
8,2,2,0.3266666666666666,0.0366666666666666
9,2,0,0.5,0.41
9,2,2,0.4933333333333333,0.5766666666666667
5,3,0,0.6233333333333333,0.09
5,3,3,0.3633333333333333,0.8966666666666666
6,3,0,0.5,0.4666666666666667
6,3,3,0.4866666666666667,0.5133333333333333
7,3,0,0.5866666666666667,0.99
7,3,3,0.42,0.0
8,3,0,0.6566666666666666,0.92
8,3,3,0.33,0.07
9,3,0,0.3566666666666667,0.0
9,3,3,0.6366666666666667,0.99
5,4,0,0.4766666666666667,0.9566666666666668
5,4,4,0.4666666666666667,0.0266666666666666
6,4,0,0.6033333333333334,0.1633333333333333
6,4,4,0.34,0.81
7,4,0,0.5566666666666666,0.7233333333333334
7,4,4,0.3666666666666666,0.3033333333333333
8,4,0,0.73,0.1666666666666666
8,4,4,0.1933333333333333,0.75
9,4,0,0.67,0.8133333333333334
9,4,4,0.3233333333333333,0.1766666666666666
5,5,0,0.6066666666666667,0.62
5,5,5,0.3666666666666666,0.3466666666666667
6,5,0,0.4333333333333333,0.9466666666666668
6,5,5,0.5666666666666667,0.0533333333333333
7,5,0,0.6066666666666667,0.2366666666666666
7,5,5,0.36,0.7366666666666667
8,5,0,0.5833333333333334,0.06
8,5,5,0.3766666666666666,0.92
9,5,0,0.5966666666666667,0.8333333333333334
9,5,5,0.39,0.1566666666666666
5,6,0,0.47,0.96
5,6,6,0.5866666666666667,0.0366666666666666
6,6,0,0.3966666666666666,0.9833333333333332
6,6,6,0.6033333333333334,0.0066666666666666
7,6,0,0.54,0.1233333333333333
7,6,6,0.4466666666666666,0.8733333333333333
8,6,0,0.59,0.3266666666666666
8,6,6,0.3266666666666666,0.65
9,6,0,0.6933333333333334,0.9166666666666666
9,6,6,0.2766666666666666,0.06
5,7,0,0.5733333333333334,0.57
5,7,7,0.5166666666666667,0.5266666666666666
6,7,0,0.4666666666666667,0.6333333333333333
6,7,7,0.5833333333333334,0.44
7,7,0,0.4166666666666667,0.98
7,7,7,0.7,0.01
8,7,0,0.5066666666666667,0.9833333333333332
8,7,7,0.5566666666666666,0.0
9,7,0,0.4066666666666667,0.8966666666666666
9,7,7,0.6666666666666666,0.1233333333333333
5,8,0,0.97,0.97
5,8,8,0.9766666666666668,0.9766666666666668
6,8,0,1.0,1.0
6,8,8,1.0,1.0
7,8,0,1.0,1.0
7,8,8,1.0,1.0
8,8,0,1.0,1.0
8,8,8,1.0,1.0
9,8,0,1.0,1.0
9,8,8,1.0,1.0
5,9,0,0.86,0.85
5,9,9,0.9733333333333334,0.9733333333333334
6,9,0,0.9033333333333332,0.3366666666666666
6,9,9,0.9733333333333334,0.9933333333333332
7,9,0,0.8966666666666666,0.0266666666666666
7,9,9,0.9966666666666668,1.0
8,9,0,0.7366666666666667,0.99
8,9,9,0.8233333333333334,0.1833333333333333
9,9,0,0.84,0.5066666666666667
9,9,9,0.9333333333333332,0.03
5,10,0,0.9566666666666668,0.94
5,10,10,0.92,0.94
6,10,0,0.9533333333333334,0.4933333333333333
6,10,10,0.9966666666666668,1.0
7,10,0,0.58,0.0
7,10,10,0.6266666666666667,0.9966666666666668
8,10,0,0.9266666666666666,0.3733333333333333
8,10,10,0.9966666666666668,1.0
9,10,0,0.9433333333333334,0.9633333333333334
9,10,10,0.9933333333333332,0.9833333333333332
5,11,0,0.9733333333333334,1.0
5,11,11,0.9933333333333332,0.62
6,11,0,0.9466666666666668,0.9933333333333332
6,11,11,0.9833333333333332,0.9433333333333334
7,11,0,0.7233333333333334,0.5566666666666666
7,11,11,0.9066666666666666,0.9433333333333334
8,11,0,0.9866666666666668,0.9433333333333334
8,11,11,0.9933333333333332,1.0
9,11,0,0.6566666666666666,0.6266666666666667
9,11,11,0.7966666666666666,0.8166666666666667
5,12,0,1.0,1.0
5,12,12,1.0,1.0
6,12,0,1.0,1.0
6,12,12,1.0,0.9966666666666668
7,12,0,1.0,1.0
7,12,12,1.0,1.0
8,12,0,1.0,1.0
8,12,12,1.0,1.0
9,12,0,1.0,0.9966666666666668
9,12,12,1.0,1.0
5,13,0,0.9933333333333332,1.0
5,13,13,0.9966666666666668,0.9966666666666668
6,13,0,0.9933333333333332,0.9933333333333332
6,13,13,0.9966666666666668,0.9966666666666668
7,13,0,0.9633333333333334,0.3833333333333333
7,13,13,0.9766666666666668,0.52
8,13,0,0.6833333333333333,0.16
8,13,13,0.79,0.9866666666666668
9,13,0,0.99,0.9966666666666668
9,13,13,0.98,0.8733333333333333
5,14,0,0.95,0.1133333333333333
5,14,14,0.98,1.0
6,14,0,0.9433333333333334,0.9966666666666668
6,14,14,0.99,0.97
7,14,0,0.93,0.95
7,14,14,0.9033333333333332,0.8333333333333334
8,14,0,0.8033333333333333,0.9966666666666668
8,14,14,0.9233333333333332,0.1766666666666666
9,14,0,0.9733333333333334,0.5366666666666666
9,14,14,0.9966666666666668,1.0
5,15,0,0.9966666666666668,1.0
5,15,15,1.0,1.0
6,15,0,0.6933333333333334,0.7633333333333333
6,15,15,0.84,0.78
7,15,0,0.9866666666666668,1.0
7,15,15,0.9866666666666668,0.9333333333333332
8,15,0,0.9533333333333334,0.86
8,15,15,0.9966666666666668,1.0
9,15,0,1.0,1.0
9,15,15,1.0,1.0
5,16,0,1.0,1.0
5,16,16,1.0,1.0
6,16,0,1.0,1.0
6,16,16,1.0,1.0
7,16,0,1.0,1.0
7,16,16,1.0,1.0
8,16,0,0.9966666666666668,0.9966666666666668
8,16,16,1.0,1.0
9,16,0,1.0,1.0
9,16,16,1.0,1.0
5,17,0,1.0,0.91
5,17,17,0.9966666666666668,1.0
6,17,0,1.0,0.99
6,17,17,1.0,1.0
7,17,0,1.0,1.0
7,17,17,1.0,1.0
8,17,0,1.0,1.0
8,17,17,1.0,1.0
9,17,0,1.0,1.0
9,17,17,1.0,1.0
5,18,0,0.2533333333333333,0.1633333333333333
5,18,18,0.9366666666666666,0.98
6,18,0,1.0,1.0
6,18,18,1.0,1.0
7,18,0,0.9966666666666668,0.9966666666666668
7,18,18,0.9666666666666668,0.9766666666666668
8,18,0,1.0,1.0
8,18,18,1.0,1.0
9,18,0,0.9733333333333334,0.9766666666666668
9,18,18,0.8166666666666667,0.8166666666666667
5,19,0,1.0,1.0
5,19,19,1.0,1.0
6,19,0,1.0,1.0
6,19,19,1.0,1.0
7,19,0,1.0,1.0
7,19,19,1.0,1.0
8,19,0,1.0,1.0
8,19,19,1.0,0.9833333333333332
9,19,0,1.0,1.0
9,19,19,1.0,1.0
5,20,0,1.0,1.0
5,20,20,1.0,1.0
6,20,0,1.0,1.0
6,20,20,1.0,1.0
7,20,0,1.0,1.0
7,20,20,1.0,1.0
8,20,0,1.0,1.0
8,20,20,1.0,1.0
9,20,0,1.0,1.0
9,20,20,1.0,1.0
5,21,0,1.0,1.0
5,21,21,1.0,1.0
6,21,0,0.88,0.88
6,21,21,0.9533333333333334,0.96
7,21,0,0.98,1.0
7,21,21,1.0,0.9833333333333332
8,21,0,0.9966666666666668,1.0
8,21,21,0.9966666666666668,0.7
9,21,0,1.0,0.9866666666666668
9,21,21,1.0,1.0
5,22,0,1.0,1.0
5,22,22,1.0,1.0
6,22,0,0.9966666666666668,1.0
6,22,22,1.0,0.8666666666666667
7,22,0,0.9066666666666666,0.9066666666666666
7,22,22,0.9366666666666666,0.9366666666666666
8,22,0,0.72,0.85
8,22,22,0.9833333333333332,0.9666666666666668
9,22,0,1.0,0.9933333333333332
9,22,22,1.0,1.0
5,23,0,1.0,1.0
5,23,23,1.0,0.75
6,23,0,1.0,1.0
6,23,23,1.0,1.0
7,23,0,1.0,1.0
7,23,23,1.0,0.94
8,23,0,1.0,1.0
8,23,23,1.0,1.0
9,23,0,1.0,1.0
9,23,23,1.0,1.0
10,1,0,0.5966666666666667,0.96
10,1,1,0.4066666666666667,0.03
11,1,0,0.57,0.03
11,1,1,0.4266666666666667,0.96
12,1,0,0.7166666666666667,0.9866666666666668
12,1,1,0.2833333333333333,0.0033333333333333
13,1,0,0.59,0.9133333333333332
13,1,1,0.4,0.0766666666666666
14,1,0,0.6933333333333334,0.8566666666666667
14,1,1,0.2966666666666667,0.1333333333333333
10,2,0,0.63,0.95
10,2,2,0.36,0.04
11,2,0,0.5933333333333334,0.0033333333333333
11,2,2,0.4033333333333333,0.9866666666666668
12,2,0,0.3566666666666667,0.0666666666666666
12,2,2,0.6233333333333333,0.9233333333333332
13,2,0,0.5266666666666666,0.77
13,2,2,0.47,0.2233333333333333
14,2,0,0.66,0.5666666666666667
14,2,2,0.3366666666666666,0.44
10,3,0,0.64,0.0166666666666666
10,3,3,0.3566666666666667,0.9766666666666668
11,3,0,0.63,0.2333333333333333
11,3,3,0.35,0.7566666666666667
12,3,0,0.6766666666666666,0.4033333333333333
12,3,3,0.31,0.5866666666666667
13,3,0,0.69,0.6333333333333333
13,3,3,0.3,0.34
14,3,0,0.51,0.42
14,3,3,0.4566666666666666,0.5766666666666667
10,4,0,0.6,0.9266666666666666
10,4,4,0.35,0.06
11,4,0,0.6233333333333333,0.7966666666666666
11,4,4,0.3566666666666667,0.1933333333333333
12,4,0,0.5633333333333334,0.8933333333333333
12,4,4,0.3433333333333333,0.0766666666666666
13,4,0,0.6133333333333333,0.3833333333333333
13,4,4,0.3166666666666666,0.5566666666666666
14,4,0,0.6366666666666667,0.99
14,4,4,0.3466666666666667,0.0
10,5,0,0.39,0.99
10,5,5,0.61,0.0
11,5,0,0.3333333333333333,0.4633333333333333
11,5,5,0.6066666666666667,0.5066666666666667
12,5,0,0.6066666666666667,0.4133333333333333
12,5,5,0.39,0.58
13,5,0,0.3833333333333333,0.9366666666666666
13,5,5,0.6133333333333333,0.07
14,5,0,0.6733333333333333,0.4966666666666666
14,5,5,0.3333333333333333,0.5066666666666667
10,6,0,0.5,0.9733333333333334
10,6,6,0.44,0.0133333333333333
11,6,0,0.7,0.37
11,6,6,0.2666666666666666,0.6333333333333333
12,6,0,0.59,0.9866666666666668
12,6,6,0.34,0.0066666666666666
13,6,0,0.4966666666666666,0.0
13,6,6,0.4666666666666667,0.9933333333333332
14,6,0,0.5966666666666667,0.01
14,6,6,0.3933333333333333,0.9733333333333334
10,7,0,0.44,0.33
10,7,7,0.58,0.68
11,7,0,0.7633333333333333,0.91
11,7,7,0.31,0.1333333333333333
12,7,0,0.65,0.9233333333333332
12,7,7,0.4766666666666667,0.06
13,7,0,0.6266666666666667,0.7533333333333333
13,7,7,0.4133333333333333,0.3166666666666666
14,7,0,0.61,0.1133333333333333
14,7,7,0.4666666666666667,0.85
10,8,0,1.0,1.0
10,8,8,1.0,1.0
11,8,0,0.95,0.91
11,8,8,1.0,1.0
12,8,0,1.0,1.0
12,8,8,0.9966666666666668,0.99
13,8,0,1.0,1.0
13,8,8,1.0,1.0
14,8,0,0.98,0.9666666666666668
14,8,8,1.0,1.0
10,9,0,0.9466666666666668,0.83
10,9,9,0.99,0.9966666666666668
11,9,0,0.88,0.0066666666666666
11,9,9,0.9766666666666668,0.9766666666666668
12,9,0,0.97,0.77
12,9,9,0.9866666666666668,1.0
13,9,0,0.9533333333333334,0.9933333333333332
13,9,9,0.9933333333333332,0.9733333333333334
14,9,0,0.9433333333333334,0.9966666666666668
14,9,9,0.8333333333333334,0.21
10,10,0,0.5633333333333334,0.1633333333333333
10,10,10,0.84,0.96
11,10,0,0.91,0.7266666666666667
11,10,10,0.9333333333333332,0.99
12,10,0,0.98,0.9966666666666668
12,10,10,0.9966666666666668,0.96
13,10,0,0.8133333333333334,0.8166666666666667
13,10,10,0.9,0.8866666666666667
14,10,0,0.8933333333333333,0.7233333333333334
14,10,10,0.95,0.99
10,11,0,0.9833333333333332,0.9966666666666668
10,11,11,0.99,0.93
11,11,0,0.9466666666666668,0.15
11,11,11,0.99,0.9966666666666668
12,11,0,0.7733333333333333,0.9766666666666668
12,11,11,0.6,0.1033333333333333
13,11,0,0.6766666666666666,0.7566666666666667
13,11,11,0.9733333333333334,0.92
14,11,0,0.96,0.9966666666666668
14,11,11,0.99,0.9166666666666666
10,12,0,1.0,1.0
10,12,12,1.0,1.0
11,12,0,1.0,1.0
11,12,12,1.0,1.0
12,12,0,1.0,0.97
12,12,12,1.0,1.0
13,12,0,1.0,1.0
13,12,12,1.0,1.0
14,12,0,1.0,1.0
14,12,12,0.9966666666666668,0.8133333333333334
10,13,0,0.9866666666666668,1.0
10,13,13,0.99,0.75
11,13,0,0.99,0.99
11,13,13,0.9966666666666668,0.9966666666666668
12,13,0,0.9966666666666668,0.9733333333333334
12,13,13,1.0,1.0
13,13,0,0.9866666666666668,1.0
13,13,13,0.9933333333333332,0.6933333333333334
14,13,0,0.96,0.9166666666666666
14,13,13,0.9933333333333332,0.9933333333333332
10,14,0,0.87,0.9966666666666668
10,14,14,0.93,0.1266666666666666
11,14,0,0.9466666666666668,1.0
11,14,14,0.9766666666666668,0.6266666666666667
12,14,0,0.9133333333333332,0.7966666666666666
12,14,14,0.9933333333333332,0.9966666666666668
13,14,0,0.9733333333333334,1.0
13,14,14,0.9933333333333332,0.7166666666666667
14,14,0,0.8033333333333333,0.3666666666666666
14,14,14,0.94,0.21
10,15,0,0.9966666666666668,0.9966666666666668
10,15,15,1.0,1.0
11,15,0,1.0,1.0
11,15,15,1.0,1.0
12,15,0,0.9966666666666668,0.99
12,15,15,0.9966666666666668,1.0
13,15,0,0.7966666666666666,0.79
13,15,15,0.6566666666666666,0.6633333333333333
14,15,0,0.99,0.95
14,15,15,0.9966666666666668,1.0
10,16,0,1.0,1.0
10,16,16,1.0,1.0
11,16,0,1.0,1.0
11,16,16,1.0,1.0
12,16,0,1.0,1.0
12,16,16,1.0,1.0
13,16,0,1.0,0.9866666666666668
13,16,16,1.0,1.0
14,16,0,1.0,1.0
14,16,16,1.0,1.0
10,17,0,1.0,0.9966666666666668
10,17,17,1.0,1.0
11,17,0,1.0,1.0
11,17,17,1.0,0.8733333333333333
12,17,0,1.0,0.9866666666666668
12,17,17,1.0,1.0
13,17,0,0.8866666666666667,0.9066666666666666
13,17,17,0.9966666666666668,0.9933333333333332
14,17,0,1.0,1.0
14,17,17,1.0,0.9966666666666668
10,18,0,0.95,0.93
10,18,18,0.79,0.8666666666666667
11,18,0,1.0,1.0
11,18,18,1.0,1.0
12,18,0,1.0,1.0
12,18,18,1.0,0.9833333333333332
13,18,0,0.96,0.9766666666666668
13,18,18,0.9333333333333332,0.9033333333333332
14,18,0,1.0,1.0
14,18,18,1.0,1.0
10,19,0,1.0,1.0
10,19,19,1.0,1.0
11,19,0,1.0,0.9366666666666666
11,19,19,1.0,1.0
12,19,0,1.0,1.0
12,19,19,1.0,0.9933333333333332
13,19,0,1.0,1.0
13,19,19,1.0,1.0
14,19,0,1.0,1.0
14,19,19,1.0,1.0
10,20,0,1.0,1.0
10,20,20,1.0,1.0
11,20,0,1.0,1.0
11,20,20,1.0,1.0
12,20,0,0.89,0.8366666666666667
12,20,20,0.9933333333333332,0.9966666666666668
13,20,0,0.9966666666666668,0.99
13,20,20,1.0,1.0
14,20,0,1.0,1.0
14,20,20,1.0,1.0
10,21,0,1.0,0.9866666666666668
10,21,21,1.0,1.0
11,21,0,1.0,1.0
11,21,21,1.0,1.0
12,21,0,1.0,0.9966666666666668
12,21,21,0.9966666666666668,0.59
13,21,0,1.0,1.0
13,21,21,1.0,0.9633333333333334
14,21,0,1.0,1.0
14,21,21,1.0,1.0
10,22,0,1.0,1.0
10,22,22,1.0,1.0
11,22,0,1.0,1.0
11,22,22,1.0,1.0
12,22,0,1.0,1.0
12,22,22,1.0,1.0
13,22,0,1.0,1.0
13,22,22,1.0,1.0
14,22,0,1.0,1.0
14,22,22,1.0,0.9833333333333332
10,23,0,1.0,1.0
10,23,23,1.0,1.0
11,23,0,1.0,1.0
11,23,23,1.0,0.91
12,23,0,0.9966666666666668,1.0
12,23,23,1.0,0.7466666666666667
13,23,0,1.0,1.0
13,23,23,1.0,1.0
14,23,0,1.0,1.0
14,23,23,1.0,1.0
15,1,0,0.37,0.2833333333333333
15,1,1,0.6233333333333333,0.71
16,1,0,0.4966666666666666,0.5166666666666667
16,1,1,0.5,0.4633333333333333
17,1,0,0.6433333333333333,0.8866666666666667
17,1,1,0.35,0.1033333333333333
18,1,0,0.74,0.99
18,1,1,0.25,0.0
19,1,0,0.6166666666666667,0.9666666666666668
19,1,1,0.3733333333333333,0.0266666666666666
15,2,0,0.57,0.77
15,2,2,0.4233333333333333,0.2133333333333333
16,2,0,0.5566666666666666,0.0
16,2,2,0.44,0.99
17,2,0,0.77,0.1033333333333333
17,2,2,0.2166666666666666,0.8866666666666667
18,2,0,0.5733333333333334,0.59
18,2,2,0.4166666666666667,0.4033333333333333
19,2,0,0.7766666666666666,0.4966666666666666
19,2,2,0.2166666666666666,0.4933333333333333
15,3,0,0.64,0.43
15,3,3,0.3466666666666667,0.55
16,3,0,0.7033333333333334,0.1233333333333333
16,3,3,0.2833333333333333,0.8633333333333333
17,3,0,0.4866666666666667,0.5866666666666667
17,3,3,0.5066666666666667,0.4033333333333333
18,3,0,0.6,0.38
18,3,3,0.39,0.6033333333333334
19,3,0,0.6966666666666667,0.0333333333333333
19,3,3,0.2933333333333333,0.9533333333333334
15,4,0,0.7033333333333334,0.4766666666666667
15,4,4,0.22,0.44
16,4,0,0.7466666666666667,0.92
16,4,4,0.2033333333333333,0.0566666666666666
17,4,0,0.3833333333333333,0.2466666666666666
17,4,4,0.58,0.7166666666666667
18,4,0,0.6,0.6866666666666666
18,4,4,0.3266666666666666,0.26
19,4,0,0.5933333333333334,0.75
19,4,4,0.3433333333333333,0.1966666666666666
15,5,0,0.6433333333333333,0.95
15,5,5,0.3233333333333333,0.0466666666666666
16,5,0,0.5633333333333334,0.99
16,5,5,0.4266666666666667,0.0
17,5,0,0.6766666666666666,0.98
17,5,5,0.3033333333333333,0.01
18,5,0,0.68,0.0166666666666666
18,5,5,0.3066666666666666,0.9766666666666668
19,5,0,0.6066666666666667,0.0066666666666666
19,5,5,0.3733333333333333,0.98
15,6,0,0.2966666666666667,0.9133333333333332
15,6,6,0.7166666666666667,0.0733333333333333
16,6,0,0.3333333333333333,0.3933333333333333
16,6,6,0.6033333333333334,0.54
17,6,0,0.5333333333333333,0.5266666666666666
17,6,6,0.5233333333333333,0.4766666666666667
18,6,0,0.6633333333333333,0.6733333333333333
18,6,6,0.3,0.2866666666666667
19,6,0,0.54,0.0033333333333333
19,6,6,0.4,0.98
15,7,0,0.6266666666666667,0.9933333333333332
15,7,7,0.4133333333333333,0.0
16,7,0,0.5633333333333334,0.6166666666666667
16,7,7,0.52,0.44
17,7,0,0.55,0.6433333333333333
17,7,7,0.4666666666666667,0.4033333333333333
18,7,0,0.4866666666666667,0.1333333333333333
18,7,7,0.49,0.86
19,7,0,0.52,0.4366666666666666
19,7,7,0.3966666666666666,0.5766666666666667
15,8,0,1.0,1.0
15,8,8,1.0,1.0
16,8,0,1.0,1.0
16,8,8,1.0,1.0
17,8,0,0.9566666666666668,0.9766666666666668
17,8,8,0.7566666666666667,0.7066666666666667
18,8,0,0.9933333333333332,0.99
18,8,8,1.0,1.0
19,8,0,0.99,0.9966666666666668
19,8,8,0.7333333333333333,0.6233333333333333
15,9,0,0.6133333333333333,0.0266666666666666
15,9,9,0.5266666666666666,0.9933333333333332
16,9,0,0.99,1.0
16,9,9,0.9966666666666668,0.9266666666666666
17,9,0,0.68,0.6533333333333333
17,9,9,0.83,0.8633333333333333
18,9,0,0.76,0.41
18,9,9,0.9933333333333332,0.9966666666666668
19,9,0,0.8733333333333333,0.5366666666666666
19,9,9,0.8433333333333334,0.98
15,10,0,0.97,0.0933333333333333
15,10,10,0.9933333333333332,1.0
16,10,0,0.92,0.9966666666666668
16,10,10,0.8966666666666666,0.13
17,10,0,0.93,0.9933333333333332
17,10,10,0.9533333333333334,0.45
18,10,0,0.7966666666666666,0.8866666666666667
18,10,10,0.77,0.6166666666666667
19,10,0,0.8733333333333333,1.0
19,10,10,0.9066666666666666,0.0733333333333333
15,11,0,0.5,0.5033333333333333
15,11,11,0.78,0.77
16,11,0,0.91,0.9933333333333332
16,11,11,0.9533333333333334,0.4866666666666667
17,11,0,0.97,0.9166666666666666
17,11,11,0.99,0.9933333333333332
18,11,0,0.9566666666666668,0.99
18,11,11,0.9866666666666668,0.9733333333333334
19,11,0,0.9933333333333332,0.9133333333333332
19,11,11,1.0,1.0
15,12,0,0.9766666666666668,0.9333333333333332
15,12,12,0.9766666666666668,0.9966666666666668
16,12,0,1.0,0.7866666666666666
16,12,12,1.0,1.0
17,12,0,1.0,1.0
17,12,12,1.0,1.0
18,12,0,1.0,1.0
18,12,12,1.0,0.9966666666666668
19,12,0,1.0,1.0
19,12,12,1.0,1.0
15,13,0,0.8733333333333333,0.8866666666666667
15,13,13,0.8133333333333334,0.78
16,13,0,0.9833333333333332,0.9166666666666666
16,13,13,1.0,1.0
17,13,0,0.9966666666666668,0.9666666666666668
17,13,13,0.9966666666666668,1.0
18,13,0,0.94,0.7066666666666667
18,13,13,0.9166666666666666,0.9833333333333332
19,13,0,0.9933333333333332,1.0
19,13,13,1.0,0.9966666666666668
15,14,0,0.9766666666666668,0.96
15,14,14,1.0,1.0
16,14,0,0.6433333333333333,0.57
16,14,14,0.9766666666666668,0.3333333333333333
17,14,0,0.7833333333333333,0.9933333333333332
17,14,14,0.9866666666666668,0.7066666666666667
18,14,0,0.9666666666666668,0.86
18,14,14,1.0,1.0
19,14,0,0.9333333333333332,0.9966666666666668
19,14,14,0.98,0.6
15,15,0,0.9966666666666668,1.0
15,15,15,0.9966666666666668,0.9666666666666668
16,15,0,0.86,0.5933333333333334
16,15,15,0.9433333333333334,0.9933333333333332
17,15,0,0.9966666666666668,1.0
17,15,15,1.0,1.0
18,15,0,1.0,1.0
18,15,15,1.0,0.9966666666666668
19,15,0,0.94,0.98
19,15,15,0.9533333333333334,0.7366666666666667
15,16,0,1.0,1.0
15,16,16,1.0,1.0
16,16,0,1.0,1.0
16,16,16,1.0,1.0
17,16,0,1.0,1.0
17,16,16,1.0,1.0
18,16,0,1.0,1.0
18,16,16,1.0,1.0
19,16,0,1.0,1.0
19,16,16,1.0,1.0
15,17,0,1.0,1.0
15,17,17,1.0,1.0
16,17,0,1.0,1.0
16,17,17,1.0,1.0
17,17,0,0.9933333333333332,1.0
17,17,17,1.0,0.7533333333333333
18,17,0,1.0,0.96
18,17,17,0.9966666666666668,1.0
19,17,0,1.0,1.0
19,17,17,1.0,1.0
15,18,0,0.8033333333333333,0.8033333333333333
15,18,18,0.8733333333333333,0.8833333333333333
16,18,0,1.0,1.0
16,18,18,1.0,1.0
17,18,0,1.0,1.0
17,18,18,1.0,1.0
18,18,0,1.0,1.0
18,18,18,1.0,0.9833333333333332
19,18,0,1.0,1.0
19,18,18,1.0,1.0
15,19,0,0.69,0.0
15,19,19,0.8833333333333333,0.97
16,19,0,1.0,0.9966666666666668
16,19,19,1.0,1.0
17,19,0,1.0,1.0
17,19,19,1.0,1.0
18,19,0,1.0,1.0
18,19,19,0.9833333333333332,0.5066666666666667
19,19,0,1.0,1.0
19,19,19,1.0,1.0
15,20,0,0.59,0.7266666666666667
15,20,20,0.8666666666666667,0.7666666666666667
16,20,0,1.0,1.0
16,20,20,1.0,1.0
17,20,0,0.9966666666666668,1.0
17,20,20,1.0,1.0
18,20,0,1.0,1.0
18,20,20,1.0,1.0
19,20,0,1.0,1.0
19,20,20,1.0,1.0
15,21,0,1.0,1.0
15,21,21,1.0,1.0
16,21,0,0.88,0.8033333333333333
16,21,21,0.93,0.96
17,21,0,1.0,1.0
17,21,21,1.0,1.0
18,21,0,1.0,0.9366666666666666
18,21,21,1.0,1.0
19,21,0,1.0,1.0
19,21,21,1.0,1.0
15,22,0,1.0,1.0
15,22,22,1.0,1.0
16,22,0,1.0,1.0
16,22,22,1.0,0.9833333333333332
17,22,0,1.0,1.0
17,22,22,1.0,1.0
18,22,0,1.0,1.0
18,22,22,1.0,1.0
19,22,0,1.0,1.0
19,22,22,1.0,1.0
15,23,0,1.0,1.0
15,23,23,1.0,1.0
16,23,0,1.0,1.0
16,23,23,1.0,1.0
17,23,0,1.0,1.0
17,23,23,1.0,1.0
18,23,0,1.0,0.9966666666666668
18,23,23,1.0,1.0
19,23,0,1.0,1.0
19,23,23,1.0,1.0
20,1,0,0.5566666666666666,0.1066666666666666
20,1,1,0.4433333333333333,0.8766666666666667
21,1,0,0.5866666666666667,0.0
21,1,1,0.4233333333333333,0.99
22,1,0,0.59,0.7266666666666667
22,1,1,0.41,0.2633333333333333
23,1,0,0.22,0.2633333333333333
23,1,1,0.78,0.7333333333333333
24,1,0,0.68,0.9633333333333334
24,1,1,0.3166666666666666,0.0266666666666666
20,2,0,0.5833333333333334,0.5833333333333334
20,2,2,0.41,0.41
21,2,0,0.5966666666666667,0.8466666666666667
21,2,2,0.4,0.14
22,2,0,0.5533333333333333,0.92
22,2,2,0.4433333333333333,0.0666666666666666
23,2,0,0.4533333333333333,0.4
23,2,2,0.53,0.6
24,2,0,0.6966666666666667,0.9633333333333334
24,2,2,0.2966666666666667,0.0266666666666666
20,3,0,0.7066666666666667,0.8533333333333334
20,3,3,0.2733333333333333,0.1333333333333333
21,3,0,0.4666666666666667,0.0466666666666666
21,3,3,0.53,0.9433333333333334
22,3,0,0.5,0.0133333333333333
22,3,3,0.4866666666666667,0.9766666666666668
23,3,0,0.6833333333333333,0.6533333333333333
23,3,3,0.3,0.33
24,3,0,0.5633333333333334,0.3733333333333333
24,3,3,0.4233333333333333,0.6133333333333333
20,4,0,0.5866666666666667,0.2233333333333333
20,4,4,0.2933333333333333,0.7
21,4,0,0.5166666666666667,0.0233333333333333
21,4,4,0.4033333333333333,0.95
22,4,0,0.3966666666666666,0.04
22,4,4,0.52,0.9466666666666668
23,4,0,0.4733333333333333,0.0
23,4,4,0.4833333333333333,0.99
24,4,0,0.16,0.13
24,4,4,0.8,0.85
20,5,0,0.5933333333333334,0.1533333333333333
20,5,5,0.3733333333333333,0.8266666666666667
21,5,0,0.73,0.7
21,5,5,0.2366666666666666,0.2666666666666666
22,5,0,0.5866666666666667,0.0233333333333333
22,5,5,0.3733333333333333,0.9733333333333334
23,5,0,0.5333333333333333,0.1933333333333333
23,5,5,0.4433333333333333,0.7833333333333333
24,5,0,0.5466666666666666,0.4033333333333333
24,5,5,0.4133333333333333,0.55
20,6,0,0.5066666666666667,0.0433333333333333
20,6,6,0.3933333333333333,0.9133333333333332
21,6,0,0.2666666666666666,0.0033333333333333
21,6,6,0.6766666666666666,0.9866666666666668
22,6,0,0.4133333333333333,0.6833333333333333
22,6,6,0.49,0.2566666666666666
23,6,0,0.6733333333333333,0.8766666666666667
23,6,6,0.2966666666666667,0.0966666666666666
24,6,0,0.5,0.9166666666666666
24,6,6,0.5,0.0833333333333333
20,7,0,0.4866666666666667,0.96
20,7,7,0.4666666666666667,0.04
21,7,0,0.58,0.11
21,7,7,0.6166666666666667,0.9433333333333334
22,7,0,0.7033333333333334,0.01
22,7,7,0.31,0.98
23,7,0,0.4633333333333333,0.18
23,7,7,0.35,0.7366666666666667
24,7,0,0.7266666666666667,0.9066666666666666
24,7,7,0.2933333333333333,0.1
20,8,0,1.0,1.0
20,8,8,1.0,1.0
21,8,0,1.0,1.0
21,8,8,1.0,1.0
22,8,0,1.0,1.0
22,8,8,1.0,1.0
23,8,0,0.89,0.8833333333333333
23,8,8,0.9833333333333332,0.9933333333333332
24,8,0,0.9966666666666668,0.99
24,8,8,0.9966666666666668,0.9966666666666668
20,9,0,0.9833333333333332,0.6733333333333333
20,9,9,0.9966666666666668,1.0
21,9,0,0.6533333333333333,0.1233333333333333
21,9,9,0.9433333333333334,0.9933333333333332
22,9,0,0.9833333333333332,1.0
22,9,9,0.99,0.91
23,9,0,0.98,0.9933333333333332
23,9,9,0.9933333333333332,0.9933333333333332
24,9,0,0.9766666666666668,0.98
24,9,9,0.9866666666666668,0.9866666666666668
20,10,0,0.9833333333333332,0.98
20,10,10,0.99,0.99
21,10,0,0.9733333333333334,0.94
21,10,10,0.9966666666666668,0.9966666666666668
22,10,0,0.91,0.24
22,10,10,0.9966666666666668,0.9966666666666668
23,10,0,0.9733333333333334,0.33
23,10,10,0.7133333333333334,0.9933333333333332
24,10,0,0.9066666666666666,0.9233333333333332
24,10,10,0.99,0.9866666666666668
20,11,0,0.79,0.07
20,11,11,0.6333333333333333,0.9066666666666666
21,11,0,0.91,0.9933333333333332
21,11,11,0.8833333333333333,0.38
22,11,0,0.9866666666666668,1.0
22,11,11,0.9966666666666668,0.94
23,11,0,0.98,0.9333333333333332
23,11,11,0.9966666666666668,0.9966666666666668
24,11,0,0.95,0.9933333333333332
24,11,11,0.9933333333333332,0.8833333333333333
20,12,0,0.9466666666666668,0.94
20,12,12,0.9966666666666668,0.9966666666666668
21,12,0,1.0,1.0
21,12,12,1.0,1.0
22,12,0,1.0,1.0
22,12,12,1.0,1.0
23,12,0,0.6566666666666666,0.7433333333333333
23,12,12,0.9266666666666666,0.8866666666666667
24,12,0,1.0,1.0
24,12,12,1.0,1.0
20,13,0,0.95,1.0
20,13,13,0.9766666666666668,0.01
21,13,0,0.96,0.9733333333333334
21,13,13,0.9966666666666668,0.9966666666666668
22,13,0,0.9833333333333332,1.0
22,13,13,0.9966666666666668,0.9966666666666668
23,13,0,0.95,0.97
23,13,13,0.9966666666666668,0.9966666666666668
24,13,0,0.9866666666666668,1.0
24,13,13,0.9833333333333332,0.4566666666666666
20,14,0,0.71,0.1266666666666666
20,14,14,0.9433333333333334,0.9966666666666668
21,14,0,0.9733333333333334,0.94
21,14,14,0.9966666666666668,0.9966666666666668
22,14,0,0.59,0.0233333333333333
22,14,14,0.5166666666666667,0.9833333333333332
23,14,0,0.9066666666666666,0.9666666666666668
23,14,14,0.9333333333333332,0.7966666666666666
24,14,0,0.9666666666666668,0.0366666666666666
24,14,14,0.99,1.0
20,15,0,1.0,1.0
20,15,15,1.0,1.0
21,15,0,0.9766666666666668,1.0
21,15,15,0.9833333333333332,0.92
22,15,0,0.99,1.0
22,15,15,0.99,0.2566666666666666
23,15,0,0.9966666666666668,1.0
23,15,15,1.0,0.9966666666666668
24,15,0,0.9766666666666668,0.36
24,15,15,0.9966666666666668,0.7533333333333333
20,16,0,1.0,1.0
20,16,16,1.0,1.0
21,16,0,0.97,0.9766666666666668
21,16,16,1.0,1.0
22,16,0,1.0,1.0
22,16,16,1.0,1.0
23,16,0,1.0,1.0
23,16,16,1.0,0.9966666666666668
24,16,0,1.0,1.0
24,16,16,1.0,1.0
20,17,0,1.0,1.0
20,17,17,1.0,1.0
21,17,0,1.0,1.0
21,17,17,1.0,0.9966666666666668
22,17,0,0.84,0.7833333333333333
22,17,17,0.9633333333333334,0.9733333333333334
23,17,0,1.0,0.8366666666666667
23,17,17,1.0,0.3133333333333333
24,17,0,0.64,0.5833333333333334
24,17,17,0.96,0.98
20,18,0,1.0,1.0
20,18,18,1.0,0.9833333333333332
21,18,0,1.0,1.0
21,18,18,1.0,1.0
22,18,0,1.0,1.0
22,18,18,1.0,1.0
23,18,0,1.0,1.0
23,18,18,1.0,0.92
24,18,0,0.7866666666666666,0.7233333333333334
24,18,18,0.8833333333333333,0.9133333333333332
20,19,0,1.0,1.0
20,19,19,1.0,1.0
21,19,0,0.9033333333333332,0.9233333333333332
21,19,19,0.88,0.87
22,19,0,0.21,0.1933333333333333
22,19,19,0.5766666666666667,0.6266666666666667
23,19,0,1.0,1.0
23,19,19,1.0,0.99
24,19,0,1.0,1.0
24,19,19,1.0,1.0
20,20,0,1.0,1.0
20,20,20,1.0,0.99
21,20,0,1.0,1.0
21,20,20,1.0,1.0
22,20,0,1.0,1.0
22,20,20,1.0,1.0
23,20,0,1.0,1.0
23,20,20,1.0,1.0
24,20,0,1.0,1.0
24,20,20,1.0,1.0
20,21,0,1.0,1.0
20,21,21,1.0,1.0
21,21,0,1.0,1.0
21,21,21,1.0,1.0
22,21,0,0.93,0.8633333333333333
22,21,21,0.96,0.99
23,21,0,1.0,1.0
23,21,21,1.0,1.0
24,21,0,1.0,1.0
24,21,21,1.0,1.0
20,22,0,0.9833333333333332,1.0
20,22,22,1.0,0.1133333333333333
21,22,0,1.0,1.0
21,22,22,1.0,1.0
22,22,0,1.0,1.0
22,22,22,1.0,0.9766666666666668
23,22,0,0.96,0.9466666666666668
23,22,22,0.96,0.97
24,22,0,1.0,1.0
24,22,22,1.0,1.0
20,23,0,0.9966666666666668,1.0
20,23,23,1.0,0.9733333333333334
21,23,0,1.0,1.0
21,23,23,1.0,1.0
22,23,0,1.0,1.0
22,23,23,1.0,1.0
23,23,0,1.0,1.0
23,23,23,1.0,1.0
24,23,0,1.0,1.0
24,23,23,1.0,1.0
25,1,0,0.6966666666666667,0.8666666666666667
25,1,1,0.3066666666666666,0.1233333333333333
26,1,0,0.6866666666666666,0.02
26,1,1,0.3066666666666666,0.97
27,1,0,0.4566666666666666,0.4466666666666666
27,1,1,0.5166666666666667,0.5466666666666666
28,1,0,0.7233333333333334,0.18
28,1,1,0.2733333333333333,0.8133333333333334
29,1,0,0.38,0.2133333333333333
29,1,1,0.6033333333333334,0.78
25,2,0,0.5566666666666666,0.3566666666666667
25,2,2,0.4366666666666666,0.6333333333333333
26,2,0,0.46,0.5433333333333333
26,2,2,0.5166666666666667,0.44
27,2,0,0.57,0.8866666666666667
27,2,2,0.42,0.11
28,2,0,0.7333333333333333,0.81
28,2,2,0.2533333333333333,0.18
29,2,0,0.6066666666666667,0.0
29,2,2,0.3866666666666666,0.99
25,3,0,0.6533333333333333,0.8866666666666667
25,3,3,0.3366666666666666,0.1033333333333333
26,3,0,0.66,0.8933333333333333
26,3,3,0.3266666666666666,0.0933333333333333
27,3,0,0.4733333333333333,0.9766666666666668
27,3,3,0.5133333333333333,0.0133333333333333
28,3,0,0.6266666666666667,0.9866666666666668
28,3,3,0.3733333333333333,0.0033333333333333
29,3,0,0.69,0.74
29,3,3,0.3,0.2366666666666666
25,4,0,0.5533333333333333,0.9533333333333334
25,4,4,0.3866666666666666,0.0233333333333333
26,4,0,0.64,0.8
26,4,4,0.2866666666666667,0.1666666666666666
27,4,0,0.4833333333333333,0.21
27,4,4,0.43,0.72
28,4,0,0.57,0.5766666666666667
28,4,4,0.3433333333333333,0.3366666666666666
29,4,0,0.4966666666666666,0.78
29,4,4,0.4733333333333333,0.1933333333333333
25,5,0,0.6,0.96
25,5,5,0.38,0.03
26,5,0,0.63,0.55
26,5,5,0.36,0.4366666666666666
27,5,0,0.5333333333333333,0.0766666666666666
27,5,5,0.4366666666666666,0.8866666666666667
28,5,0,0.3566666666666667,0.6066666666666667
28,5,5,0.6333333333333333,0.38
29,5,0,0.64,0.8633333333333333
29,5,5,0.3566666666666667,0.1233333333333333
25,6,0,0.59,0.1833333333333333
25,6,6,0.35,0.8533333333333334
26,6,0,0.7266666666666667,0.8633333333333333
26,6,6,0.2733333333333333,0.1466666666666666
27,6,0,0.43,0.0
27,6,6,0.4866666666666667,0.97
28,6,0,0.4466666666666666,0.8733333333333333
28,6,6,0.5,0.08
29,6,0,0.5666666666666667,0.96
29,6,6,0.38,0.03
25,7,0,0.4533333333333333,0.99
25,7,7,0.5633333333333334,0.0
26,7,0,0.7133333333333334,0.9666666666666668
26,7,7,0.4533333333333333,0.06
27,7,0,0.5666666666666667,0.0
27,7,7,0.53,0.9966666666666668
28,7,0,0.5866666666666667,0.2466666666666666
28,7,7,0.6066666666666667,0.8733333333333333
29,7,0,0.61,0.3966666666666666
29,7,7,0.5066666666666667,0.6966666666666667
25,8,0,1.0,0.9966666666666668
25,8,8,1.0,1.0
26,8,0,1.0,1.0
26,8,8,1.0,1.0
27,8,0,1.0,1.0
27,8,8,1.0,1.0
28,8,0,1.0,1.0
28,8,8,1.0,1.0
29,8,0,1.0,1.0
29,8,8,1.0,1.0
25,9,0,0.7933333333333333,0.9866666666666668
25,9,9,0.79,0.0233333333333333
26,9,0,0.8333333333333334,0.6533333333333333
26,9,9,0.92,0.9633333333333334
27,9,0,0.93,0.89
27,9,9,0.9566666666666668,0.9833333333333332
28,9,0,0.9833333333333332,1.0
28,9,9,0.9866666666666668,0.8133333333333334
29,9,0,0.8366666666666667,0.04
29,9,9,0.9333333333333332,0.4733333333333333
25,10,0,0.9066666666666666,0.9866666666666668
25,10,10,0.8633333333333333,0.6266666666666667
26,10,0,0.8766666666666667,0.7966666666666666
26,10,10,0.91,0.94
27,10,0,0.9833333333333332,0.9833333333333332
27,10,10,0.9666666666666668,0.9666666666666668
28,10,0,0.21,0.3666666666666666
28,10,10,0.8466666666666667,0.6966666666666667
29,10,0,0.9566666666666668,0.93
29,10,10,0.9666666666666668,0.9766666666666668
25,11,0,0.5966666666666667,0.8333333333333334
25,11,11,0.4833333333333333,0.15
26,11,0,0.92,0.9233333333333332
26,11,11,0.9566666666666668,0.95
27,11,0,0.9733333333333334,1.0
27,11,11,0.9766666666666668,0.56
28,11,0,0.9733333333333334,1.0
28,11,11,0.9933333333333332,0.7366666666666667
29,11,0,0.6633333333333333,0.1166666666666666
29,11,11,0.51,0.8666666666666667
25,12,0,0.9966666666666668,0.97
25,12,12,1.0,1.0
26,12,0,1.0,1.0
26,12,12,1.0,1.0
27,12,0,0.9866666666666668,0.9766666666666668
27,12,12,0.98,0.9866666666666668
28,12,0,1.0,1.0
28,12,12,1.0,1.0
29,12,0,0.9666666666666668,0.99
29,12,12,0.8666666666666667,0.68
25,13,0,0.97,1.0
25,13,13,0.9866666666666668,0.56
26,13,0,0.38,0.6166666666666667
26,13,13,0.77,0.5433333333333333
27,13,0,0.98,1.0
27,13,13,0.99,0.4233333333333333
28,13,0,0.7233333333333334,0.0233333333333333
28,13,13,0.9766666666666668,0.7866666666666666
29,13,0,0.9766666666666668,0.9966666666666668
29,13,13,0.9966666666666668,0.99
25,14,0,0.9566666666666668,0.0733333333333333
25,14,14,0.9933333333333332,1.0
26,14,0,0.9833333333333332,0.9133333333333332
26,14,14,0.9966666666666668,0.9966666666666668
27,14,0,0.71,0.9766666666666668
27,14,14,0.8033333333333333,0.3066666666666666
28,14,0,0.9833333333333332,0.9933333333333332
28,14,14,0.99,0.9866666666666668
29,14,0,0.97,0.9266666666666666
29,14,14,0.9933333333333332,0.9933333333333332
25,15,0,1.0,0.9966666666666668
25,15,15,1.0,1.0
26,15,0,0.5966666666666667,0.99
26,15,15,0.3366666666666666,0.0
27,15,0,0.9966666666666668,1.0
27,15,15,0.99,0.9833333333333332
28,15,0,0.9966666666666668,1.0
28,15,15,0.9966666666666668,0.9966666666666668
29,15,0,0.9566666666666668,0.9733333333333334
29,15,15,0.9833333333333332,0.98
25,16,0,0.9333333333333332,0.95
25,16,16,0.9933333333333332,0.9833333333333332
26,16,0,1.0,1.0
26,16,16,1.0,1.0
27,16,0,0.8933333333333333,0.9033333333333332
27,16,16,1.0,1.0
28,16,0,1.0,0.9966666666666668
28,16,16,1.0,1.0
29,16,0,1.0,1.0
29,16,16,1.0,1.0
25,17,0,1.0,1.0
25,17,17,1.0,1.0
26,17,0,0.99,1.0
26,17,17,1.0,0.9833333333333332
27,17,0,1.0,1.0
27,17,17,1.0,1.0
28,17,0,1.0,1.0
28,17,17,1.0,1.0
29,17,0,1.0,1.0
29,17,17,1.0,1.0
25,18,0,1.0,0.9866666666666668
25,18,18,1.0,1.0
26,18,0,1.0,1.0
26,18,18,1.0,1.0
27,18,0,1.0,1.0
27,18,18,1.0,1.0
28,18,0,1.0,1.0
28,18,18,1.0,1.0
29,18,0,1.0,1.0
29,18,18,1.0,0.9966666666666668
25,19,0,0.96,0.98
25,19,19,0.9533333333333334,0.85
26,19,0,1.0,1.0
26,19,19,1.0,1.0
27,19,0,0.6633333333333333,0.6633333333333333
27,19,19,0.9833333333333332,0.9833333333333332
28,19,0,1.0,1.0
28,19,19,1.0,1.0
29,19,0,0.39,0.48
29,19,19,0.84,0.6766666666666666
25,20,0,1.0,1.0
25,20,20,1.0,1.0
26,20,0,1.0,1.0
26,20,20,1.0,1.0
27,20,0,1.0,1.0
27,20,20,1.0,1.0
28,20,0,0.9933333333333332,0.9933333333333332
28,20,20,1.0,1.0
29,20,0,1.0,1.0
29,20,20,1.0,1.0
25,21,0,0.97,0.99
25,21,21,1.0,0.9666666666666668
26,21,0,0.8133333333333334,0.8166666666666667
26,21,21,0.87,0.86
27,21,0,0.89,0.85
27,21,21,0.83,0.89
28,21,0,1.0,1.0
28,21,21,1.0,1.0
29,21,0,1.0,1.0
29,21,21,1.0,1.0
25,22,0,1.0,1.0
25,22,22,1.0,0.9933333333333332
26,22,0,0.9966666666666668,0.98
26,22,22,1.0,1.0
27,22,0,1.0,1.0
27,22,22,1.0,1.0
28,22,0,0.9666666666666668,0.87
28,22,22,1.0,1.0
29,22,0,1.0,1.0
29,22,22,1.0,1.0
25,23,0,1.0,1.0
25,23,23,1.0,1.0
26,23,0,0.99,1.0
26,23,23,1.0,0.8666666666666667
27,23,0,1.0,1.0
27,23,23,1.0,1.0
28,23,0,1.0,1.0
28,23,23,1.0,1.0
29,23,0,0.9966666666666668,1.0
29,23,23,1.0,0.9833333333333332
