zoo,feature_type,lsb,clf,accuracy,recall,precision,f1,conf_mat
mnist,grads,1,HistGradientBoosting,0.1035,0.094,0.0958205912334352,0.0949015648662291,"[[113 887]
 [906  94]]"
mnist,grads,1,GradientBoosting,0.345,0.29,0.3258426966292135,0.3068783068783069,"[[400 600]
 [710 290]]"
mnist,grads,1,RandomForest,0.096,0.094,0.0943775100401606,0.094188376753507,"[[ 98 902]
 [906  94]]"
mnist,grads,2,HistGradientBoosting,0.105,0.092,0.0944558521560575,0.0932117527862208,"[[118 882]
 [908  92]]"
mnist,grads,2,GradientBoosting,0.336,0.273,0.3123569794050343,0.2913553895410885,"[[399 601]
 [727 273]]"
mnist,grads,2,RandomForest,0.096,0.089,0.0902636916835699,0.0896273917421953,"[[103 897]
 [911  89]]"
mnist,grads,3,HistGradientBoosting,0.105,0.087,0.0902489626556016,0.0885947046843177,"[[123 877]
 [913  87]]"
mnist,grads,3,GradientBoosting,0.3355,0.276,0.3132803632236095,0.2934609250398724,"[[395 605]
 [724 276]]"
mnist,grads,3,RandomForest,0.096,0.096,0.096,0.096,"[[ 96 904]
 [904  96]]"
mnist,grads,4,HistGradientBoosting,0.104,0.091,0.0934291581108829,0.0921985815602836,"[[117 883]
 [909  91]]"
mnist,grads,4,GradientBoosting,0.3365,0.285,0.3177257525083612,0.3004744333157617,"[[388 612]
 [715 285]]"
mnist,grads,4,RandomForest,0.096,0.091,0.0919191919191919,0.0914572864321607,"[[101 899]
 [909  91]]"
mnist,grads,5,HistGradientBoosting,0.104,0.101,0.1016096579476861,0.1013039117352056,"[[107 893]
 [899 101]]"
mnist,grads,5,GradientBoosting,0.3275,0.294,0.315112540192926,0.3041903776513192,"[[361 639]
 [706 294]]"
mnist,grads,5,RandomForest,0.096,0.081,0.0835051546391752,0.082233502538071,"[[111 889]
 [919  81]]"
mnist,grads,6,HistGradientBoosting,0.1075,0.098,0.0998980632008155,0.0989399293286219,"[[117 883]
 [902  98]]"
mnist,grads,6,GradientBoosting,0.3385,0.247,0.3023255813953488,0.2718767198679141,"[[430 570]
 [753 247]]"
mnist,grads,6,RandomForest,0.096,0.093,0.0935613682092555,0.0932798395185556,"[[ 99 901]
 [907  93]]"
mnist,grads,7,HistGradientBoosting,0.106,0.096,0.0979591836734693,0.0969696969696969,"[[116 884]
 [904  96]]"
mnist,grads,7,GradientBoosting,0.3405,0.251,0.3057247259439707,0.2756727073036793,"[[430 570]
 [749 251]]"
mnist,grads,7,RandomForest,0.096,0.094,0.0943775100401606,0.094188376753507,"[[ 98 902]
 [906  94]]"
mnist,grads,8,HistGradientBoosting,0.106,0.09,0.0929752066115702,0.0914634146341463,"[[122 878]
 [910  90]]"
mnist,grads,8,GradientBoosting,0.344,0.299,0.3285714285714285,0.313089005235602,"[[389 611]
 [701 299]]"
mnist,grads,8,RandomForest,0.096,0.087,0.0885947046843177,0.0877901109989909,"[[105 895]
 [913  87]]"
mnist,grads,9,HistGradientBoosting,0.105,0.086,0.0893970893970894,0.0876656472986748,"[[124 876]
 [914  86]]"
mnist,grads,9,GradientBoosting,0.3375,0.245,0.3006134969325153,0.2699724517906336,"[[430 570]
 [755 245]]"
mnist,grads,9,RandomForest,0.096,0.098,0.097609561752988,0.0978043912175648,"[[ 94 906]
 [902  98]]"
mnist,grads,10,HistGradientBoosting,0.106,0.092,0.0946502057613168,0.0933062880324543,"[[120 880]
 [908  92]]"
mnist,grads,10,GradientBoosting,0.3865,0.214,0.3267175572519084,0.2586102719033232,"[[559 441]
 [786 214]]"
mnist,grads,10,RandomForest,0.0955,0.073,0.0764397905759162,0.0746803069053708,"[[118 882]
 [927  73]]"
mnist,grads,11,HistGradientBoosting,0.1065,0.081,0.0853530031612223,0.0831195484864033,"[[132 868]
 [919  81]]"
mnist,grads,11,GradientBoosting,0.368,0.224,0.3146067415730337,0.2616822429906542,"[[512 488]
 [776 224]]"
mnist,grads,11,RandomForest,0.096,0.1,0.0992063492063492,0.0996015936254979,"[[ 92 908]
 [900 100]]"
mnist,grads,12,HistGradientBoosting,0.1045,0.09,0.0926879505664263,0.091324200913242,"[[119 881]
 [910  90]]"
mnist,grads,12,GradientBoosting,0.3995,0.182,0.3221238938053097,0.2325878594249201,"[[617 383]
 [818 182]]"
mnist,grads,12,RandomForest,0.0955,0.087,0.0885045778229908,0.0877458396369137,"[[104 896]
 [913  87]]"
mnist,grads,13,HistGradientBoosting,0.1125,0.093,0.0967741935483871,0.0948495665476797,"[[132 868]
 [907  93]]"
mnist,grads,13,GradientBoosting,0.4045,0.397,0.4030456852791878,0.4,"[[412 588]
 [603 397]]"
mnist,grads,13,RandomForest,0.0945,0.088,0.0891590678824721,0.0885757423251132,"[[101 899]
 [912  88]]"
mnist,grads,14,HistGradientBoosting,0.1115,0.097,0.0998970133882595,0.0984271943176052,"[[126 874]
 [903  97]]"
mnist,grads,14,GradientBoosting,0.418,0.242,0.3734567901234568,0.2936893203883495,"[[594 406]
 [758 242]]"
mnist,grads,14,RandomForest,0.0975,0.089,0.0905391658189216,0.0897629853756934,"[[106 894]
 [911  89]]"
mnist,grads,15,HistGradientBoosting,0.116,0.104,0.1065573770491803,0.1052631578947368,"[[128 872]
 [896 104]]"
mnist,grads,15,GradientBoosting,0.4205,0.209,0.3622183708838821,0.2650602409638554,"[[632 368]
 [791 209]]"
mnist,grads,15,RandomForest,0.096,0.083,0.0852156057494866,0.0840932117527862,"[[109 891]
 [917  83]]"
mnist,grads,16,HistGradientBoosting,0.1425,0.139,0.1399798590130916,0.1394882087305569,"[[146 854]
 [861 139]]"
mnist,grads,16,GradientBoosting,0.43,0.192,0.366412213740458,0.2519685039370078,"[[668 332]
 [808 192]]"
mnist,grads,16,RandomForest,0.0975,0.088,0.0897043832823649,0.0888440181726401,"[[107 893]
 [912  88]]"
mnist,grads,17,HistGradientBoosting,0.169,0.163,0.1649797570850202,0.1639839034205231,"[[175 825]
 [837 163]]"
mnist,grads,17,GradientBoosting,0.426,0.147,0.332579185520362,0.203883495145631,"[[705 295]
 [853 147]]"
mnist,grads,17,RandomForest,0.099,0.086,0.0882956878850102,0.0871327254305977,"[[112 888]
 [914  86]]"
mnist,grads,18,HistGradientBoosting,0.2355,0.23,0.2325581395348837,0.2312719959778783,"[[241 759]
 [770 230]]"
mnist,grads,18,GradientBoosting,0.4355,0.485,0.4413102820746132,0.4621248213434969,"[[386 614]
 [515 485]]"
mnist,grads,18,RandomForest,0.119,0.099,0.103125,0.1010204081632653,"[[139 861]
 [901  99]]"
mnist,grads,19,HistGradientBoosting,0.3055,0.293,0.3005128205128205,0.2967088607594936,"[[318 682]
 [707 293]]"
mnist,grads,19,GradientBoosting,0.436,0.438,0.4362549800796813,0.437125748502994,"[[434 566]
 [562 438]]"
mnist,grads,19,RandomForest,0.2135,0.175,0.189599133261105,0.1820072802912116,"[[252 748]
 [825 175]]"
mnist,grads,20,HistGradientBoosting,0.432,0.411,0.4290187891440501,0.4198161389172625,"[[453 547]
 [589 411]]"
mnist,grads,20,GradientBoosting,0.47,0.461,0.4694501018329939,0.4651866801210898,"[[479 521]
 [539 461]]"
mnist,grads,20,RandomForest,0.427,0.367,0.4170454545454545,0.3904255319148936,"[[487 513]
 [633 367]]"
mnist,grads,21,HistGradientBoosting,0.5895,0.531,0.6013590033975085,0.5639936271906532,"[[648 352]
 [469 531]]"
mnist,grads,21,GradientBoosting,0.549,0.487,0.5559360730593608,0.5191897654584221,"[[611 389]
 [513 487]]"
mnist,grads,21,RandomForest,0.695,0.625,0.7267441860465116,0.6720430107526881,"[[765 235]
 [375 625]]"
mnist,grads,22,HistGradientBoosting,0.7875,0.74,0.8176795580110497,0.7769028871391076,"[[835 165]
 [260 740]]"
mnist,grads,22,GradientBoosting,0.6675,0.618,0.6859045504994451,0.6501841136244082,"[[717 283]
 [382 618]]"
mnist,grads,22,RandomForest,0.8855,0.851,0.9140708915145004,0.8814085965820817,"[[920  80]
 [149 851]]"
mnist,grads,23,HistGradientBoosting,0.884,0.835,0.925720620842572,0.8780231335436383,"[[933  67]
 [165 835]]"
mnist,grads,23,GradientBoosting,0.76,0.718,0.7838427947598253,0.7494780793319415,"[[802 198]
 [282 718]]"
mnist,grads,23,RandomForest,0.922,0.879,0.9617067833698032,0.9184952978056428,"[[965  35]
 [121 879]]"
mnist,losses,1,HistGradientBoosting,0.396,0.435,0.4035250463821892,0.4186717998075072,"[[357 643]
 [565 435]]"
mnist,losses,1,GradientBoosting,0.4445,0.417,0.4412698412698412,0.4287917737789202,"[[472 528]
 [583 417]]"
mnist,losses,1,RandomForest,0.2845,0.273,0.2794268167860798,0.2761760242792109,"[[296 704]
 [727 273]]"
mnist,losses,2,HistGradientBoosting,0.3945,0.402,0.3960591133004926,0.3990074441687345,"[[387 613]
 [598 402]]"
mnist,losses,2,GradientBoosting,0.4245,0.43,0.4253214638971315,0.4276479363500745,"[[419 581]
 [570 430]]"
mnist,losses,2,RandomForest,0.2825,0.261,0.2727272727272727,0.2667347981604496,"[[304 696]
 [739 261]]"
mnist,losses,3,HistGradientBoosting,0.398,0.417,0.4017341040462427,0.409224730127576,"[[379 621]
 [583 417]]"
mnist,losses,3,GradientBoosting,0.449,0.41,0.4446854663774403,0.4266389177939645,"[[488 512]
 [590 410]]"
mnist,losses,3,RandomForest,0.274,0.263,0.2689161554192229,0.2659251769464105,"[[285 715]
 [737 263]]"
mnist,losses,4,HistGradientBoosting,0.397,0.43,0.4033771106941838,0.4162633107454017,"[[364 636]
 [570 430]]"
mnist,losses,4,GradientBoosting,0.446,0.39,0.4391891891891892,0.413135593220339,"[[502 498]
 [610 390]]"
mnist,losses,4,RandomForest,0.292,0.281,0.287321063394683,0.2841253791708796,"[[303 697]
 [719 281]]"
mnist,losses,5,HistGradientBoosting,0.393,0.385,0.391260162601626,0.3881048387096774,"[[401 599]
 [615 385]]"
mnist,losses,5,GradientBoosting,0.453,0.574,0.4621578099838969,0.512042818911686,"[[332 668]
 [426 574]]"
mnist,losses,5,RandomForest,0.3025,0.294,0.2990844354018311,0.2965204236006051,"[[311 689]
 [706 294]]"
mnist,losses,6,HistGradientBoosting,0.3965,0.438,0.4044321329639889,0.4205472875660105,"[[355 645]
 [562 438]]"
mnist,losses,6,GradientBoosting,0.4455,0.405,0.4406964091403699,0.4220948410630536,"[[486 514]
 [595 405]]"
mnist,losses,6,RandomForest,0.289,0.278,0.2842535787321063,0.2810920121334681,"[[300 700]
 [722 278]]"
mnist,losses,7,HistGradientBoosting,0.3975,0.412,0.4003887269193392,0.4061113849186791,"[[383 617]
 [588 412]]"
mnist,losses,7,GradientBoosting,0.444,0.551,0.4538714991762768,0.4977416440831075,"[[337 663]
 [449 551]]"
mnist,losses,7,RandomForest,0.317,0.325,0.3198818897637795,0.3224206349206349,"[[309 691]
 [675 325]]"
mnist,losses,8,HistGradientBoosting,0.3965,0.405,0.3982300884955752,0.4015865146256817,"[[388 612]
 [595 405]]"
mnist,losses,8,GradientBoosting,0.4315,0.424,0.4304568527918782,0.4272040302267003,"[[439 561]
 [576 424]]"
mnist,losses,8,RandomForest,0.305,0.302,0.3038229376257545,0.3029087261785356,"[[308 692]
 [698 302]]"
mnist,losses,9,HistGradientBoosting,0.393,0.409,0.3963178294573643,0.4025590551181102,"[[377 623]
 [591 409]]"
mnist,losses,9,GradientBoosting,0.436,0.43,0.4352226720647773,0.4325955734406438,"[[442 558]
 [570 430]]"
mnist,losses,9,RandomForest,0.3105,0.309,0.3099297893681043,0.3094641962944417,"[[312 688]
 [691 309]]"
mnist,losses,10,HistGradientBoosting,0.394,0.405,0.3962818003913894,0.400593471810089,"[[383 617]
 [595 405]]"
mnist,losses,10,GradientBoosting,0.4385,0.574,0.4516129032258064,0.5055041831792162,"[[303 697]
 [426 574]]"
mnist,losses,10,RandomForest,0.2985,0.304,0.3006923837784372,0.3023371456986573,"[[293 707]
 [696 304]]"
mnist,losses,11,HistGradientBoosting,0.399,0.436,0.4059590316573557,0.420443587270974,"[[362 638]
 [564 436]]"
mnist,losses,11,GradientBoosting,0.4395,0.55,0.4504504504504504,0.4952723998199009,"[[329 671]
 [450 550]]"
mnist,losses,11,RandomForest,0.317,0.319,0.3177290836653386,0.3183632734530938,"[[315 685]
 [681 319]]"
mnist,losses,12,HistGradientBoosting,0.4105,0.426,0.4131910766246363,0.4194977843426883,"[[395 605]
 [574 426]]"
mnist,losses,12,GradientBoosting,0.4485,0.438,0.4473953013278856,0.4426478019201617,"[[459 541]
 [562 438]]"
mnist,losses,12,RandomForest,0.4535,0.459,0.4540059347181009,0.4564893088015912,"[[448 552]
 [541 459]]"
mnist,losses,13,HistGradientBoosting,0.4005,0.405,0.4013875123885034,0.4031856645097063,"[[396 604]
 [595 405]]"
mnist,losses,13,GradientBoosting,0.45,0.406,0.4451754385964912,0.4246861924686193,"[[494 506]
 [594 406]]"
mnist,losses,13,RandomForest,0.3955,0.395,0.3953953953953954,0.3951975987993997,"[[396 604]
 [605 395]]"
mnist,losses,14,HistGradientBoosting,0.4065,0.408,0.4067796610169492,0.4073889166250624,"[[405 595]
 [592 408]]"
mnist,losses,14,GradientBoosting,0.449,0.42,0.445859872611465,0.4325437693099896,"[[478 522]
 [580 420]]"
mnist,losses,14,RandomForest,0.4045,0.401,0.4038267875125881,0.4024084295032614,"[[408 592]
 [599 401]]"
mnist,losses,15,HistGradientBoosting,0.4365,0.458,0.439117929050815,0.4483602545276554,"[[415 585]
 [542 458]]"
mnist,losses,15,GradientBoosting,0.4645,0.439,0.4625922023182297,0.4504874294510005,"[[490 510]
 [561 439]]"
mnist,losses,15,RandomForest,0.4755,0.48,0.4757185332011893,0.4778496764559482,"[[471 529]
 [520 480]]"
mnist,losses,16,HistGradientBoosting,0.4915,0.501,0.4916584887144259,0.4962852897473997,"[[482 518]
 [499 501]]"
mnist,losses,16,GradientBoosting,0.4905,0.44,0.489432703003337,0.4634017904160084,"[[541 459]
 [560 440]]"
mnist,losses,16,RandomForest,0.499,0.483,0.4989669421487603,0.4908536585365854,"[[515 485]
 [517 483]]"
mnist,losses,17,HistGradientBoosting,0.4565,0.431,0.4541622760800843,0.4422780913288866,"[[482 518]
 [569 431]]"
mnist,losses,17,GradientBoosting,0.4805,0.501,0.4812680115273775,0.4909358157765801,"[[460 540]
 [499 501]]"
mnist,losses,17,RandomForest,0.497,0.53,0.4971857410881801,0.5130687318489835,"[[464 536]
 [470 530]]"
mnist,losses,18,HistGradientBoosting,0.487,0.476,0.4867075664621677,0.4812942366026289,"[[498 502]
 [524 476]]"
mnist,losses,18,GradientBoosting,0.488,0.425,0.4862700228832952,0.4535752401280682,"[[551 449]
 [575 425]]"
mnist,losses,18,RandomForest,0.4895,0.489,0.4894894894894895,0.4892446223111555,"[[490 510]
 [511 489]]"
mnist,losses,19,HistGradientBoosting,0.4825,0.447,0.4811625403659849,0.463452566096423,"[[518 482]
 [553 447]]"
mnist,losses,19,GradientBoosting,0.4755,0.383,0.4699386503067485,0.422038567493113,"[[568 432]
 [617 383]]"
mnist,losses,19,RandomForest,0.5025,0.489,0.5025693730729702,0.4956918398378104,"[[516 484]
 [511 489]]"
mnist,losses,20,HistGradientBoosting,0.537,0.482,0.5415730337078651,0.51005291005291,"[[592 408]
 [518 482]]"
mnist,losses,20,GradientBoosting,0.534,0.426,0.5433673469387755,0.4775784753363228,"[[642 358]
 [574 426]]"
mnist,losses,20,RandomForest,0.487,0.479,0.4867886178861789,0.4828629032258064,"[[495 505]
 [521 479]]"
mnist,losses,21,HistGradientBoosting,0.5585,0.632,0.5510026155187445,0.5887284583139264,"[[485 515]
 [368 632]]"
mnist,losses,21,GradientBoosting,0.5725,0.724,0.555640828856485,0.6287451150673036,"[[421 579]
 [276 724]]"
mnist,losses,21,RandomForest,0.4965,0.508,0.4965786901270772,0.5022244191794365,"[[485 515]
 [492 508]]"
mnist,losses,22,HistGradientBoosting,0.7875,0.923,0.7261998426435877,0.8128577719066491,"[[652 348]
 [ 77 923]]"
mnist,losses,22,GradientBoosting,0.7895,0.917,0.7306772908366533,0.8133037694013304,"[[662 338]
 [ 83 917]]"
mnist,losses,22,RandomForest,0.691,0.685,0.6933198380566802,0.6891348088531186,"[[697 303]
 [315 685]]"
mnist,losses,23,HistGradientBoosting,0.988,0.995,0.9812623274161736,0.9880834160873884,"[[981  19]
 [  5 995]]"
mnist,losses,23,GradientBoosting,0.9865,0.995,0.9783677482792528,0.9866137828458106,"[[978  22]
 [  5 995]]"
mnist,losses,23,RandomForest,0.9825,0.986,0.9791459781529296,0.9825610363726957,"[[979  21]
 [ 14 986]]"
mnist,weights,1,HistGradientBoosting,0.112,0.104,0.1056910569105691,0.1048387096774193,"[[120 880]
 [896 104]]"
mnist,weights,1,RandomForest,0.096,0.086,0.0877551020408163,0.0868686868686868,"[[106 894]
 [914  86]]"
mnist,weights,2,HistGradientBoosting,0.116,0.113,0.1136820925553319,0.1133400200601805,"[[119 881]
 [887 113]]"
mnist,weights,2,RandomForest,0.096,0.087,0.0885947046843177,0.0877901109989909,"[[105 895]
 [913  87]]"
mnist,weights,3,HistGradientBoosting,0.1125,0.103,0.1049949031600407,0.1039878849066128,"[[122 878]
 [897 103]]"
mnist,weights,3,RandomForest,0.096,0.086,0.0877551020408163,0.0868686868686868,"[[106 894]
 [914  86]]"
mnist,weights,4,HistGradientBoosting,0.116,0.105,0.107361963190184,0.1061678463094034,"[[127 873]
 [895 105]]"
mnist,weights,4,RandomForest,0.096,0.085,0.0869120654396728,0.0859453993933265,"[[107 893]
 [915  85]]"
mnist,weights,5,HistGradientBoosting,0.1145,0.099,0.1021671826625387,0.1005586592178771,"[[130 870]
 [901  99]]"
mnist,weights,5,RandomForest,0.096,0.08,0.0826446280991735,0.08130081300813,"[[112 888]
 [920  80]]"
mnist,weights,6,HistGradientBoosting,0.117,0.099,0.1026970954356846,0.1008146639511201,"[[135 865]
 [901  99]]"
mnist,weights,6,RandomForest,0.096,0.089,0.0902636916835699,0.0896273917421953,"[[103 897]
 [911  89]]"
mnist,weights,7,HistGradientBoosting,0.112,0.105,0.1064908722109533,0.1057401812688821,"[[119 881]
 [895 105]]"
mnist,weights,7,RandomForest,0.096,0.086,0.0877551020408163,0.0868686868686868,"[[106 894]
 [914  86]]"
mnist,weights,8,HistGradientBoosting,0.1215,0.103,0.106957424714434,0.1049414161996943,"[[140 860]
 [897 103]]"
mnist,weights,8,RandomForest,0.0965,0.088,0.0895218718209562,0.0887544125063035,"[[105 895]
 [912  88]]"
mnist,weights,9,HistGradientBoosting,0.115,0.107,0.1087398373983739,0.1078629032258064,"[[123 877]
 [893 107]]"
mnist,weights,9,RandomForest,0.096,0.087,0.0885947046843177,0.0877901109989909,"[[105 895]
 [913  87]]"
mnist,weights,10,HistGradientBoosting,0.12,0.121,0.1207584830339321,0.1208791208791208,"[[119 881]
 [879 121]]"
mnist,weights,10,RandomForest,0.0955,0.085,0.08682328907048,0.0859019706922688,"[[106 894]
 [915  85]]"
mnist,weights,11,HistGradientBoosting,0.1125,0.112,0.1121121121121121,0.1120560280140069,"[[113 887]
 [888 112]]"
mnist,weights,11,RandomForest,0.096,0.098,0.097609561752988,0.0978043912175648,"[[ 94 906]
 [902  98]]"
mnist,weights,12,HistGradientBoosting,0.1155,0.11,0.1112234580384226,0.1106083459024635,"[[121 879]
 [890 110]]"
mnist,weights,12,RandomForest,0.0975,0.096,0.0962888665997993,0.0961442163244867,"[[ 99 901]
 [904  96]]"
mnist,weights,13,HistGradientBoosting,0.12,0.118,0.1184738955823293,0.1182364729458917,"[[122 878]
 [882 118]]"
mnist,weights,13,RandomForest,0.097,0.09,0.0912778904665314,0.0906344410876133,"[[104 896]
 [910  90]]"
mnist,weights,14,HistGradientBoosting,0.129,0.111,0.1151452282157676,0.1130346232179226,"[[147 853]
 [889 111]]"
mnist,weights,14,RandomForest,0.0975,0.091,0.0921985815602836,0.0915953699043784,"[[104 896]
 [909  91]]"
mnist,weights,15,HistGradientBoosting,0.1585,0.15,0.1525940996948118,0.151285930408472,"[[167 833]
 [850 150]]"
mnist,weights,15,RandomForest,0.1005,0.079,0.0825496342737722,0.0807358201328564,"[[122 878]
 [921  79]]"
mnist,weights,16,HistGradientBoosting,0.4705,0.506,0.4724556489262371,0.4886528247223563,"[[435 565]
 [494 506]]"
mnist,weights,16,RandomForest,0.107,0.103,0.1038306451612903,0.1034136546184738,"[[111 889]
 [897 103]]"
mnist,weights,17,HistGradientBoosting,0.928,0.965,0.8985102420856611,0.9305689488910318,"[[891 109]
 [ 35 965]]"
mnist,weights,17,RandomForest,0.1375,0.135,0.135678391959799,0.1353383458646616,"[[140 860]
 [865 135]]"
mnist,weights,18,HistGradientBoosting,0.997,0.999,0.9950199203187252,0.997005988023952,"[[995   5]
 [  1 999]]"
mnist,weights,18,RandomForest,0.345,0.396,0.3593466424682395,0.3767840152235966,"[[294 706]
 [604 396]]"
mnist,weights,19,HistGradientBoosting,0.9995,1.0,0.999000999000999,0.9995002498750626,"[[ 999    1]
 [   0 1000]]"
mnist,weights,19,RandomForest,0.768,0.816,0.7445255474452555,0.7786259541984731,"[[720 280]
 [184 816]]"
mnist,weights,20,HistGradientBoosting,1.0,1.0,1.0,1.0,"[[1000    0]
 [   0 1000]]"
mnist,weights,20,RandomForest,0.977,0.984,0.970414201183432,0.9771598808341608,"[[970  30]
 [ 16 984]]"
mnist,weights,21,HistGradientBoosting,0.999,0.998,1.0,0.998998998998999,"[[1000    0]
 [   2  998]]"
mnist,weights,21,RandomForest,0.999,1.0,0.998003992015968,0.9990009990009988,"[[ 998    2]
 [   0 1000]]"
mnist,weights,22,HistGradientBoosting,1.0,1.0,1.0,1.0,"[[1000    0]
 [   0 1000]]"
mnist,weights,22,RandomForest,1.0,1.0,1.0,1.0,"[[1000    0]
 [   0 1000]]"
mnist,weights,23,HistGradientBoosting,0.999,1.0,0.998003992015968,0.9990009990009988,"[[ 998    2]
 [   0 1000]]"
mnist,weights,23,RandomForest,1.0,1.0,1.0,1.0,"[[1000    0]
 [   0 1000]]"
stl10,grads,1,HistGradientBoosting,0.115,0.108,0.1095334685598377,0.1087613293051359,"[[122 878]
 [892 108]]"
stl10,grads,1,GradientBoosting,0.2595,0.27,0.2644466209598433,0.2671944581890153,"[[249 751]
 [730 270]]"
stl10,grads,1,RandomForest,0.096,0.09,0.0910931174089068,0.090543259557344,"[[102 898]
 [910  90]]"
stl10,grads,2,HistGradientBoosting,0.115,0.108,0.1095334685598377,0.1087613293051359,"[[122 878]
 [892 108]]"
stl10,grads,2,GradientBoosting,0.2645,0.292,0.2767772511848341,0.2841849148418491,"[[237 763]
 [708 292]]"
stl10,grads,2,RandomForest,0.096,0.094,0.0943775100401606,0.094188376753507,"[[ 98 902]
 [906  94]]"
stl10,grads,3,HistGradientBoosting,0.113,0.1,0.1026694045174538,0.1013171225937183,"[[126 874]
 [900 100]]"
stl10,grads,3,GradientBoosting,0.2595,0.27,0.2644466209598433,0.2671944581890153,"[[249 751]
 [730 270]]"
stl10,grads,3,RandomForest,0.096,0.091,0.0919191919191919,0.0914572864321607,"[[101 899]
 [909  91]]"
stl10,grads,4,HistGradientBoosting,0.113,0.105,0.1067073170731707,0.1058467741935483,"[[121 879]
 [895 105]]"
stl10,grads,4,GradientBoosting,0.2685,0.296,0.2805687203791469,0.2880778588807785,"[[241 759]
 [704 296]]"
stl10,grads,4,RandomForest,0.096,0.089,0.0902636916835699,0.0896273917421953,"[[103 897]
 [911  89]]"
stl10,grads,5,HistGradientBoosting,0.1155,0.105,0.1072522982635342,0.1061141990904497,"[[126 874]
 [895 105]]"
stl10,grads,5,GradientBoosting,0.2665,0.286,0.2752646775745909,0.2805296714075527,"[[247 753]
 [714 286]]"
stl10,grads,5,RandomForest,0.096,0.092,0.0927419354838709,0.0923694779116466,"[[100 900]
 [908  92]]"
stl10,grads,6,HistGradientBoosting,0.1145,0.113,0.1133400200601805,0.1131697546319479,"[[116 884]
 [887 113]]"
stl10,grads,6,GradientBoosting,0.278,0.282,0.2797619047619047,0.2808764940239044,"[[274 726]
 [718 282]]"
stl10,grads,6,RandomForest,0.096,0.094,0.0943775100401606,0.094188376753507,"[[ 98 902]
 [906  94]]"
stl10,grads,7,HistGradientBoosting,0.1105,0.102,0.103763987792472,0.1028744326777609,"[[119 881]
 [898 102]]"
stl10,grads,7,GradientBoosting,0.2645,0.288,0.2750716332378223,0.2813873961895456,"[[241 759]
 [712 288]]"
stl10,grads,7,RandomForest,0.096,0.09,0.0910931174089068,0.090543259557344,"[[102 898]
 [910  90]]"
stl10,grads,8,HistGradientBoosting,0.113,0.101,0.103483606557377,0.1022267206477732,"[[125 875]
 [899 101]]"
stl10,grads,8,GradientBoosting,0.2755,0.3,0.2859866539561487,0.2928257686676427,"[[251 749]
 [700 300]]"
stl10,grads,8,RandomForest,0.096,0.082,0.0843621399176954,0.0831643002028397,"[[110 890]
 [918  82]]"
stl10,grads,9,HistGradientBoosting,0.1155,0.111,0.1120080726538849,0.1115017579105977,"[[120 880]
 [889 111]]"
stl10,grads,9,GradientBoosting,0.2685,0.286,0.2763285024154589,0.281081081081081,"[[251 749]
 [714 286]]"
stl10,grads,9,RandomForest,0.096,0.09,0.0910931174089068,0.090543259557344,"[[102 898]
 [910  90]]"
stl10,grads,10,HistGradientBoosting,0.118,0.113,0.1141414141414141,0.1135678391959799,"[[123 877]
 [887 113]]"
stl10,grads,10,GradientBoosting,0.279,0.316,0.2942271880819367,0.3047251687560269,"[[242 758]
 [684 316]]"
stl10,grads,10,RandomForest,0.096,0.089,0.0902636916835699,0.0896273917421953,"[[103 897]
 [911  89]]"
stl10,grads,11,HistGradientBoosting,0.117,0.111,0.1123481781376518,0.1116700201207243,"[[123 877]
 [889 111]]"
stl10,grads,11,GradientBoosting,0.279,0.31,0.2919020715630885,0.3006789524733269,"[[248 752]
 [690 310]]"
stl10,grads,11,RandomForest,0.096,0.085,0.0869120654396728,0.0859453993933265,"[[107 893]
 [915  85]]"
stl10,grads,12,HistGradientBoosting,0.1165,0.11,0.1114488348530901,0.1107196779063915,"[[123 877]
 [890 110]]"
stl10,grads,12,GradientBoosting,0.2815,0.302,0.2901056676272814,0.2959333659970602,"[[261 739]
 [698 302]]"
stl10,grads,12,RandomForest,0.0965,0.086,0.0878447395301327,0.0869125821121778,"[[107 893]
 [914  86]]"
stl10,grads,13,HistGradientBoosting,0.119,0.111,0.1128048780487804,0.1118951612903225,"[[127 873]
 [889 111]]"
stl10,grads,13,GradientBoosting,0.303,0.329,0.3127376425855513,0.3206627680311891,"[[277 723]
 [671 329]]"
stl10,grads,13,RandomForest,0.0955,0.089,0.0901722391084093,0.0895822848515349,"[[102 898]
 [911  89]]"
stl10,grads,14,HistGradientBoosting,0.1225,0.122,0.1221221221221221,0.1220610305152576,"[[123 877]
 [878 122]]"
stl10,grads,14,GradientBoosting,0.3215,0.327,0.3234421364985163,0.3252113376429637,"[[316 684]
 [673 327]]"
stl10,grads,14,RandomForest,0.098,0.087,0.0889570552147239,0.0879676440849342,"[[109 891]
 [913  87]]"
stl10,grads,15,HistGradientBoosting,0.1215,0.117,0.1180625630676084,0.1175288799598191,"[[126 874]
 [883 117]]"
stl10,grads,15,GradientBoosting,0.3255,0.341,0.3307468477206595,0.3357951747907434,"[[310 690]
 [659 341]]"
stl10,grads,15,RandomForest,0.0975,0.087,0.0888661899897855,0.0879231935320869,"[[108 892]
 [913  87]]"
stl10,grads,16,HistGradientBoosting,0.136,0.123,0.1262833675564681,0.1246200607902735,"[[149 851]
 [877 123]]"
stl10,grads,16,GradientBoosting,0.373,0.49,0.3970826580226904,0.4386750223813787,"[[256 744]
 [510 490]]"
stl10,grads,16,RandomForest,0.0975,0.081,0.0837642192347466,0.0823589222165734,"[[114 886]
 [919  81]]"
stl10,grads,17,HistGradientBoosting,0.15,0.145,0.1464646464646464,0.1457286432160804,"[[155 845]
 [855 145]]"
stl10,grads,17,GradientBoosting,0.3765,0.456,0.3934426229508196,0.4224177860120426,"[[297 703]
 [544 456]]"
stl10,grads,17,RandomForest,0.1025,0.091,0.0931422722620266,0.0920586747597369,"[[114 886]
 [909  91]]"
stl10,grads,18,HistGradientBoosting,0.194,0.195,0.1946107784431137,0.1948051948051948,"[[193 807]
 [805 195]]"
stl10,grads,18,GradientBoosting,0.3865,0.499,0.4073469387755102,0.4485393258426966,"[[274 726]
 [501 499]]"
stl10,grads,18,RandomForest,0.151,0.117,0.1255364806866953,0.1211180124223602,"[[185 815]
 [883 117]]"
stl10,grads,19,HistGradientBoosting,0.277,0.283,0.2796442687747035,0.2813121272365805,"[[271 729]
 [717 283]]"
stl10,grads,19,GradientBoosting,0.4245,0.535,0.4381654381654382,0.4817649707339037,"[[314 686]
 [465 535]]"
stl10,grads,19,RandomForest,0.2855,0.25,0.2691065662002153,0.2592016588906169,"[[321 679]
 [750 250]]"
stl10,grads,20,HistGradientBoosting,0.4685,0.506,0.4706976744186046,0.487710843373494,"[[431 569]
 [494 506]]"
stl10,grads,20,GradientBoosting,0.499,0.653,0.4992354740061162,0.5658578856152513,"[[345 655]
 [347 653]]"
stl10,grads,20,RandomForest,0.5405,0.495,0.5445544554455446,0.5185961236249345,"[[586 414]
 [505 495]]"
stl10,grads,21,HistGradientBoosting,0.632,0.63,0.6325301204819277,0.6312625250501002,"[[634 366]
 [370 630]]"
stl10,grads,21,GradientBoosting,0.5495,0.454,0.5611866501854141,0.5019347705914871,"[[645 355]
 [546 454]]"
stl10,grads,21,RandomForest,0.778,0.739,0.8015184381778742,0.7689906347554631,"[[817 183]
 [261 739]]"
stl10,grads,22,HistGradientBoosting,0.825,0.773,0.8627232142857143,0.8154008438818565,"[[877 123]
 [227 773]]"
stl10,grads,22,GradientBoosting,0.6795,0.582,0.7229813664596273,0.6448753462603878,"[[777 223]
 [418 582]]"
stl10,grads,22,RandomForest,0.921,0.901,0.9385416666666668,0.9193877551020408,"[[941  59]
 [ 99 901]]"
stl10,grads,23,HistGradientBoosting,0.933,0.895,0.9686147186147186,0.9303534303534304,"[[971  29]
 [105 895]]"
stl10,grads,23,GradientBoosting,0.81,0.723,0.8753026634382567,0.791894852135816,"[[897 103]
 [277 723]]"
stl10,grads,23,RandomForest,0.9785,0.961,0.9958549222797928,0.9781170483460558,"[[996   4]
 [ 39 961]]"
stl10,losses,1,HistGradientBoosting,0.3885,0.41,0.3930968360498562,0.4013705335291238,"[[367 633]
 [590 410]]"
stl10,losses,1,GradientBoosting,0.4385,0.634,0.4557872034507548,0.5303220409870347,"[[243 757]
 [366 634]]"
stl10,losses,1,RandomForest,0.316,0.329,0.3206627680311891,0.3247778874629813,"[[303 697]
 [671 329]]"
stl10,losses,2,HistGradientBoosting,0.3855,0.4,0.3887269193391642,0.3942828979793002,"[[371 629]
 [600 400]]"
stl10,losses,2,GradientBoosting,0.444,0.697,0.4628154050464807,0.5562649640861932,"[[191 809]
 [303 697]]"
stl10,losses,2,RandomForest,0.317,0.304,0.3121149897330595,0.3080040526849038,"[[330 670]
 [696 304]]"
stl10,losses,3,HistGradientBoosting,0.3875,0.422,0.3947614593077642,0.4079265345577573,"[[353 647]
 [578 422]]"
stl10,losses,3,GradientBoosting,0.4255,0.556,0.4409199048374306,0.4918177797434763,"[[295 705]
 [444 556]]"
stl10,losses,3,RandomForest,0.3255,0.319,0.3232016210739615,0.3210870659285355,"[[332 668]
 [681 319]]"
stl10,losses,4,HistGradientBoosting,0.3865,0.414,0.3924170616113744,0.4029197080291971,"[[359 641]
 [586 414]]"
stl10,losses,4,GradientBoosting,0.4325,0.659,0.4535443909153475,0.5373012637586628,"[[206 794]
 [341 659]]"
stl10,losses,4,RandomForest,0.331,0.341,0.334313725490196,0.3376237623762376,"[[321 679]
 [659 341]]"
stl10,losses,5,HistGradientBoosting,0.394,0.432,0.4014869888475836,0.4161849710982659,"[[356 644]
 [568 432]]"
stl10,losses,5,GradientBoosting,0.434,0.556,0.4469453376205787,0.4955436720142602,"[[312 688]
 [444 556]]"
stl10,losses,5,RandomForest,0.321,0.33,0.3241650294695481,0.3270564915758176,"[[312 688]
 [670 330]]"
stl10,losses,6,HistGradientBoosting,0.3875,0.374,0.3843782117163412,0.3791180942726812,"[[401 599]
 [626 374]]"
stl10,losses,6,GradientBoosting,0.4375,0.615,0.4538745387453874,0.5222929936305731,"[[260 740]
 [385 615]]"
stl10,losses,6,RandomForest,0.3105,0.297,0.3052415210688592,0.3010643689812468,"[[324 676]
 [703 297]]"
stl10,losses,7,HistGradientBoosting,0.3875,0.422,0.3947614593077642,0.4079265345577573,"[[353 647]
 [578 422]]"
stl10,losses,7,GradientBoosting,0.433,0.65,0.4532775453277545,0.5341002465078061,"[[216 784]
 [350 650]]"
stl10,losses,7,RandomForest,0.3275,0.313,0.3223480947476828,0.3176052765093861,"[[342 658]
 [687 313]]"
stl10,losses,8,HistGradientBoosting,0.387,0.416,0.3931947069943289,0.4042759961127308,"[[358 642]
 [584 416]]"
stl10,losses,8,GradientBoosting,0.4335,0.656,0.4539792387543253,0.5366053169734152,"[[211 789]
 [344 656]]"
stl10,losses,8,RandomForest,0.3145,0.321,0.3168805528134255,0.3189269746646796,"[[308 692]
 [679 321]]"
stl10,losses,9,HistGradientBoosting,0.388,0.405,0.3916827852998066,0.3982300884955753,"[[371 629]
 [595 405]]"
stl10,losses,9,GradientBoosting,0.4315,0.604,0.4490706319702602,0.5151385927505331,"[[259 741]
 [396 604]]"
stl10,losses,9,RandomForest,0.314,0.326,0.318359375,0.3221343873517786,"[[302 698]
 [674 326]]"
stl10,losses,10,HistGradientBoosting,0.385,0.412,0.3908918406072106,0.4011684518013632,"[[358 642]
 [588 412]]"
stl10,losses,10,GradientBoosting,0.4405,0.678,0.4596610169491525,0.547878787878788,"[[203 797]
 [322 678]]"
stl10,losses,10,RandomForest,0.3365,0.348,0.3401759530791788,0.3440434997528422,"[[325 675]
 [652 348]]"
stl10,losses,11,HistGradientBoosting,0.389,0.425,0.396455223880597,0.4102316602316602,"[[353 647]
 [575 425]]"
stl10,losses,11,GradientBoosting,0.433,0.659,0.4538567493112947,0.5375203915171288,"[[207 793]
 [341 659]]"
stl10,losses,11,RandomForest,0.344,0.334,0.3408163265306122,0.3373737373737374,"[[354 646]
 [666 334]]"
stl10,losses,12,HistGradientBoosting,0.3935,0.441,0.4027397260273972,0.4210023866348448,"[[346 654]
 [559 441]]"
stl10,losses,12,GradientBoosting,0.4445,0.691,0.4628265237776289,0.5543521861211391,"[[198 802]
 [309 691]]"
stl10,losses,12,RandomForest,0.407,0.41,0.4075546719681908,0.4087736789631107,"[[404 596]
 [590 410]]"
stl10,losses,13,HistGradientBoosting,0.393,0.4,0.3944773175542406,0.3972194637537239,"[[386 614]
 [600 400]]"
stl10,losses,13,GradientBoosting,0.448,0.653,0.4631205673758865,0.5419087136929461,"[[243 757]
 [347 653]]"
stl10,losses,13,RandomForest,0.3945,0.388,0.3931104356636271,0.3905385002516356,"[[401 599]
 [612 388]]"
stl10,losses,14,HistGradientBoosting,0.4025,0.399,0.4018126888217522,0.4004014049172102,"[[406 594]
 [601 399]]"
stl10,losses,14,GradientBoosting,0.4445,0.627,0.4593406593406593,0.530232558139535,"[[262 738]
 [373 627]]"
stl10,losses,14,RandomForest,0.4265,0.443,0.4288480154888673,0.4358091490408263,"[[410 590]
 [557 443]]"
stl10,losses,15,HistGradientBoosting,0.419,0.41,0.4175152749490835,0.4137235116044399,"[[428 572]
 [590 410]]"
stl10,losses,15,GradientBoosting,0.445,0.634,0.4600870827285921,0.5332211942809083,"[[256 744]
 [366 634]]"
stl10,losses,15,RandomForest,0.457,0.458,0.4570858283433133,0.4575424575424575,"[[456 544]
 [542 458]]"
stl10,losses,16,HistGradientBoosting,0.4885,0.527,0.489322191272052,0.5074626865671641,"[[450 550]
 [473 527]]"
stl10,losses,16,GradientBoosting,0.4975,0.793,0.4984286612193589,0.6121188730219993,"[[202 798]
 [207 793]]"
stl10,losses,16,RandomForest,0.5035,0.495,0.503560528992879,0.4992435703479576,"[[512 488]
 [505 495]]"
stl10,losses,17,HistGradientBoosting,0.476,0.478,0.4760956175298805,0.4770459081836327,"[[474 526]
 [522 478]]"
stl10,losses,17,GradientBoosting,0.4745,0.723,0.4829659318637274,0.579094913896676,"[[226 774]
 [277 723]]"
stl10,losses,17,RandomForest,0.4935,0.498,0.4935579781962338,0.4957690393230463,"[[489 511]
 [502 498]]"
stl10,losses,18,HistGradientBoosting,0.4925,0.5,0.4926108374384236,0.4962779156327543,"[[485 515]
 [500 500]]"
stl10,losses,18,GradientBoosting,0.4815,0.687,0.4868887313961729,0.5698880132725012,"[[276 724]
 [313 687]]"
stl10,losses,18,RandomForest,0.491,0.47,0.4906054279749478,0.4800817160367722,"[[512 488]
 [530 470]]"
stl10,losses,19,HistGradientBoosting,0.485,0.469,0.484504132231405,0.4766260162601626,"[[501 499]
 [531 469]]"
stl10,losses,19,GradientBoosting,0.4835,0.698,0.4884534639608117,0.5747221078633182,"[[269 731]
 [302 698]]"
stl10,losses,19,RandomForest,0.5,0.488,0.5,0.4939271255060729,"[[512 488]
 [512 488]]"
stl10,losses,20,HistGradientBoosting,0.5415,0.573,0.5390404515522107,0.55550169655841,"[[510 490]
 [427 573]]"
stl10,losses,20,GradientBoosting,0.5545,0.564,0.5534838076545633,0.5586924219910846,"[[545 455]
 [436 564]]"
stl10,losses,20,RandomForest,0.5215,0.532,0.5210577864838394,0.5264720435428006,"[[511 489]
 [468 532]]"
stl10,losses,21,HistGradientBoosting,0.509,0.519,0.5088235294117647,0.5138613861386139,"[[499 501]
 [481 519]]"
stl10,losses,21,GradientBoosting,0.5055,0.541,0.5051353874883286,0.522452921294061,"[[470 530]
 [459 541]]"
stl10,losses,21,RandomForest,0.496,0.524,0.4962121212121212,0.509727626459144,"[[468 532]
 [476 524]]"
stl10,losses,22,HistGradientBoosting,0.6545,0.643,0.6581371545547595,0.6504805260495701,"[[666 334]
 [357 643]]"
stl10,losses,22,GradientBoosting,0.6615,0.615,0.6780595369349504,0.6449921342422654,"[[708 292]
 [385 615]]"
stl10,losses,22,RandomForest,0.585,0.578,0.5862068965517241,0.5820745216515609,"[[592 408]
 [422 578]]"
stl10,losses,23,HistGradientBoosting,0.9815,0.976,0.98685540950455,0.9813976872800404,"[[987  13]
 [ 24 976]]"
stl10,losses,23,GradientBoosting,0.977,0.974,0.9798792756539236,0.9769307923771314,"[[980  20]
 [ 26 974]]"
stl10,losses,23,RandomForest,0.9695,0.966,0.972809667673716,0.9693928750627197,"[[973  27]
 [ 34 966]]"
stl10,weights,1,HistGradientBoosting,0.146,0.132,0.1358024691358024,0.1338742393509127,"[[160 840]
 [868 132]]"
stl10,weights,1,RandomForest,0.096,0.099,0.0984095427435387,0.098703888334995,"[[ 93 907]
 [901  99]]"
stl10,weights,2,HistGradientBoosting,0.147,0.138,0.1405295315682281,0.1392532795156408,"[[156 844]
 [862 138]]"
stl10,weights,2,RandomForest,0.096,0.098,0.097609561752988,0.0978043912175648,"[[ 94 906]
 [902  98]]"
stl10,weights,3,HistGradientBoosting,0.142,0.134,0.1361788617886178,0.1350806451612903,"[[150 850]
 [866 134]]"
stl10,weights,3,RandomForest,0.096,0.096,0.096,0.096,"[[ 96 904]
 [904  96]]"
stl10,weights,4,HistGradientBoosting,0.146,0.141,0.1424242424242424,0.1417085427135678,"[[151 849]
 [859 141]]"
stl10,weights,4,RandomForest,0.096,0.088,0.089430894308943,0.0887096774193548,"[[104 896]
 [912  88]]"
stl10,weights,5,HistGradientBoosting,0.1495,0.131,0.1360332294911734,0.1334691798267957,"[[168 832]
 [869 131]]"
stl10,weights,5,RandomForest,0.096,0.086,0.0877551020408163,0.0868686868686868,"[[106 894]
 [914  86]]"
stl10,weights,6,HistGradientBoosting,0.15,0.141,0.1435845213849287,0.1422805247225025,"[[159 841]
 [859 141]]"
stl10,weights,6,RandomForest,0.096,0.084,0.0860655737704918,0.0850202429149797,"[[108 892]
 [916  84]]"
stl10,weights,7,HistGradientBoosting,0.147,0.142,0.1434343434343434,0.1427135678391959,"[[152 848]
 [858 142]]"
stl10,weights,7,RandomForest,0.096,0.095,0.095190380761523,0.095095095095095,"[[ 97 903]
 [905  95]]"
stl10,weights,8,HistGradientBoosting,0.1455,0.139,0.1408308004052685,0.139909411172622,"[[152 848]
 [861 139]]"
stl10,weights,8,RandomForest,0.096,0.085,0.0869120654396728,0.0859453993933265,"[[107 893]
 [915  85]]"
stl10,weights,9,HistGradientBoosting,0.151,0.15,0.1503006012024048,0.1501501501501501,"[[152 848]
 [850 150]]"
stl10,weights,9,RandomForest,0.096,0.093,0.0935613682092555,0.0932798395185556,"[[ 99 901]
 [907  93]]"
stl10,weights,10,HistGradientBoosting,0.1475,0.142,0.1435793731041456,0.1427853192559074,"[[153 847]
 [858 142]]"
stl10,weights,10,RandomForest,0.095,0.078,0.0807453416149068,0.0793489318413021,"[[112 888]
 [922  78]]"
stl10,weights,11,HistGradientBoosting,0.15,0.146,0.1471774193548387,0.1465863453815261,"[[154 846]
 [854 146]]"
stl10,weights,11,RandomForest,0.096,0.088,0.089430894308943,0.0887096774193548,"[[104 896]
 [912  88]]"
stl10,weights,12,HistGradientBoosting,0.151,0.151,0.151,0.151,"[[151 849]
 [849 151]]"
stl10,weights,12,RandomForest,0.098,0.089,0.0906313645621181,0.0898082744702321,"[[107 893]
 [911  89]]"
stl10,weights,13,HistGradientBoosting,0.168,0.162,0.1639676113360323,0.1629778672032193,"[[174 826]
 [838 162]]"
stl10,weights,13,RandomForest,0.1015,0.094,0.0954314720812182,0.0947103274559194,"[[109 891]
 [906  94]]"
stl10,weights,14,HistGradientBoosting,0.2,0.201,0.2005988023952095,0.2007992007992008,"[[199 801]
 [799 201]]"
stl10,weights,14,RandomForest,0.116,0.118,0.1175298804780876,0.1177644710578842,"[[114 886]
 [882 118]]"
stl10,weights,15,HistGradientBoosting,0.275,0.281,0.2776679841897233,0.279324055666004,"[[269 731]
 [719 281]]"
stl10,weights,15,RandomForest,0.184,0.21,0.1996197718631178,0.2046783625730994,"[[158 842]
 [790 210]]"
stl10,weights,16,HistGradientBoosting,0.4385,0.442,0.4389275074478649,0.4404583956153463,"[[435 565]
 [558 442]]"
stl10,weights,16,RandomForest,0.428,0.448,0.4307692307692308,0.4392156862745098,"[[408 592]
 [552 448]]"
stl10,weights,17,HistGradientBoosting,0.7615,0.765,0.759682224428997,0.7623318385650224,"[[758 242]
 [235 765]]"
stl10,weights,17,RandomForest,0.7635,0.826,0.7342222222222222,0.7774117647058824,"[[701 299]
 [174 826]]"
stl10,weights,18,HistGradientBoosting,0.967,0.986,0.9499036608863198,0.9676153091265948,"[[948  52]
 [ 14 986]]"
stl10,weights,18,RandomForest,0.9395,0.967,0.9165876777251184,0.941119221411192,"[[912  88]
 [ 33 967]]"
stl10,weights,19,HistGradientBoosting,1.0,1.0,1.0,1.0,"[[1000    0]
 [   0 1000]]"
stl10,weights,19,RandomForest,0.9925,0.999,0.9861796643632774,0.992548435171386,"[[986  14]
 [  1 999]]"
stl10,weights,20,HistGradientBoosting,1.0,1.0,1.0,1.0,"[[1000    0]
 [   0 1000]]"
stl10,weights,20,RandomForest,0.9975,1.0,0.9950248756218906,0.9975062344139652,"[[ 995    5]
 [   0 1000]]"
stl10,weights,21,HistGradientBoosting,1.0,1.0,1.0,1.0,"[[1000    0]
 [   0 1000]]"
stl10,weights,21,RandomForest,1.0,1.0,1.0,1.0,"[[1000    0]
 [   0 1000]]"
stl10,weights,22,HistGradientBoosting,1.0,1.0,1.0,1.0,"[[1000    0]
 [   0 1000]]"
stl10,weights,22,RandomForest,1.0,1.0,1.0,1.0,"[[1000    0]
 [   0 1000]]"
stl10,weights,23,HistGradientBoosting,0.9995,1.0,0.999000999000999,0.9995002498750626,"[[ 999    1]
 [   0 1000]]"
stl10,weights,23,RandomForest,1.0,1.0,1.0,1.0,"[[1000    0]
 [   0 1000]]"
cifar10,grads,1,HistGradientBoosting,0.115,0.118,0.1172962226640159,0.1176470588235294,"[[112 888]
 [882 118]]"
cifar10,grads,1,GradientBoosting,0.3225,0.365,0.336405529953917,0.3501199040767386,"[[280 720]
 [635 365]]"
cifar10,grads,1,RandomForest,0.096,0.097,0.0968063872255489,0.0969030969030969,"[[ 95 905]
 [903  97]]"
cifar10,grads,2,HistGradientBoosting,0.115,0.116,0.1157684630738523,0.1158841158841158,"[[114 886]
 [884 116]]"
cifar10,grads,2,GradientBoosting,0.3305,0.371,0.3432007400555041,0.3565593464680442,"[[290 710]
 [629 371]]"
cifar10,grads,2,RandomForest,0.096,0.092,0.0927419354838709,0.0923694779116466,"[[100 900]
 [908  92]]"
cifar10,grads,3,HistGradientBoosting,0.1115,0.113,0.1126620139581256,0.1128307538691962,"[[110 890]
 [887 113]]"
cifar10,grads,3,GradientBoosting,0.3245,0.387,0.344,0.364235294117647,"[[262 738]
 [613 387]]"
cifar10,grads,3,RandomForest,0.096,0.09,0.0910931174089068,0.090543259557344,"[[102 898]
 [910  90]]"
cifar10,grads,4,HistGradientBoosting,0.1115,0.122,0.1194906953966699,0.1207323107372587,"[[101 899]
 [878 122]]"
cifar10,grads,4,GradientBoosting,0.3285,0.386,0.3461883408071748,0.3650118203309692,"[[271 729]
 [614 386]]"
cifar10,grads,4,RandomForest,0.096,0.093,0.0935613682092555,0.0932798395185556,"[[ 99 901]
 [907  93]]"
cifar10,grads,5,HistGradientBoosting,0.1105,0.118,0.1162561576354679,0.11712158808933,"[[103 897]
 [882 118]]"
cifar10,grads,5,GradientBoosting,0.324,0.391,0.3447971781305115,0.366447985004686,"[[257 743]
 [609 391]]"
cifar10,grads,5,RandomForest,0.096,0.102,0.1007905138339921,0.1013916500994035,"[[ 90 910]
 [898 102]]"
cifar10,grads,6,HistGradientBoosting,0.109,0.116,0.1143984220907297,0.1151936444885799,"[[102 898]
 [884 116]]"
cifar10,grads,6,GradientBoosting,0.3335,0.39,0.3504043126684636,0.3691433980123048,"[[277 723]
 [610 390]]"
cifar10,grads,6,RandomForest,0.096,0.085,0.0869120654396728,0.0859453993933265,"[[107 893]
 [915  85]]"
cifar10,grads,7,HistGradientBoosting,0.1105,0.124,0.1207400194741966,0.1223482979773063,"[[ 97 903]
 [876 124]]"
cifar10,grads,7,GradientBoosting,0.337,0.385,0.3512773722627737,0.3673664122137404,"[[289 711]
 [615 385]]"
cifar10,grads,7,RandomForest,0.096,0.09,0.0910931174089068,0.090543259557344,"[[102 898]
 [910  90]]"
cifar10,grads,8,HistGradientBoosting,0.1125,0.112,0.1121121121121121,0.1120560280140069,"[[113 887]
 [888 112]]"
cifar10,grads,8,GradientBoosting,0.336,0.398,0.3540925266903915,0.3747645951035782,"[[274 726]
 [602 398]]"
cifar10,grads,8,RandomForest,0.096,0.089,0.0902636916835699,0.0896273917421953,"[[103 897]
 [911  89]]"
cifar10,grads,9,HistGradientBoosting,0.109,0.115,0.1136363636363636,0.1143141153081511,"[[103 897]
 [885 115]]"
cifar10,grads,9,GradientBoosting,0.339,0.408,0.3585237258347979,0.3816651075771749,"[[270 730]
 [592 408]]"
cifar10,grads,9,RandomForest,0.0955,0.087,0.0885045778229908,0.0877458396369137,"[[104 896]
 [913  87]]"
cifar10,grads,10,HistGradientBoosting,0.1155,0.115,0.1151151151151151,0.1150575287643822,"[[116 884]
 [885 115]]"
cifar10,grads,10,GradientBoosting,0.351,0.389,0.3615241635687732,0.3747591522157997,"[[313 687]
 [611 389]]"
cifar10,grads,10,RandomForest,0.096,0.088,0.089430894308943,0.0887096774193548,"[[104 896]
 [912  88]]"
cifar10,grads,11,HistGradientBoosting,0.1195,0.13,0.1273261508325171,0.1286491835724888,"[[109 891]
 [870 130]]"
cifar10,grads,11,GradientBoosting,0.3575,0.414,0.3719676549865229,0.391859914813062,"[[301 699]
 [586 414]]"
cifar10,grads,11,RandomForest,0.0955,0.1,0.0991080277502477,0.0995520159283225,"[[ 91 909]
 [900 100]]"
cifar10,grads,12,HistGradientBoosting,0.1165,0.125,0.1229105211406096,0.1239464551313832,"[[108 892]
 [875 125]]"
cifar10,grads,12,GradientBoosting,0.3565,0.419,0.3724444444444444,0.3943529411764706,"[[294 706]
 [581 419]]"
cifar10,grads,12,RandomForest,0.0965,0.094,0.0944723618090452,0.094235588972431,"[[ 99 901]
 [906  94]]"
cifar10,grads,13,HistGradientBoosting,0.1195,0.12,0.1198801198801198,0.1199400299850075,"[[119 881]
 [880 120]]"
cifar10,grads,13,GradientBoosting,0.3715,0.44,0.3869832893579595,0.4117922321010763,"[[303 697]
 [560 440]]"
cifar10,grads,13,RandomForest,0.096,0.096,0.096,0.096,"[[ 96 904]
 [904  96]]"
cifar10,grads,14,HistGradientBoosting,0.117,0.111,0.1123481781376518,0.1116700201207243,"[[123 877]
 [889 111]]"
cifar10,grads,14,GradientBoosting,0.376,0.454,0.3927335640138408,0.4211502782931354,"[[298 702]
 [546 454]]"
cifar10,grads,14,RandomForest,0.097,0.098,0.0978043912175648,0.0979020979020979,"[[ 96 904]
 [902  98]]"
cifar10,grads,15,HistGradientBoosting,0.126,0.135,0.1326129666011787,0.1337958374628345,"[[117 883]
 [865 135]]"
cifar10,grads,15,GradientBoosting,0.389,0.455,0.4019434628975265,0.426829268292683,"[[323 677]
 [545 455]]"
cifar10,grads,15,RandomForest,0.0965,0.095,0.0952858575727181,0.0951427140711066,"[[ 98 902]
 [905  95]]"
cifar10,grads,16,HistGradientBoosting,0.1485,0.156,0.1536945812807881,0.1548387096774193,"[[141 859]
 [844 156]]"
cifar10,grads,16,GradientBoosting,0.3905,0.417,0.396011396011396,0.4062347783731125,"[[364 636]
 [583 417]]"
cifar10,grads,16,RandomForest,0.1,0.094,0.0951417004048583,0.0945674044265593,"[[106 894]
 [906  94]]"
cifar10,grads,17,HistGradientBoosting,0.172,0.187,0.1815533980582524,0.1842364532019704,"[[157 843]
 [813 187]]"
cifar10,grads,17,GradientBoosting,0.396,0.472,0.4097222222222222,0.4386617100371747,"[[320 680]
 [528 472]]"
cifar10,grads,17,RandomForest,0.1,0.091,0.0926680244399185,0.0918264379414732,"[[109 891]
 [909  91]]"
cifar10,grads,18,HistGradientBoosting,0.2185,0.232,0.2259006815968841,0.2289097187962506,"[[205 795]
 [768 232]]"
cifar10,grads,18,GradientBoosting,0.4005,0.466,0.4120247568523431,0.4373533552322853,"[[335 665]
 [534 466]]"
cifar10,grads,18,RandomForest,0.134,0.122,0.125,0.1234817813765182,"[[146 854]
 [878 122]]"
cifar10,grads,19,HistGradientBoosting,0.338,0.348,0.3411764705882353,0.3445544554455445,"[[328 672]
 [652 348]]"
cifar10,grads,19,GradientBoosting,0.444,0.488,0.4485294117647059,0.4674329501915709,"[[400 600]
 [512 488]]"
cifar10,grads,19,RandomForest,0.307,0.283,0.2972689075630252,0.2899590163934426,"[[331 669]
 [717 283]]"
cifar10,grads,20,HistGradientBoosting,0.6035,0.59,0.6063720452209661,0.5980739989863153,"[[617 383]
 [410 590]]"
cifar10,grads,20,GradientBoosting,0.5365,0.542,0.5361028684470821,0.5390353058180011,"[[531 469]
 [458 542]]"
cifar10,grads,20,RandomForest,0.697,0.632,0.7264367816091954,0.6759358288770054,"[[762 238]
 [368 632]]"
cifar10,grads,21,HistGradientBoosting,0.7635,0.714,0.7924528301886793,0.7511835875854813,"[[813 187]
 [286 714]]"
cifar10,grads,21,GradientBoosting,0.626,0.517,0.6611253196930946,0.5802469135802469,"[[735 265]
 [483 517]]"
cifar10,grads,21,RandomForest,0.872,0.808,0.926605504587156,0.8632478632478633,"[[936  64]
 [192 808]]"
cifar10,grads,22,HistGradientBoosting,0.884,0.811,0.949648711943794,0.8748651564185546,"[[957  43]
 [189 811]]"
cifar10,grads,22,GradientBoosting,0.7505,0.646,0.8166877370417194,0.7213847012841987,"[[855 145]
 [354 646]]"
cifar10,grads,22,RandomForest,0.958,0.928,0.9872340425531916,0.956701030927835,"[[988  12]
 [ 72 928]]"
cifar10,grads,23,HistGradientBoosting,0.9615,0.928,0.994640943193998,0.960165545783756,"[[995   5]
 [ 72 928]]"
cifar10,grads,23,GradientBoosting,0.8845,0.817,0.9445086705202312,0.8761394101876675,"[[952  48]
 [183 817]]"
cifar10,grads,23,RandomForest,0.9745,0.952,0.9968586387434556,0.9739130434782608,"[[997   3]
 [ 48 952]]"
cifar10,losses,1,HistGradientBoosting,0.392,0.38,0.3893442622950819,0.3846153846153846,"[[404 596]
 [620 380]]"
cifar10,losses,1,GradientBoosting,0.436,0.553,0.4481361426256078,0.495076096687556,"[[319 681]
 [447 553]]"
cifar10,losses,1,RandomForest,0.26,0.254,0.2570850202429149,0.255533199195171,"[[266 734]
 [746 254]]"
cifar10,losses,2,HistGradientBoosting,0.3895,0.355,0.3813104189044038,0.3676851372345934,"[[424 576]
 [645 355]]"
cifar10,losses,2,GradientBoosting,0.4335,0.549,0.4459788789601949,0.4921559838637382,"[[318 682]
 [451 549]]"
cifar10,losses,2,RandomForest,0.269,0.267,0.2680722891566265,0.2675350701402805,"[[271 729]
 [733 267]]"
cifar10,losses,3,HistGradientBoosting,0.3945,0.41,0.3976721629485936,0.4037419990152634,"[[379 621]
 [590 410]]"
cifar10,losses,3,GradientBoosting,0.435,0.533,0.4456521739130434,0.4854280510018215,"[[337 663]
 [467 533]]"
cifar10,losses,3,RandomForest,0.268,0.262,0.2651821862348178,0.2635814889336016,"[[274 726]
 [738 262]]"
cifar10,losses,4,HistGradientBoosting,0.3915,0.386,0.3902932254802831,0.3881347410759175,"[[397 603]
 [614 386]]"
cifar10,losses,4,GradientBoosting,0.439,0.549,0.45,0.4945945945945946,"[[329 671]
 [451 549]]"
cifar10,losses,4,RandomForest,0.2605,0.257,0.2588116817724068,0.2579026593075765,"[[264 736]
 [743 257]]"
cifar10,losses,5,HistGradientBoosting,0.3885,0.4,0.3910068426197458,0.3954522985664854,"[[377 623]
 [600 400]]"
cifar10,losses,5,GradientBoosting,0.43,0.503,0.4389179755671902,0.4687791239515377,"[[357 643]
 [497 503]]"
cifar10,losses,5,RandomForest,0.269,0.269,0.269,0.269,"[[269 731]
 [731 269]]"
cifar10,losses,6,HistGradientBoosting,0.39,0.381,0.3879837067209776,0.384460141271443,"[[399 601]
 [619 381]]"
cifar10,losses,6,GradientBoosting,0.4315,0.548,0.4444444444444444,0.4908195253022839,"[[315 685]
 [452 548]]"
cifar10,losses,6,RandomForest,0.2735,0.249,0.2618296529968454,0.2552537160430548,"[[298 702]
 [751 249]]"
cifar10,losses,7,HistGradientBoosting,0.3875,0.373,0.384140061791967,0.3784880771182141,"[[402 598]
 [627 373]]"
cifar10,losses,7,GradientBoosting,0.441,0.531,0.45,0.4871559633027523,"[[351 649]
 [469 531]]"
cifar10,losses,7,RandomForest,0.2735,0.269,0.2714429868819374,0.2702159718734304,"[[278 722]
 [731 269]]"
cifar10,losses,8,HistGradientBoosting,0.3955,0.41,0.3984450923226433,0.4041399704287826,"[[381 619]
 [590 410]]"
cifar10,losses,8,GradientBoosting,0.4355,0.545,0.4470877768662838,0.4912122577737719,"[[326 674]
 [455 545]]"
cifar10,losses,8,RandomForest,0.273,0.265,0.2693089430894309,0.2671370967741935,"[[281 719]
 [735 265]]"
cifar10,losses,9,HistGradientBoosting,0.3905,0.402,0.3929618768328445,0.3974295600593178,"[[379 621]
 [598 402]]"
cifar10,losses,9,GradientBoosting,0.445,0.54,0.453781512605042,0.4931506849315069,"[[350 650]
 [460 540]]"
cifar10,losses,9,RandomForest,0.264,0.253,0.2586912065439672,0.2558139534883721,"[[275 725]
 [747 253]]"
cifar10,losses,10,HistGradientBoosting,0.3905,0.387,0.3897280966767371,0.3883592574009031,"[[394 606]
 [613 387]]"
cifar10,losses,10,GradientBoosting,0.436,0.55,0.4478827361563517,0.4937163375224416,"[[322 678]
 [450 550]]"
cifar10,losses,10,RandomForest,0.291,0.279,0.2858606557377049,0.2823886639676113,"[[303 697]
 [721 279]]"
cifar10,losses,11,HistGradientBoosting,0.391,0.395,0.3918650793650793,0.3934262948207171,"[[387 613]
 [605 395]]"
cifar10,losses,11,GradientBoosting,0.4275,0.525,0.4393305439330544,0.4783599088838269,"[[330 670]
 [475 525]]"
cifar10,losses,11,RandomForest,0.2875,0.291,0.2889771598808341,0.2899850523168909,"[[284 716]
 [709 291]]"
cifar10,losses,12,HistGradientBoosting,0.4005,0.404,0.4011916583912612,0.4025909317389138,"[[397 603]
 [596 404]]"
cifar10,losses,12,GradientBoosting,0.445,0.565,0.4556451612903225,0.5044642857142857,"[[325 675]
 [435 565]]"
cifar10,losses,12,RandomForest,0.383,0.383,0.383,0.383,"[[383 617]
 [617 383]]"
cifar10,losses,13,HistGradientBoosting,0.3975,0.423,0.4024738344433872,0.4124817162359824,"[[372 628]
 [577 423]]"
cifar10,losses,13,GradientBoosting,0.443,0.538,0.4521008403361344,0.491324200913242,"[[348 652]
 [462 538]]"
cifar10,losses,13,RandomForest,0.34,0.33,0.336734693877551,0.3333333333333333,"[[350 650]
 [670 330]]"
cifar10,losses,14,HistGradientBoosting,0.3945,0.382,0.3917948717948717,0.3868354430379747,"[[407 593]
 [618 382]]"
cifar10,losses,14,GradientBoosting,0.452,0.528,0.4583333333333333,0.4907063197026022,"[[376 624]
 [472 528]]"
cifar10,losses,14,RandomForest,0.3895,0.375,0.3861997940267765,0.380517503805175,"[[404 596]
 [625 375]]"
cifar10,losses,15,HistGradientBoosting,0.4095,0.445,0.415499533146592,0.4297440849830999,"[[374 626]
 [555 445]]"
cifar10,losses,15,GradientBoosting,0.4585,0.525,0.4633715798764342,0.4922644163150492,"[[392 608]
 [475 525]]"
cifar10,losses,15,RandomForest,0.4545,0.439,0.4530443756449948,0.4459116302691721,"[[470 530]
 [561 439]]"
cifar10,losses,16,HistGradientBoosting,0.501,0.503,0.500996015936255,0.501996007984032,"[[499 501]
 [497 503]]"
cifar10,losses,16,GradientBoosting,0.4815,0.618,0.4854673998428908,0.5437747470303564,"[[345 655]
 [382 618]]"
cifar10,losses,16,RandomForest,0.5115,0.492,0.5119667013527576,0.5017848036715962,"[[531 469]
 [508 492]]"
cifar10,losses,17,HistGradientBoosting,0.449,0.428,0.4467640918580375,0.4371807967313585,"[[470 530]
 [572 428]]"
cifar10,losses,17,GradientBoosting,0.4685,0.592,0.4747393744987971,0.5269247886070316,"[[345 655]
 [408 592]]"
cifar10,losses,17,RandomForest,0.4905,0.479,0.4902763561924257,0.4845725847243297,"[[502 498]
 [521 479]]"
cifar10,losses,18,HistGradientBoosting,0.463,0.437,0.4609704641350211,0.4486652977412731,"[[489 511]
 [563 437]]"
cifar10,losses,18,GradientBoosting,0.463,0.586,0.4703049759229534,0.5218165627782725,"[[340 660]
 [414 586]]"
cifar10,losses,18,RandomForest,0.491,0.483,0.4908536585365853,0.4868951612903226,"[[499 501]
 [517 483]]"
cifar10,losses,19,HistGradientBoosting,0.4725,0.458,0.4716786817713697,0.4647387113140538,"[[487 513]
 [542 458]]"
cifar10,losses,19,GradientBoosting,0.483,0.608,0.4864,0.5404444444444444,"[[358 642]
 [392 608]]"
cifar10,losses,19,RandomForest,0.4785,0.465,0.4779033915724563,0.47136340598074,"[[492 508]
 [535 465]]"
cifar10,losses,20,HistGradientBoosting,0.502,0.525,0.5019120458891013,0.5131964809384164,"[[479 521]
 [475 525]]"
cifar10,losses,20,GradientBoosting,0.4865,0.522,0.4873949579831932,0.5041042974408498,"[[451 549]
 [478 522]]"
cifar10,losses,20,RandomForest,0.497,0.499,0.497011952191235,0.498003992015968,"[[495 505]
 [501 499]]"
cifar10,losses,21,HistGradientBoosting,0.484,0.476,0.483739837398374,0.4798387096774194,"[[492 508]
 [524 476]]"
cifar10,losses,21,GradientBoosting,0.5205,0.47,0.5228031145717463,0.4949973670352817,"[[571 429]
 [530 470]]"
cifar10,losses,21,RandomForest,0.502,0.516,0.5019455252918288,0.5088757396449703,"[[488 512]
 [484 516]]"
cifar10,losses,22,HistGradientBoosting,0.595,0.541,0.6065022421524664,0.5718816067653277,"[[649 351]
 [459 541]]"
cifar10,losses,22,GradientBoosting,0.6055,0.511,0.6300863131935882,0.5643290999447819,"[[700 300]
 [489 511]]"
cifar10,losses,22,RandomForest,0.5405,0.52,0.5422314911366006,0.5308831036242981,"[[561 439]
 [480 520]]"
cifar10,losses,23,HistGradientBoosting,0.8485,0.8,0.8859357696566998,0.8407777193904362,"[[897 103]
 [200 800]]"
cifar10,losses,23,GradientBoosting,0.852,0.805,0.8885209713024282,0.8447009443861491,"[[899 101]
 [195 805]]"
cifar10,losses,23,RandomForest,0.7835,0.778,0.7866531850353893,0.7823026646556058,"[[789 211]
 [222 778]]"
cifar10,weights,1,HistGradientBoosting,0.1235,0.115,0.1169888097660223,0.1159858799798285,"[[132 868]
 [885 115]]"
cifar10,weights,1,RandomForest,0.096,0.097,0.0968063872255489,0.0969030969030969,"[[ 95 905]
 [903  97]]"
cifar10,weights,2,HistGradientBoosting,0.1255,0.114,0.1166837256908904,0.1153262518968133,"[[137 863]
 [886 114]]"
cifar10,weights,2,RandomForest,0.096,0.083,0.0852156057494866,0.0840932117527862,"[[109 891]
 [917  83]]"
cifar10,weights,3,HistGradientBoosting,0.1265,0.123,0.1238670694864048,0.1234320120421475,"[[130 870]
 [877 123]]"
cifar10,weights,3,RandomForest,0.096,0.091,0.0919191919191919,0.0914572864321607,"[[101 899]
 [909  91]]"
cifar10,weights,4,HistGradientBoosting,0.127,0.118,0.120162932790224,0.119071644803229,"[[136 864]
 [882 118]]"
cifar10,weights,4,RandomForest,0.096,0.083,0.0852156057494866,0.0840932117527862,"[[109 891]
 [917  83]]"
cifar10,weights,5,HistGradientBoosting,0.1255,0.117,0.1190233977619532,0.1180030257186081,"[[134 866]
 [883 117]]"
cifar10,weights,5,RandomForest,0.096,0.096,0.096,0.096,"[[ 96 904]
 [904  96]]"
cifar10,weights,6,HistGradientBoosting,0.1285,0.122,0.1236068895643363,0.1227981882234524,"[[135 865]
 [878 122]]"
cifar10,weights,6,RandomForest,0.096,0.089,0.0902636916835699,0.0896273917421953,"[[103 897]
 [911  89]]"
cifar10,weights,7,HistGradientBoosting,0.1275,0.12,0.1218274111675127,0.1209068010075566,"[[135 865]
 [880 120]]"
cifar10,weights,7,RandomForest,0.0965,0.09,0.0911854103343465,0.0905888273779567,"[[103 897]
 [910  90]]"
cifar10,weights,8,HistGradientBoosting,0.127,0.124,0.124748490945674,0.1243731193580742,"[[130 870]
 [876 124]]"
cifar10,weights,8,RandomForest,0.096,0.077,0.08004158004158,0.0784913353720693,"[[115 885]
 [923  77]]"
cifar10,weights,9,HistGradientBoosting,0.135,0.134,0.1342685370741483,0.1341341341341341,"[[136 864]
 [866 134]]"
cifar10,weights,9,RandomForest,0.096,0.095,0.095190380761523,0.095095095095095,"[[ 97 903]
 [905  95]]"
cifar10,weights,10,HistGradientBoosting,0.1305,0.125,0.1263902932254803,0.1256913021618904,"[[136 864]
 [875 125]]"
cifar10,weights,10,RandomForest,0.096,0.086,0.0877551020408163,0.0868686868686868,"[[106 894]
 [914  86]]"
cifar10,weights,11,HistGradientBoosting,0.133,0.127,0.1285425101214574,0.1277665995975855,"[[139 861]
 [873 127]]"
cifar10,weights,11,RandomForest,0.0965,0.1,0.0993048659384309,0.0996512207274539,"[[ 93 907]
 [900 100]]"
cifar10,weights,12,HistGradientBoosting,0.14,0.128,0.1311475409836065,0.1295546558704453,"[[152 848]
 [872 128]]"
cifar10,weights,12,RandomForest,0.0965,0.085,0.0870010235414534,0.0859888720283257,"[[108 892]
 [915  85]]"
cifar10,weights,13,HistGradientBoosting,0.141,0.134,0.1359026369168357,0.134944612286002,"[[148 852]
 [866 134]]"
cifar10,weights,13,RandomForest,0.0985,0.089,0.09072375127421,0.0898536092882382,"[[108 892]
 [911  89]]"
cifar10,weights,14,HistGradientBoosting,0.1515,0.139,0.1425641025641025,0.140759493670886,"[[164 836]
 [861 139]]"
cifar10,weights,14,RandomForest,0.1015,0.097,0.0978809283551967,0.0974384731290808,"[[106 894]
 [903  97]]"
cifar10,weights,15,HistGradientBoosting,0.1755,0.173,0.1738693467336683,0.1734335839598997,"[[178 822]
 [827 173]]"
cifar10,weights,15,RandomForest,0.1075,0.103,0.1039354187689202,0.1034655951783023,"[[112 888]
 [897 103]]"
cifar10,weights,16,HistGradientBoosting,0.2385,0.25,0.2443792766373411,0.2471576866040533,"[[227 773]
 [750 250]]"
cifar10,weights,16,RandomForest,0.1215,0.124,0.1233830845771144,0.1236907730673316,"[[119 881]
 [876 124]]"
cifar10,weights,17,HistGradientBoosting,0.5045,0.511,0.5044422507403751,0.5076999503229012,"[[498 502]
 [489 511]]"
cifar10,weights,17,RandomForest,0.233,0.265,0.2490601503759398,0.256782945736434,"[[201 799]
 [735 265]]"
cifar10,weights,18,HistGradientBoosting,0.8605,0.888,0.8417061611374408,0.8642335766423358,"[[833 167]
 [112 888]]"
cifar10,weights,18,RandomForest,0.5995,0.657,0.589237668161435,0.6212765957446809,"[[542 458]
 [343 657]]"
cifar10,weights,19,HistGradientBoosting,0.991,0.999,0.9832677165354332,0.9910714285714286,"[[983  17]
 [  1 999]]"
cifar10,weights,19,RandomForest,0.8785,0.918,0.8507877664504171,0.8831168831168832,"[[839 161]
 [ 82 918]]"
cifar10,weights,20,HistGradientBoosting,0.9985,1.0,0.9970089730807578,0.9985022466300548,"[[ 997    3]
 [   0 1000]]"
cifar10,weights,20,RandomForest,0.9835,0.993,0.9744847890088322,0.9836552748885584,"[[974  26]
 [  7 993]]"
cifar10,weights,21,HistGradientBoosting,1.0,1.0,1.0,1.0,"[[1000    0]
 [   0 1000]]"
cifar10,weights,21,RandomForest,0.9975,1.0,0.9950248756218906,0.9975062344139652,"[[ 995    5]
 [   0 1000]]"
cifar10,weights,22,HistGradientBoosting,0.9995,1.0,0.999000999000999,0.9995002498750626,"[[ 999    1]
 [   0 1000]]"
cifar10,weights,22,RandomForest,1.0,1.0,1.0,1.0,"[[1000    0]
 [   0 1000]]"
cifar10,weights,23,HistGradientBoosting,1.0,1.0,1.0,1.0,"[[1000    0]
 [   0 1000]]"
cifar10,weights,23,RandomForest,1.0,1.0,1.0,1.0,"[[1000    0]
 [   0 1000]]"
svhn,grads,1,HistGradientBoosting,0.1058103975535168,0.0942472460220318,0.0963704630788485,0.0952970297029703,"[[ 96 722]
 [740  77]]"
svhn,grads,1,GradientBoosting,0.2495412844036697,0.2178702570379437,0.2323759791122715,0.2248894504106127,"[[230 588]
 [639 178]]"
svhn,grads,1,RandomForest,0.1009174311926605,0.0991432068543451,0.0993865030674846,0.0992647058823529,"[[ 84 734]
 [736  81]]"
svhn,grads,2,HistGradientBoosting,0.1051987767584097,0.0930232558139534,0.0952380952380952,0.0941176470588235,"[[ 96 722]
 [741  76]]"
svhn,grads,2,GradientBoosting,0.2470948012232416,0.2288861689106487,0.2373096446700507,0.2330218068535825,"[[217 601]
 [630 187]]"
svhn,grads,2,RandomForest,0.1009174311926605,0.1003671970624235,0.1003671970624235,0.1003671970624235,"[[ 83 735]
 [735  82]]"
svhn,grads,3,HistGradientBoosting,0.1051987767584097,0.1015911872705018,0.1022167487684729,0.101903007980356,"[[ 89 729]
 [734  83]]"
svhn,grads,3,GradientBoosting,0.2446483180428134,0.2215422276621787,0.232051282051282,0.2266750156543518,"[[219 599]
 [636 181]]"
svhn,grads,3,RandomForest,0.1009174311926605,0.0966952264381885,0.0974106041923551,0.097051597051597,"[[ 86 732]
 [738  79]]"
svhn,grads,4,HistGradientBoosting,0.1051987767584097,0.1077111383108935,0.1070559610705596,0.1073825503355704,"[[ 84 734]
 [729  88]]"
svhn,grads,4,GradientBoosting,0.2434250764525994,0.2215422276621787,0.2314578005115089,0.2263914946841776,"[[217 601]
 [636 181]]"
svhn,grads,4,RandomForest,0.1009174311926605,0.1028151774785801,0.1023142509135201,0.1025641025641025,"[[ 81 737]
 [733  84]]"
svhn,grads,5,HistGradientBoosting,0.1058103975535168,0.1015911872705018,0.1023427866831072,0.1019656019656019,"[[ 90 728]
 [734  83]]"
svhn,grads,5,GradientBoosting,0.2489296636085627,0.2362301101591187,0.2421580928481806,0.2391573729863692,"[[214 604]
 [624 193]]"
svhn,grads,5,RandomForest,0.1009174311926605,0.1040391676866585,0.103280680437424,0.1036585365853658,"[[ 80 738]
 [732  85]]"
svhn,grads,6,HistGradientBoosting,0.1045871559633027,0.1126070991432068,0.1107099879663056,0.1116504854368932,"[[ 79 739]
 [725  92]]"
svhn,grads,6,GradientBoosting,0.2746177370030581,0.2643818849449204,0.2696629213483146,0.2669962917181706,"[[233 585]
 [601 216]]"
svhn,grads,6,RandomForest,0.1009174311926605,0.0979192166462668,0.0984009840098401,0.0981595092024539,"[[ 85 733]
 [737  80]]"
svhn,grads,7,HistGradientBoosting,0.1058103975535168,0.1040391676866585,0.1042944785276073,0.1041666666666666,"[[ 88 730]
 [732  85]]"
svhn,grads,7,GradientBoosting,0.2611620795107033,0.2239902080783353,0.2417437252311756,0.2325285895806861,"[[244 574]
 [634 183]]"
svhn,grads,7,RandomForest,0.1009174311926605,0.0856793145654834,0.0882723833543505,0.0869565217391304,"[[ 95 723]
 [747  70]]"
svhn,grads,8,HistGradientBoosting,0.1051987767584097,0.1077111383108935,0.1070559610705596,0.1073825503355704,"[[ 84 734]
 [729  88]]"
svhn,grads,8,GradientBoosting,0.2685015290519877,0.2484700122399021,0.2585987261146497,0.2534332084893882,"[[236 582]
 [614 203]]"
svhn,grads,8,RandomForest,0.1009174311926605,0.0869033047735618,0.0893081761006289,0.0880893300248139,"[[ 94 724]
 [746  71]]"
svhn,grads,9,HistGradientBoosting,0.1039755351681957,0.1089351285189718,0.1077481840193704,0.1083384053560559,"[[ 81 737]
 [728  89]]"
svhn,grads,9,GradientBoosting,0.2776758409785932,0.2692778457772338,0.2736318407960199,0.2714373843306601,"[[234 584]
 [597 220]]"
svhn,grads,9,RandomForest,0.1009174311926605,0.0942472460220318,0.0954151177199504,0.0948275862068965,"[[ 88 730]
 [740  77]]"
svhn,grads,10,HistGradientBoosting,0.1058103975535168,0.1052631578947368,0.1052631578947368,0.1052631578947368,"[[ 87 731]
 [731  86]]"
svhn,grads,10,GradientBoosting,0.2764525993883792,0.2533659730722154,0.2653846153846154,0.2592360676268002,"[[245 573]
 [610 207]]"
svhn,grads,10,RandomForest,0.1009174311926605,0.0832313341493268,0.0861850443599493,0.0846824408468244,"[[ 97 721]
 [749  68]]"
svhn,grads,11,HistGradientBoosting,0.1045871559633027,0.1015911872705018,0.1020910209102091,0.101840490797546,"[[ 88 730]
 [734  83]]"
svhn,grads,11,GradientBoosting,0.2996941896024465,0.2594859241126071,0.2819148936170212,0.2702358189929892,"[[278 540]
 [605 212]]"
svhn,grads,11,RandomForest,0.1009174311926605,0.0979192166462668,0.0984009840098401,0.0981595092024539,"[[ 85 733]
 [737  80]]"
svhn,grads,12,HistGradientBoosting,0.1033639143730886,0.0893512851897184,0.0918238993710691,0.0905707196029776,"[[ 96 722]
 [744  73]]"
svhn,grads,12,GradientBoosting,0.2990825688073394,0.2668298653610771,0.2849673202614379,0.2756005056890013,"[[271 547]
 [599 218]]"
svhn,grads,12,RandomForest,0.1027522935779816,0.0881272949816401,0.0906801007556675,0.0893854748603352,"[[ 96 722]
 [745  72]]"
svhn,grads,13,HistGradientBoosting,0.1247706422018348,0.1211750305997552,0.1219211822660098,0.1215469613259668,"[[105 713]
 [718  99]]"
svhn,grads,13,GradientBoosting,0.3370030581039755,0.2705018359853121,0.311706629055007,0.289646133682831,"[[330 488]
 [596 221]]"
svhn,grads,13,RandomForest,0.1235474006116208,0.1162790697674418,0.1178660049627791,0.1170671595810228,"[[107 711]
 [722  95]]"
svhn,grads,14,HistGradientBoosting,0.1180428134556575,0.1138310893512851,0.1146732429099876,0.1142506142506142,"[[100 718]
 [724  93]]"
svhn,grads,14,GradientBoosting,0.326605504587156,0.3072215422276622,0.3193384223918575,0.313162819713038,"[[283 535]
 [566 251]]"
svhn,grads,14,RandomForest,0.1186544342507645,0.1101591187270501,0.1119402985074626,0.1110425663170882,"[[104 714]
 [727  90]]"
svhn,grads,15,HistGradientBoosting,0.1223241590214067,0.1077111383108935,0.1108312342569269,0.1092489137181874,"[[112 706]
 [729  88]]"
svhn,grads,15,GradientBoosting,0.3486238532110092,0.2533659730722154,0.3126888217522658,0.279918864097363,"[[363 455]
 [610 207]]"
svhn,grads,15,RandomForest,0.1162079510703364,0.1003671970624235,0.1035353535353535,0.1019266625233064,"[[108 710]
 [735  82]]"
svhn,grads,16,HistGradientBoosting,0.1363914373088685,0.1285189718482252,0.1304347826086956,0.1294697903822441,"[[118 700]
 [712 105]]"
svhn,grads,16,GradientBoosting,0.3657492354740061,0.2705018359853121,0.3338368580060423,0.2988505747126437,"[[377 441]
 [596 221]]"
svhn,grads,16,RandomForest,0.1198776758409786,0.1223990208078335,0.121654501216545,0.12202562538133,"[[ 96 722]
 [717 100]]"
svhn,grads,17,HistGradientBoosting,0.1406727828746177,0.1175030599755202,0.123076923076923,0.1202254226675015,"[[134 684]
 [721  96]]"
svhn,grads,17,GradientBoosting,0.3700305810397553,0.2680538555691554,0.336405529953917,0.2983651226158038,"[[386 432]
 [598 219]]"
svhn,grads,17,RandomForest,0.1253822629969418,0.1236230110159118,0.1239263803680981,0.1237745098039215,"[[104 714]
 [716 101]]"
svhn,grads,18,HistGradientBoosting,0.1951070336391437,0.1909424724602203,0.1923551171393341,0.1916461916461916,"[[163 655]
 [661 156]]"
svhn,grads,18,GradientBoosting,0.3834862385321101,0.4100367197062423,0.389082462253194,0.3992848629320619,"[[292 526]
 [482 335]]"
svhn,grads,18,RandomForest,0.1235474006116208,0.1223990208078335,0.1225490196078431,0.1224739742804654,"[[102 716]
 [717 100]]"
svhn,grads,19,HistGradientBoosting,0.2232415902140672,0.2350061199510404,0.2293906810035842,0.2321644498186215,"[[173 645]
 [625 192]]"
svhn,grads,19,GradientBoosting,0.4171253822629969,0.4455324357405141,0.4212962962962963,0.4330755502676978,"[[318 500]
 [453 364]]"
svhn,grads,19,RandomForest,0.1247706422018348,0.1162790697674418,0.1181592039800995,0.1172115977791486,"[[109 709]
 [722  95]]"
svhn,grads,20,HistGradientBoosting,0.3370030581039755,0.3598531211750306,0.343859649122807,0.3516746411483253,"[[257 561]
 [523 294]]"
svhn,grads,20,GradientBoosting,0.4409785932721712,0.423500611995104,0.4385297845373891,0.4308841843088418,"[[375 443]
 [471 346]]"
svhn,grads,20,RandomForest,0.2024464831804281,0.1970624235006119,0.1990111248454882,0.1980319803198031,"[[170 648]
 [656 161]]"
svhn,grads,21,HistGradientBoosting,0.527217125382263,0.5067319461444308,0.5280612244897959,0.5171767645221735,"[[448 370]
 [403 414]]"
svhn,grads,21,GradientBoosting,0.5480122324159021,0.5091799265605875,0.5517241379310345,0.5295989815404201,"[[480 338]
 [401 416]]"
svhn,grads,21,RandomForest,0.4391437308868501,0.4100367197062423,0.435064935064935,0.4221802142407057,"[[383 435]
 [482 335]]"
svhn,grads,22,HistGradientBoosting,0.7382262996941896,0.7343941248470012,0.7398273736128237,0.7371007371007371,"[[607 211]
 [217 600]]"
svhn,grads,22,GradientBoosting,0.6996941896024464,0.6756425948592412,0.7095115681233933,0.6921630094043888,"[[592 226]
 [265 552]]"
svhn,grads,22,RandomForest,0.7235474006116208,0.7380660954712362,0.7170035671819263,0.7273823884197829,"[[580 238]
 [214 603]]"
svhn,grads,23,HistGradientBoosting,0.91131498470948,0.9106487148102816,0.9117647058823528,0.9112063686466624,"[[746  72]
 [ 73 744]]"
svhn,grads,23,GradientBoosting,0.8917431192660551,0.8702570379436965,0.9092071611253196,0.8893058161350844,"[[747  71]
 [106 711]]"
svhn,grads,23,RandomForest,0.9045871559633027,0.9082007343941249,0.9015795868772782,0.9048780487804878,"[[737  81]
 [ 75 742]]"
svhn,losses,1,HistGradientBoosting,0.3730886850152905,0.408812729498164,0.3812785388127854,0.3945658594211459,"[[276 542]
 [483 334]]"
svhn,losses,1,GradientBoosting,0.4477064220183486,0.7405140758873929,0.466820987654321,0.5726455276857548,"[[127 691]
 [212 605]]"
svhn,losses,1,RandomForest,0.2544342507645259,0.2643818849449204,0.2589928057553957,0.2616596002422774,"[[200 618]
 [601 216]]"
svhn,losses,2,HistGradientBoosting,0.3737003058103975,0.379436964504284,0.3748488512696493,0.3771289537712895,"[[301 517]
 [507 310]]"
svhn,losses,2,GradientBoosting,0.4470948012232416,0.7356181150550796,0.4662529092319628,0.5707502374169041,"[[130 688]
 [216 601]]"
svhn,losses,2,RandomForest,0.2422018348623853,0.2460220318237454,0.2439320388349514,0.2449725776965264,"[[195 623]
 [616 201]]"
svhn,losses,3,HistGradientBoosting,0.3749235474006116,0.3720930232558139,0.3739237392373923,0.3730061349693251,"[[309 509]
 [513 304]]"
svhn,losses,3,GradientBoosting,0.4501529051987767,0.7429620563035496,0.4683641975308642,0.5745385707524846,"[[129 689]
 [210 607]]"
svhn,losses,3,RandomForest,0.2544342507645259,0.2766217870257038,0.2646370023419204,0.2704967085577499,"[[190 628]
 [591 226]]"
svhn,losses,4,HistGradientBoosting,0.3706422018348624,0.3525091799265606,0.365482233502538,0.3588785046728971,"[[318 500]
 [529 288]]"
svhn,losses,4,GradientBoosting,0.4360856269113149,0.7148102815177478,0.4587588373919874,0.5588516746411483,"[[129 689]
 [233 584]]"
svhn,losses,4,RandomForest,0.2544342507645259,0.2631578947368421,0.2584134615384615,0.2607640994542146,"[[201 617]
 [602 215]]"
svhn,losses,5,HistGradientBoosting,0.3773700305810397,0.3733170134638923,0.376078914919852,0.3746928746928746,"[[312 506]
 [512 305]]"
svhn,losses,5,GradientBoosting,0.4477064220183486,0.7270501835985312,0.4662480376766091,0.5681492109038737,"[[138 680]
 [223 594]]"
svhn,losses,5,RandomForest,0.2746177370030581,0.2937576499388005,0.2826855123674912,0.2881152460984394,"[[209 609]
 [577 240]]"
svhn,losses,6,HistGradientBoosting,0.3737003058103975,0.419828641370869,0.3840985442329227,0.4011695906432749,"[[268 550]
 [474 343]]"
svhn,losses,6,GradientBoosting,0.4434250764525994,0.7025703794369645,0.4625302175664786,0.5578231292517007,"[[151 667]
 [243 574]]"
svhn,losses,6,RandomForest,0.2648318042813455,0.2619339045287637,0.2632226322263222,0.2625766871165644,"[[219 599]
 [603 214]]"
svhn,losses,7,HistGradientBoosting,0.3767584097859327,0.408812729498164,0.3839080459770115,0.3959691760521636,"[[282 536]
 [483 334]]"
svhn,losses,7,GradientBoosting,0.4428134556574923,0.7197062423500612,0.462992125984252,0.5634882606612363,"[[136 682]
 [229 588]]"
svhn,losses,7,RandomForest,0.2642201834862385,0.2741738066095471,0.2685851318944844,0.2713506965475469,"[[208 610]
 [593 224]]"
svhn,losses,8,HistGradientBoosting,0.3688073394495413,0.3757649938800489,0.3703256936067551,0.3730255164034022,"[[296 522]
 [510 307]]"
svhn,losses,8,GradientBoosting,0.4415902140672783,0.7282741738066095,0.4626749611197511,0.5658582976699953,"[[127 691]
 [222 595]]"
svhn,losses,8,RandomForest,0.2599388379204893,0.2741738066095471,0.2663495838287752,0.2702050663449939,"[[201 617]
 [593 224]]"
svhn,losses,9,HistGradientBoosting,0.3755351681957186,0.3525091799265606,0.3692307692307692,0.3606762680025047,"[[326 492]
 [529 288]]"
svhn,losses,9,GradientBoosting,0.4403669724770642,0.7037943696450428,0.4607371794871794,0.5569007263922517,"[[145 673]
 [242 575]]"
svhn,losses,9,RandomForest,0.2544342507645259,0.2643818849449204,0.2589928057553957,0.2616596002422774,"[[200 618]
 [601 216]]"
svhn,losses,10,HistGradientBoosting,0.3657492354740061,0.3561811505507956,0.3628428927680798,0.3594811612106238,"[[307 511]
 [526 291]]"
svhn,losses,10,GradientBoosting,0.4513761467889908,0.7405140758873929,0.4689922480620155,0.5742762221167537,"[[133 685]
 [212 605]]"
svhn,losses,10,RandomForest,0.2538226299694189,0.2778457772337821,0.2648774795799299,0.2712066905615292,"[[188 630]
 [590 227]]"
svhn,losses,11,HistGradientBoosting,0.3743119266055046,0.3708690330477356,0.3731527093596059,0.3720073664825046,"[[309 509]
 [514 303]]"
svhn,losses,11,GradientBoosting,0.4403669724770642,0.7099143206854345,0.4610492845786963,0.5590361445783132,"[[140 678]
 [237 580]]"
svhn,losses,11,RandomForest,0.2623853211009174,0.2631578947368421,0.2625152625152625,0.2628361858190709,"[[214 604]
 [602 215]]"
svhn,losses,12,HistGradientBoosting,0.3761467889908257,0.3610771113831089,0.3720050441361917,0.3664596273291925,"[[320 498]
 [522 295]]"
svhn,losses,12,GradientBoosting,0.4434250764525994,0.7246022031823746,0.4635865309318716,0.565425023877746,"[[133 685]
 [225 592]]"
svhn,losses,12,RandomForest,0.3412844036697248,0.3574051407588739,0.3459715639810427,0.3515954244431065,"[[266 552]
 [525 292]]"
svhn,losses,13,HistGradientBoosting,0.3804281345565749,0.3341493268053855,0.3679245283018867,0.3502245028864656,"[[349 469]
 [544 273]]"
svhn,losses,13,GradientBoosting,0.4324159021406727,0.6854345165238678,0.454914703493095,0.5468749999999999,"[[147 671]
 [257 560]]"
svhn,losses,13,RandomForest,0.3137614678899083,0.3255813953488372,0.3178016726403823,0.3216444981862152,"[[247 571]
 [551 266]]"
svhn,losses,14,HistGradientBoosting,0.382874617737003,0.3549571603427172,0.3756476683937824,0.3650094398993077,"[[336 482]
 [527 290]]"
svhn,losses,14,GradientBoosting,0.4568807339449541,0.7417380660954712,0.4723304754481683,0.5771428571428572,"[[141 677]
 [211 606]]"
svhn,losses,14,RandomForest,0.3412844036697248,0.3512851897184822,0.3441247002398082,0.3476680799515445,"[[271 547]
 [530 287]]"
svhn,losses,15,HistGradientBoosting,0.3804281345565749,0.3843329253365973,0.3810679611650485,0.3826934795856185,"[[308 510]
 [503 314]]"
svhn,losses,15,GradientBoosting,0.4581039755351682,0.7613219094247246,0.4737242955064737,0.5840375586854459,"[[127 691]
 [195 622]]"
svhn,losses,15,RandomForest,0.4287461773700305,0.416156670746634,0.4265997490589711,0.4213135068153655,"[[361 457]
 [477 340]]"
svhn,losses,16,HistGradientBoosting,0.4709480122324159,0.4626682986536107,0.4701492537313433,0.4663787785317705,"[[392 426]
 [439 378]]"
svhn,losses,16,GradientBoosting,0.47217125382263,0.4785801713586291,0.4722222222222222,0.4753799392097264,"[[381 437]
 [426 391]]"
svhn,losses,16,RandomForest,0.4844036697247706,0.4957160342717258,0.4844497607655502,0.4900181488203267,"[[387 431]
 [412 405]]"
svhn,losses,17,HistGradientBoosting,0.4470948012232416,0.4418604651162791,0.446229913473424,0.4440344403444035,"[[370 448]
 [456 361]]"
svhn,losses,17,GradientBoosting,0.4660550458715596,0.7784577723378213,0.4789156626506024,0.593006993006993,"[[126 692]
 [181 636]]"
svhn,losses,17,RandomForest,0.4788990825688073,0.4785801713586291,0.4785801713586291,0.4785801713586292,"[[392 426]
 [426 391]]"
svhn,losses,18,HistGradientBoosting,0.4489296636085627,0.4455324357405141,0.4482758620689655,0.4468999386126457,"[[370 448]
 [453 364]]"
svhn,losses,18,GradientBoosting,0.4709480122324159,0.7564259485924113,0.4813084112149532,0.5882912898619705,"[[152 666]
 [199 618]]"
svhn,losses,18,RandomForest,0.473394495412844,0.4541003671970624,0.4720101781170484,0.462882096069869,"[[403 415]
 [446 371]]"
svhn,losses,19,HistGradientBoosting,0.4654434250764526,0.4663402692778458,0.4652014652014652,0.4657701711491442,"[[380 438]
 [436 381]]"
svhn,losses,19,GradientBoosting,0.4709480122324159,0.6352509179926561,0.4779005524861878,0.5454545454545454,"[[251 567]
 [298 519]]"
svhn,losses,19,RandomForest,0.4837920489296636,0.4602203182374541,0.4826700898587933,0.4711779448621553,"[[415 403]
 [441 376]]"
svhn,losses,20,HistGradientBoosting,0.4856269113149847,0.5030599755201959,0.4858156028368794,0.4942874323511726,"[[383 435]
 [406 411]]"
svhn,losses,20,GradientBoosting,0.4990825688073395,0.6878824969400245,0.4991119005328597,0.5784868759650026,"[[254 564]
 [255 562]]"
svhn,losses,20,RandomForest,0.4984709480122324,0.4969400244798042,0.498159509202454,0.4975490196078432,"[[409 409]
 [411 406]]"
svhn,losses,21,HistGradientBoosting,0.5529051987767584,0.6266829865361077,0.5458422174840085,0.5834757834757834,"[[392 426]
 [305 512]]"
svhn,losses,21,GradientBoosting,0.5785932721712538,0.6303549571603427,0.5709534368070953,0.5991855730075625,"[[431 387]
 [302 515]]"
svhn,losses,21,RandomForest,0.5345565749235474,0.5361077111383109,0.5341463414634147,0.5351252290775811,"[[436 382]
 [379 438]]"
svhn,losses,22,HistGradientBoosting,0.818348623853211,0.8347613219094248,0.8080568720379147,0.8211920529801325,"[[656 162]
 [135 682]]"
svhn,losses,22,GradientBoosting,0.8244648318042813,0.8188494492044064,0.8279702970297029,0.8233846153846154,"[[679 139]
 [148 669]]"
svhn,losses,22,RandomForest,0.7602446483180428,0.7478580171358629,0.766624843161857,0.7571251548946717,"[[632 186]
 [206 611]]"
svhn,losses,23,HistGradientBoosting,0.9675840978593272,0.97796817625459,0.9580335731414868,0.9678982434887948,"[[783  35]
 [ 18 799]]"
svhn,losses,23,GradientBoosting,0.9700305810397554,0.9718482252141984,0.9682926829268292,0.9700671960904091,"[[792  26]
 [ 23 794]]"
svhn,losses,23,RandomForest,0.9553516819571866,0.9510403916768666,0.9592592592592591,0.9551321450522434,"[[785  33]
 [ 40 777]]"
svhn,weights,1,HistGradientBoosting,0.1223241590214067,0.1150550795593635,0.1166253101736972,0.1158348736906962,"[[106 712]
 [723  94]]"
svhn,weights,1,RandomForest,0.1045871559633027,0.0917992656058751,0.0941028858218318,0.0929368029739776,"[[ 96 722]
 [742  75]]"
svhn,weights,2,HistGradientBoosting,0.1266055045871559,0.1199510403916768,0.1214374225526641,0.1206896551724138,"[[109 709]
 [719  98]]"
svhn,weights,2,RandomForest,0.1272171253822629,0.1138310893512851,0.1168341708542713,0.1153130812151271,"[[115 703]
 [724  93]]"
svhn,weights,3,HistGradientBoosting,0.1253822629969418,0.1272949816401468,0.1266747868453105,0.1269841269841269,"[[101 717]
 [713 104]]"
svhn,weights,3,RandomForest,0.12782874617737,0.1236230110159118,0.1245376078914919,0.124078624078624,"[[108 710]
 [716 101]]"
svhn,weights,4,HistGradientBoosting,0.1272171253822629,0.1285189718482252,0.1280487804878048,0.1282834453268173,"[[103 715]
 [712 105]]"
svhn,weights,4,RandomForest,0.12782874617737,0.1211750305997552,0.1226765799256505,0.1219211822660098,"[[110 708]
 [718  99]]"
svhn,weights,5,HistGradientBoosting,0.1253822629969418,0.1199510403916768,0.1211372064276885,0.1205412054120541,"[[107 711]
 [719  98]]"
svhn,weights,5,RandomForest,0.1296636085626911,0.1248470012239902,0.1259259259259259,0.1253841425937308,"[[110 708]
 [715 102]]"
svhn,weights,6,HistGradientBoosting,0.1229357798165137,0.1150550795593635,0.1167701863354037,0.1159062885326757,"[[107 711]
 [723  94]]"
svhn,weights,6,RandomForest,0.1290519877675841,0.1260709914320685,0.1266912669126691,0.1263803680981595,"[[108 710]
 [714 103]]"
svhn,weights,7,HistGradientBoosting,0.1290519877675841,0.1309669522643818,0.1303288672350791,0.1306471306471306,"[[104 714]
 [710 107]]"
svhn,weights,7,RandomForest,0.128440366972477,0.1236230110159118,0.1246913580246913,0.1241548862937922,"[[109 709]
 [716 101]]"
svhn,weights,8,HistGradientBoosting,0.12782874617737,0.1334149326805385,0.1318016928657799,0.132603406326034,"[[100 718]
 [708 109]]"
svhn,weights,8,RandomForest,0.128440366972477,0.1285189718482252,0.128361858190709,0.1284403669724771,"[[105 713]
 [712 105]]"
svhn,weights,9,HistGradientBoosting,0.1272171253822629,0.1272949816401468,0.1271393643031785,0.1272171253822629,"[[104 714]
 [713 104]]"
svhn,weights,9,RandomForest,0.1272171253822629,0.1297429620563035,0.1289537712895377,0.1293471629042099,"[[102 716]
 [711 106]]"
svhn,weights,10,HistGradientBoosting,0.1259938837920489,0.1260709914320685,0.1259168704156479,0.1259938837920489,"[[103 715]
 [714 103]]"
svhn,weights,10,RandomForest,0.128440366972477,0.1187270501835985,0.1209476309226932,0.1198270537368746,"[[113 705]
 [720  97]]"
svhn,weights,11,HistGradientBoosting,0.1272171253822629,0.1248470012239902,0.1253071253071253,0.1250766400980993,"[[106 712]
 [715 102]]"
svhn,weights,11,RandomForest,0.1302752293577981,0.1260709914320685,0.127003699136868,0.1265356265356265,"[[110 708]
 [714 103]]"
svhn,weights,12,HistGradientBoosting,0.128440366972477,0.1321909424724602,0.1310679611650485,0.1316270566727605,"[[102 716]
 [709 108]]"
svhn,weights,12,RandomForest,0.1290519877675841,0.1236230110159118,0.1248454882571075,0.1242312423124231,"[[110 708]
 [716 101]]"
svhn,weights,13,HistGradientBoosting,0.1308868501529052,0.1285189718482252,0.128992628992629,0.1287553648068669,"[[109 709]
 [712 105]]"
svhn,weights,13,RandomForest,0.1290519877675841,0.1346389228886169,0.1330108827085852,0.1338199513381995,"[[101 717]
 [707 110]]"
svhn,weights,14,HistGradientBoosting,0.1253822629969418,0.1309669522643818,0.1293833131801693,0.1301703163017031,"[[ 98 720]
 [710 107]]"
svhn,weights,14,RandomForest,0.1296636085626911,0.1236230110159118,0.125,0.1243076923076923,"[[111 707]
 [716 101]]"
svhn,weights,15,HistGradientBoosting,0.1351681957186544,0.1297429620563035,0.1310259579728059,0.1303813038130381,"[[115 703]
 [711 106]]"
svhn,weights,15,RandomForest,0.1296636085626911,0.1260709914320685,0.1268472906403941,0.1264579496623695,"[[109 709]
 [714 103]]"
svhn,weights,16,HistGradientBoosting,0.1553516819571865,0.1529987760097919,0.1535626535626535,0.1532801961986511,"[[129 689]
 [692 125]]"
svhn,weights,16,RandomForest,0.1327217125382263,0.1321909424724602,0.1321909424724602,0.1321909424724602,"[[109 709]
 [709 108]]"
svhn,weights,17,HistGradientBoosting,0.3908256880733945,0.423500611995104,0.3972445464982778,0.4099526066350711,"[[293 525]
 [471 346]]"
svhn,weights,17,RandomForest,0.1363914373088685,0.1346389228886169,0.1349693251533742,0.1348039215686274,"[[113 705]
 [707 110]]"
svhn,weights,18,HistGradientBoosting,0.9223241590214069,0.9473684210526316,0.902097902097902,0.924179104477612,"[[734  84]
 [ 43 774]]"
svhn,weights,18,RandomForest,0.1474006116207951,0.1615667074663402,0.1569560047562425,0.1592279855247285,"[[109 709]
 [685 132]]"
svhn,weights,19,HistGradientBoosting,0.9963302752293578,1.0,0.9927095990279464,0.9963414634146344,"[[812   6]
 [  0 817]]"
svhn,weights,19,RandomForest,0.182262996941896,0.1909424724602203,0.1875,0.189205579138872,"[[142 676]
 [661 156]]"
svhn,weights,20,HistGradientBoosting,1.0,1.0,1.0,1.0,"[[818   0]
 [  0 817]]"
svhn,weights,20,RandomForest,0.5761467889908257,0.6450428396572827,0.5666666666666667,0.6033199771036061,"[[415 403]
 [290 527]]"
svhn,weights,21,HistGradientBoosting,1.0,1.0,1.0,1.0,"[[818   0]
 [  0 817]]"
svhn,weights,21,RandomForest,0.9712538226299694,0.981640146878825,0.9616306954436452,0.9715324046032708,"[[786  32]
 [ 15 802]]"
svhn,weights,22,HistGradientBoosting,1.0,1.0,1.0,1.0,"[[818   0]
 [  0 817]]"
svhn,weights,22,RandomForest,1.0,1.0,1.0,1.0,"[[818   0]
 [  0 817]]"
svhn,weights,23,HistGradientBoosting,1.0,1.0,1.0,1.0,"[[818   0]
 [  0 817]]"
svhn,weights,23,RandomForest,1.0,1.0,1.0,1.0,"[[818   0]
 [  0 817]]"
mnist,weights,1,GradientBoosting,0.2615,0.249,0.2553846153846154,0.2521518987341772,"[[274 726]
 [751 249]]"
mnist,weights,2,GradientBoosting,0.257,0.243,0.25,0.2464503042596348,"[[271 729]
 [757 243]]"
mnist,weights,3,GradientBoosting,0.273,0.265,0.2693089430894309,0.2671370967741935,"[[281 719]
 [735 265]]"
mnist,weights,4,GradientBoosting,0.2865,0.278,0.2828077314343845,0.2803832576903681,"[[295 705]
 [722 278]]"
mnist,weights,5,GradientBoosting,0.283,0.279,0.28125,0.2801204819277108,"[[287 713]
 [721 279]]"
mnist,weights,6,GradientBoosting,0.2825,0.244,0.2643553629469122,0.2537701508060322,"[[321 679]
 [756 244]]"
mnist,weights,7,GradientBoosting,0.2755,0.262,0.2692702980472765,0.2655854029396857,"[[289 711]
 [738 262]]"
mnist,weights,8,GradientBoosting,0.2785,0.311,0.292018779342723,0.3012106537530266,"[[246 754]
 [689 311]]"
mnist,weights,9,GradientBoosting,0.296,0.286,0.2918367346938775,0.2888888888888888,"[[306 694]
 [714 286]]"
mnist,weights,10,GradientBoosting,0.2885,0.266,0.2785340314136125,0.2721227621483376,"[[311 689]
 [734 266]]"
mnist,weights,11,GradientBoosting,0.2815,0.268,0.2754367934224049,0.2716675114039534,"[[295 705]
 [732 268]]"
mnist,weights,12,GradientBoosting,0.2915,0.301,0.2953876349362119,0.2981674096087172,"[[282 718]
 [699 301]]"
mnist,weights,13,GradientBoosting,0.3035,0.304,0.3036963036963037,0.3038480759620189,"[[303 697]
 [696 304]]"
mnist,weights,14,GradientBoosting,0.301,0.255,0.2808370044052863,0.2672955974842768,"[[347 653]
 [745 255]]"
mnist,weights,15,GradientBoosting,0.319,0.264,0.2966292134831461,0.2793650793650793,"[[374 626]
 [736 264]]"
mnist,weights,16,GradientBoosting,0.375,0.425,0.3863636363636363,0.4047619047619047,"[[325 675]
 [575 425]]"
mnist,weights,17,GradientBoosting,0.6285,0.627,0.6288866599799399,0.627941912869304,"[[630 370]
 [373 627]]"
mnist,weights,18,GradientBoosting,0.9585,0.954,0.9626639757820384,0.958312405826218,"[[963  37]
 [ 46 954]]"
mnist,weights,19,GradientBoosting,0.996,0.997,0.99500998003992,0.996003996003996,"[[995   5]
 [  3 997]]"
mnist,weights,20,GradientBoosting,0.998,0.998,0.998,0.998,"[[998   2]
 [  2 998]]"
mnist,weights,21,GradientBoosting,0.9995,0.999,1.0,0.9994997498749374,"[[1000    0]
 [   1  999]]"
mnist,weights,22,GradientBoosting,0.999,0.999,0.999,0.999,"[[999   1]
 [  1 999]]"
mnist,weights,23,GradientBoosting,1.0,1.0,1.0,1.0,"[[1000    0]
 [   0 1000]]"
stl10,weights,1,GradientBoosting,0.2505,0.238,0.2441025641025641,0.2410126582278481,"[[263 737]
 [762 238]]"
stl10,weights,2,GradientBoosting,0.257,0.242,0.2494845360824742,0.2456852791878172,"[[272 728]
 [758 242]]"
stl10,weights,3,GradientBoosting,0.262,0.273,0.2671232876712329,0.2700296735905044,"[[251 749]
 [727 273]]"
stl10,weights,4,GradientBoosting,0.2545,0.244,0.2492339121552604,0.2465891864578069,"[[265 735]
 [756 244]]"
stl10,weights,5,GradientBoosting,0.2735,0.289,0.2803103782735208,0.2845888724766124,"[[258 742]
 [711 289]]"
stl10,weights,6,GradientBoosting,0.2735,0.268,0.2709807886754297,0.269482151835093,"[[279 721]
 [732 268]]"
stl10,weights,7,GradientBoosting,0.2725,0.299,0.2839506172839506,0.2912810521188504,"[[246 754]
 [701 299]]"
stl10,weights,8,GradientBoosting,0.2785,0.284,0.2809099901088032,0.2824465440079562,"[[273 727]
 [716 284]]"
stl10,weights,9,GradientBoosting,0.2815,0.284,0.2825870646766169,0.2832917705735661,"[[279 721]
 [716 284]]"
stl10,weights,10,GradientBoosting,0.279,0.276,0.2776659959758551,0.2768304914744232,"[[282 718]
 [724 276]]"
stl10,weights,11,GradientBoosting,0.294,0.298,0.2956349206349206,0.296812749003984,"[[290 710]
 [702 298]]"
stl10,weights,12,GradientBoosting,0.2945,0.321,0.3048433048433048,0.3127131027764247,"[[268 732]
 [679 321]]"
stl10,weights,13,GradientBoosting,0.3125,0.354,0.3268698060941828,0.3398943831012962,"[[271 729]
 [646 354]]"
stl10,weights,14,GradientBoosting,0.35,0.355,0.3514851485148514,0.3532338308457711,"[[345 655]
 [645 355]]"
stl10,weights,15,GradientBoosting,0.4085,0.522,0.4254278728606357,0.4687920969914683,"[[295 705]
 [478 522]]"
stl10,weights,16,GradientBoosting,0.477,0.689,0.4838483146067415,0.5684818481848184,"[[265 735]
 [311 689]]"
stl10,weights,17,GradientBoosting,0.659,0.588,0.6853146853146853,0.6329386437029063,"[[730 270]
 [412 588]]"
stl10,weights,18,GradientBoosting,0.8565,0.901,0.8273645546372819,0.8626136907611297,"[[812 188]
 [ 99 901]]"
stl10,weights,19,GradientBoosting,0.9645,0.97,0.9594460929772504,0.9646941819990054,"[[959  41]
 [ 30 970]]"
stl10,weights,20,GradientBoosting,0.9945,0.993,0.995987963891675,0.9944917376064096,"[[996   4]
 [  7 993]]"
stl10,weights,21,GradientBoosting,1.0,1.0,1.0,1.0,"[[1000    0]
 [   0 1000]]"
stl10,weights,22,GradientBoosting,1.0,1.0,1.0,1.0,"[[1000    0]
 [   0 1000]]"
stl10,weights,23,GradientBoosting,1.0,1.0,1.0,1.0,"[[1000    0]
 [   0 1000]]"
cifar10,weights,1,GradientBoosting,0.24,0.229,0.2341513292433537,0.2315470171890798,"[[251 749]
 [771 229]]"
cifar10,weights,2,GradientBoosting,0.251,0.254,0.2524850894632207,0.2532402791625124,"[[248 752]
 [746 254]]"
cifar10,weights,3,GradientBoosting,0.26,0.27,0.2647058823529412,0.2673267326732673,"[[250 750]
 [730 270]]"
cifar10,weights,4,GradientBoosting,0.27,0.296,0.2813688212927757,0.2884990253411306,"[[244 756]
 [704 296]]"
cifar10,weights,5,GradientBoosting,0.275,0.275,0.275,0.275,"[[275 725]
 [725 275]]"
cifar10,weights,6,GradientBoosting,0.2695,0.249,0.2596454640250261,0.2542113323124043,"[[290 710]
 [751 249]]"
cifar10,weights,7,GradientBoosting,0.267,0.275,0.2706692913385827,0.2728174603174603,"[[259 741]
 [725 275]]"
cifar10,weights,8,GradientBoosting,0.267,0.295,0.2793560606060606,0.2869649805447471,"[[239 761]
 [705 295]]"
cifar10,weights,9,GradientBoosting,0.27,0.283,0.2758284600389863,0.2793682132280355,"[[257 743]
 [717 283]]"
cifar10,weights,10,GradientBoosting,0.283,0.301,0.2905405405405405,0.2956777996070727,"[[265 735]
 [699 301]]"
cifar10,weights,11,GradientBoosting,0.2875,0.275,0.282051282051282,0.2784810126582278,"[[300 700]
 [725 275]]"
cifar10,weights,12,GradientBoosting,0.299,0.319,0.3067307692307692,0.3127450980392157,"[[279 721]
 [681 319]]"
cifar10,weights,13,GradientBoosting,0.2955,0.316,0.3035542747358309,0.3096521313081822,"[[275 725]
 [684 316]]"
cifar10,weights,14,GradientBoosting,0.3235,0.341,0.3294685990338164,0.3351351351351351,"[[306 694]
 [659 341]]"
cifar10,weights,15,GradientBoosting,0.3685,0.377,0.3706981317600786,0.3738225086762519,"[[360 640]
 [623 377]]"
cifar10,weights,16,GradientBoosting,0.4335,0.635,0.4526015680684248,0.5285060341240116,"[[232 768]
 [365 635]]"
cifar10,weights,17,GradientBoosting,0.535,0.795,0.5230263157894737,0.6309523809523809,"[[275 725]
 [205 795]]"
cifar10,weights,18,GradientBoosting,0.6305,0.582,0.6445182724252492,0.6116657908565424,"[[679 321]
 [418 582]]"
cifar10,weights,19,GradientBoosting,0.8835,0.896,0.8741463414634146,0.8849382716049383,"[[871 129]
 [104 896]]"
cifar10,weights,20,GradientBoosting,0.976,0.979,0.9731610337972167,0.9760717846460616,"[[973  27]
 [ 21 979]]"
cifar10,weights,21,GradientBoosting,0.9995,1.0,0.999000999000999,0.9995002498750626,"[[ 999    1]
 [   0 1000]]"
cifar10,weights,22,GradientBoosting,1.0,1.0,1.0,1.0,"[[1000    0]
 [   0 1000]]"
cifar10,weights,23,GradientBoosting,1.0,1.0,1.0,1.0,"[[1000    0]
 [   0 1000]]"
svhn,weights,1,GradientBoosting,0.2489296636085627,0.2350061199510404,0.2415094339622641,0.238213399503722,"[[215 603]
 [625 192]]"
svhn,weights,2,GradientBoosting,0.2568807339449541,0.2325581395348837,0.2442159383033419,0.238244514106583,"[[230 588]
 [627 190]]"
svhn,weights,3,GradientBoosting,0.256269113149847,0.2166462668298653,0.2350597609561753,0.2254777070063694,"[[242 576]
 [640 177]]"
svhn,weights,4,GradientBoosting,0.25565749235474,0.2692778457772338,0.2619047619047619,0.2655401327700664,"[[198 620]
 [597 220]]"
svhn,weights,5,GradientBoosting,0.2672782874617737,0.219094247246022,0.2422192151556157,0.2300771208226221,"[[258 560]
 [638 179]]"
svhn,weights,6,GradientBoosting,0.255045871559633,0.200734394124847,0.2249657064471879,0.2121604139715394,"[[253 565]
 [653 164]]"
svhn,weights,7,GradientBoosting,0.2574923547400611,0.1982864137086903,0.2246879334257975,0.2106631989596879,"[[259 559]
 [655 162]]"
svhn,weights,8,GradientBoosting,0.2593272171253822,0.2570379436964504,0.257985257985258,0.2575107296137339,"[[214 604]
 [607 210]]"
svhn,weights,9,GradientBoosting,0.2599388379204893,0.204406364749082,0.2297111416781293,0.216321243523316,"[[258 560]
 [650 167]]"
svhn,weights,10,GradientBoosting,0.2660550458715596,0.2129742962056303,0.2380300957592339,0.2248062015503875,"[[261 557]
 [643 174]]"
svhn,weights,11,GradientBoosting,0.2672782874617737,0.2362301101591187,0.2516297262059974,0.2436868686868687,"[[244 574]
 [624 193]]"
svhn,weights,12,GradientBoosting,0.2599388379204893,0.2313341493268053,0.245136186770428,0.2380352644836272,"[[236 582]
 [628 189]]"
svhn,weights,13,GradientBoosting,0.2525993883792048,0.2203182374541003,0.2352941176470588,0.2275600505689001,"[[233 585]
 [637 180]]"
svhn,weights,14,GradientBoosting,0.2489296636085627,0.2313341493268053,0.2395437262357414,0.2353673723536737,"[[218 600]
 [628 189]]"
svhn,weights,15,GradientBoosting,0.272782874617737,0.2545899632802937,0.2639593908629442,0.259190031152648,"[[238 580]
 [609 208]]"
svhn,weights,16,GradientBoosting,0.2886850152905199,0.3378212974296206,0.3073496659242761,0.321865889212828,"[[196 622]
 [541 276]]"
svhn,weights,17,GradientBoosting,0.3810397553516819,0.401468788249694,0.3854289071680376,0.3932853717026379,"[[295 523]
 [489 328]]"
svhn,weights,18,GradientBoosting,0.671559633027523,0.7050183598531212,0.6605504587155964,0.6820603907637657,"[[522 296]
 [241 576]]"
svhn,weights,19,GradientBoosting,0.944954128440367,0.96328029375765,0.9291617473435656,0.9459134615384616,"[[758  60]
 [ 30 787]]"
svhn,weights,20,GradientBoosting,0.9932721712538226,1.0,0.9867149758454108,0.9933130699088144,"[[807  11]
 [  0 817]]"
svhn,weights,21,GradientBoosting,1.0,1.0,1.0,1.0,"[[818   0]
 [  0 817]]"
svhn,weights,22,GradientBoosting,1.0,1.0,1.0,1.0,"[[818   0]
 [  0 817]]"
svhn,weights,23,GradientBoosting,1.0,1.0,1.0,1.0,"[[818   0]
 [  0 817]]"
