run num,mc,lsb,test_acc_centroid,test_acc_nn,model_lsb,model_arch,model_sha256
0,torch_pretrained_classification,0,0.6375,0.55,1,osl_siamese_cnn,cb27de8fe5f4c2331f2ea51a51e3689974c71998f80f15cbdfc9591c132d8d47
1,torch_pretrained_classification,0,0.6375,0.275,1,osl_siamese_cnn,141c9fb9bb1c213a3ae362ee9eeb6cb0394c8e11db5f18084691c2b008cd52bb
2,torch_pretrained_classification,0,0.6875,0.5375,1,osl_siamese_cnn,8b848f7786cc92a87da33f027fa295bdbe3443a8de051d636e88cff6f5e1924f
3,torch_pretrained_classification,0,0.5125,0.4375,1,osl_siamese_cnn,98d1c676428844dc6752a4f68f6655724e131855206436362ed2d09e8fbc1e2a
4,torch_pretrained_classification,0,0.725,0.825,1,osl_siamese_cnn,94698b47b47a03f8e68af45c0842a1a0c91ab6b873e7f0e5351e4d112968e7ea
0,torch_pretrained_classification,0,0.6875,0.65,2,osl_siamese_cnn,f51a25adb913c3f589fe5ac5228299dd48def3646615f9e08409de8f15a0f23c
1,torch_pretrained_classification,0,0.65,0.6125,2,osl_siamese_cnn,9aeea577a15a131c908244c65b895e66d2ad17369b364702143817ff102d6545
2,torch_pretrained_classification,0,0.7875,0.55,2,osl_siamese_cnn,86bcc1bca33d6bb366baba72bda3272c77f6e41d00c7e7bee96f1f108ef6036f
3,torch_pretrained_classification,0,0.7375,0.475,2,osl_siamese_cnn,7269370813365def9c1f9d5ff466244c803b5912ea96151e04e118a3df78a595
4,torch_pretrained_classification,0,0.65,0.55,2,osl_siamese_cnn,df713db4176b1e4f2c474aacd0d9d3a4a4582f2b4254643ab7b704fe26eb8359
0,torch_pretrained_classification,0,0.7,0.5625,3,osl_siamese_cnn,ea1b866737fdaf42eea22f9b3578353d69bde4c375bb85b741178307475102a6
1,torch_pretrained_classification,0,0.675,0.6125,3,osl_siamese_cnn,9caf63943aaff14b69749ef75b9d0c023eee791be01ac4bb18b0cad139c34a28
2,torch_pretrained_classification,0,0.8125,0.6875,3,osl_siamese_cnn,b09840c5e185c61927cc681680f0e8f6ee18bb5632ff3f5a5acf6ea345e41f8e
3,torch_pretrained_classification,0,0.3,0.525,3,osl_siamese_cnn,bc8c71a8803a471999c988b7f1cf610c850e43218a6b09306d32641c09d4bf21
4,torch_pretrained_classification,0,0.7125,0.4875,3,osl_siamese_cnn,ed285a83dc248aa5db692c7ed1ff4053322eddde3163288d5f3268e30430e09b
0,torch_pretrained_classification,0,0.9125,0.9,4,osl_siamese_cnn,45b89fa605561fe9c66fd9b0004ee3519fbce893daa9083ec57fce166975062f
1,torch_pretrained_classification,0,0.7,0.5875,4,osl_siamese_cnn,7cf90fcad28f18c72c61aa298e5cd6dc66d7ecf69045509dd84f224d6055e0b4
2,torch_pretrained_classification,0,0.3375,0.5,4,osl_siamese_cnn,57332379a09b5dd9f419467d2dd42eba12f79fa81984e9489b434dc759ad7762
3,torch_pretrained_classification,0,0.75,0.7,4,osl_siamese_cnn,29030371b2a6247ae43d09b864a97295f0b873033fe5fc6d83b8ca16010f4e37
4,torch_pretrained_classification,0,0.925,0.925,4,osl_siamese_cnn,66e2e5ad1c57d39e1dc5822737ef9ca3666ea4a621d001553996d26a0067410e
0,torch_pretrained_classification,0,0.925,0.925,5,osl_siamese_cnn,0c24a39499dd9c6afe6537e790f104c555ad6aa5d08f5cbbcd1cb5c566fe1a24
1,torch_pretrained_classification,0,0.825,0.8375,5,osl_siamese_cnn,47b0c2ab60684b930ff66b15aa28e11e66dc2fcc2e1031e23a913ce73bf027d3
2,torch_pretrained_classification,0,0.925,0.925,5,osl_siamese_cnn,78458427c57617ac7bb35aa2bd0ca2b727c6f1b115c8eb713ad4714c6a318e3e
3,torch_pretrained_classification,0,0.925,0.925,5,osl_siamese_cnn,79be5db10c1cdfa9d7c60503910d996e521339aa188f6ae34d44f18e64d33fe3
4,torch_pretrained_classification,0,0.75,0.75,5,osl_siamese_cnn,5fcfa08c1d3989e2f51c350407a4ba4cac5900639e2a9d94a08e249f6dd1cae8
0,torch_pretrained_classification,0,0.95,0.95,6,osl_siamese_cnn,748e303b0abdf5e2b900042b9bb79328a3c3b09a4850bb1e54a62cc3ac4052f1
1,torch_pretrained_classification,0,0.95,0.95,6,osl_siamese_cnn,b9759f7ab41d1b2b36824791b1611f7964b4c7c756941bd5d8e6b30decdffc76
2,torch_pretrained_classification,0,0.9625,0.9625,6,osl_siamese_cnn,1dd6f078c024a9b100d16ecffe968ca1ec0037c7726250291e7beef84a8061e4
3,torch_pretrained_classification,0,0.95,0.95,6,osl_siamese_cnn,7a52e46c047d159436c579f9ccdf7ce4be53d7f83fe0d97cfec60b0e0640a460
4,torch_pretrained_classification,0,0.95,0.95,6,osl_siamese_cnn,2d3e39c90189ab18d4b7c36c10cd8724a4400549999bcbf1ec55f963196197d5
0,torch_pretrained_classification,0,0.9625,0.9625,7,osl_siamese_cnn,e751abc1ee437279ef54263c8430db2b68617482ce21a31857735760c41fa0aa
1,torch_pretrained_classification,0,0.9625,0.975,7,osl_siamese_cnn,ce2d395ed5c7067b1d8b576c5991b1d724b44b032d5f81e5c71f9650a0b74423
2,torch_pretrained_classification,0,0.975,0.975,7,osl_siamese_cnn,138185f50cd31497128dc1c613871e0ecfb6cc4ebcb100935bd5e675c89f0cdd
3,torch_pretrained_classification,0,0.975,0.975,7,osl_siamese_cnn,e30de51adae69806d0bb0a9ea406dba697b311ae144bf5c7d99adfa1e275285d
4,torch_pretrained_classification,0,0.95,0.95,7,osl_siamese_cnn,c5b68c8cf26e77d55d4e29c2109729785621869ec0b80984ecfed03e995d91ce
0,torch_pretrained_classification,0,0.975,0.975,8,osl_siamese_cnn,b5f7031b1d1f1ffac36952df5a3b06d9ab35395c48bcfce57a4bf7103b4e2423
1,torch_pretrained_classification,0,0.975,0.975,8,osl_siamese_cnn,55695bed2298bb57c561b3b8ec981cdb527671d97c79067459c6c2a8f0e9a236
2,torch_pretrained_classification,0,0.975,0.975,8,osl_siamese_cnn,5fa50186ffdec79a6853db1a06459ce2d8d097ad512c9134cd8f021370c70427
3,torch_pretrained_classification,0,0.975,0.975,8,osl_siamese_cnn,0348ff1eed77decd7176ca09d095d8201749190b6a46f68cbe91db10b9dbc7a9
4,torch_pretrained_classification,0,0.975,0.975,8,osl_siamese_cnn,297d359821ef6db289341b035d329e05109c0fceadea047a18186faaf4659e1d
5,torch_pretrained_classification,0,0.45,0.5,1,osl_siamese_cnn,e830551d25725770cc774c578d274adce0bfdb1573cd3f3b5f7e7dcc243f6f93
6,torch_pretrained_classification,0,0.675,0.5375,1,osl_siamese_cnn,dbd1f23ea1feb626c1fa40612dd08fc0b3239f0df61f6806ca2024e1e41711b1
7,torch_pretrained_classification,0,0.7,0.6125,1,osl_siamese_cnn,e591c65c75141c8225d5be3d0b1a23f2c70d128f6fe9ed8c94fa7dc80472215e
8,torch_pretrained_classification,0,0.6625,0.5625,1,osl_siamese_cnn,cf357da5311aac9d7e7f4d101281b147d628b6ebd5f833e263b5a14510ec0cbb
9,torch_pretrained_classification,0,0.5625,0.4375,1,osl_siamese_cnn,06516fa50ea18375cb3f38b9c44e82d301baff8c2a957baff2f33b0c97fa1ea8
5,torch_pretrained_classification,0,0.675,0.6,2,osl_siamese_cnn,63eb1247270f81b9c98b29313f1e32ff2978ade753f3f5a59851cb234c24f4da
6,torch_pretrained_classification,0,0.1875,0.4125,2,osl_siamese_cnn,63aa1d2ea68035e898b6cb0351ac0a9bb6c3a6fc991307f3b2ae0198a26088d1
7,torch_pretrained_classification,0,0.2875,0.3125,2,osl_siamese_cnn,bee005dadd2ca479bd7fac3ad427802b9b7216286b2cb0883917c19382d6fbd0
8,torch_pretrained_classification,0,0.3,0.4125,2,osl_siamese_cnn,f24dc00866e2e9abc50bbb2d2c5300d2dfb3f78eade91f3d0a3ccbc7a12b5141
9,torch_pretrained_classification,0,0.725,0.55,2,osl_siamese_cnn,e48d660fc490dd86e2a0e3e0d58c687f817157572687215a9f1f6d3a2df15cd3
5,torch_pretrained_classification,0,0.225,0.4375,3,osl_siamese_cnn,592540ab40ce9e8fcf9b9b01c300fc0b11764272d86e488738da261b27a202a5
6,torch_pretrained_classification,0,0.3,0.5125,3,osl_siamese_cnn,54e7f32f979f94b9c49d6c18b62ffc78fa837b8c4aa0e6e5a0201346f9e764f6
7,torch_pretrained_classification,0,0.6625,0.5375,3,osl_siamese_cnn,c1319bbbb286f83040219612ac3bbbb09741221318aca1074920a5bc3e7498a2
8,torch_pretrained_classification,0,0.925,0.5625,3,osl_siamese_cnn,f52b08781d114d69d7daea6136c693aef39426097f5e9cd23568675ea973b9e2
9,torch_pretrained_classification,0,0.075,0.375,3,osl_siamese_cnn,63be36bd1eb025cacd0f9a13bd9809459a8981d4ad82bcd7e6d528f643ce5f0b
5,torch_pretrained_classification,0,0.875,0.8875,4,osl_siamese_cnn,281dbb0bc5a124313fe724adb130d787001a68a060848c38debc9d5632126494
6,torch_pretrained_classification,0,0.925,0.925,4,osl_siamese_cnn,c42622fe4f480d91dd2fab21fa73f733d352f737df6709d31dcc8404f3fb8cef
7,torch_pretrained_classification,0,0.7125,0.6125,4,osl_siamese_cnn,f72a3162f15cffd149c76fe4d2218696a8c626fcdcf3a3ad2a8bf2936d98fb17
8,torch_pretrained_classification,0,0.925,0.925,4,osl_siamese_cnn,a34f991b945411281d017a5c43abeb7f501f942e20000dc887b98915abed3011
9,torch_pretrained_classification,0,0.4,0.375,4,osl_siamese_cnn,fd4027d9a12aa411da20b8910084016211d59b9e945c6318c53f51faa5335e0d
5,torch_pretrained_classification,0,0.825,0.85,5,osl_siamese_cnn,4d14552c53b26476e3244ef344ad3bf57903dd8eee3a4c8d84885f0c54a9bdc1
6,torch_pretrained_classification,0,0.9,0.9,5,osl_siamese_cnn,6efa215d8f4e8a1504c26ef90ce9a0cd96a9031044c3998d4e8d2e95a2843d37
7,torch_pretrained_classification,0,0.925,0.925,5,osl_siamese_cnn,f4864f7ac36b18fbfd3f356679eab237b29d507a46ff3ef11b5dd2ee8de8d235
8,torch_pretrained_classification,0,0.7875,0.7625,5,osl_siamese_cnn,5068fa05199ed807ab81d0b83e933097356e7af9a813f97a0559a3d17c7930c8
9,torch_pretrained_classification,0,0.9,0.9125,5,osl_siamese_cnn,80598946a55f33ce24fab9e1d61c06c69784da76e7809eb19d77a6d77b4e1add
5,torch_pretrained_classification,0,0.95,0.95,6,osl_siamese_cnn,82991d81f283c5cdefd59c70ada464da6bea0fcdae1c0186f8122cddc0473ee3
6,torch_pretrained_classification,0,0.95,0.95,6,osl_siamese_cnn,11c7f64ae61b472af642c742966cea5388006f72422b3930914a548450c07748
7,torch_pretrained_classification,0,0.95,0.95,6,osl_siamese_cnn,4c010e62fe1362b80653adf36d131fcb4d20445186c4c8c814083af423dde47c
8,torch_pretrained_classification,0,0.95,0.95,6,osl_siamese_cnn,92061ce7d7f59ce0054a14b39167dbc7db1abac44364b2f5ac874f4a0e4e4ca4
9,torch_pretrained_classification,0,0.575,0.5875,6,osl_siamese_cnn,cfe7fa631dd550568545e44577b7e7e4dd5b980ca930707c031956f3ad8d32b0
5,torch_pretrained_classification,0,0.9625,0.9625,7,osl_siamese_cnn,e2a184c9e74acdc1bc1f6807754bf6605a1f3e9631f6b933c6bea8f73c042ffd
6,torch_pretrained_classification,0,0.975,0.975,7,osl_siamese_cnn,7dd83d2ead686e4dd43b2f998eb6efb77adad877a725f3b0279baf823677130b
7,torch_pretrained_classification,0,0.975,0.975,7,osl_siamese_cnn,42e7a52708d0acd930f0837252bb910c7707b963606020271d3928fc03784359
8,torch_pretrained_classification,0,0.9625,0.95,7,osl_siamese_cnn,c97b1224bfc706cd5acf4cecc2c1b0d5bb57fadcb86333410e3524afd7969c6a
9,torch_pretrained_classification,0,0.9625,0.9625,7,osl_siamese_cnn,871ac4cbd6148a18865f3d70360f95c5cfcb551ee839ed8f758e7f0e7e5f5eda
5,torch_pretrained_classification,0,0.975,0.975,8,osl_siamese_cnn,77df128d1f986dba95720acbd0cbdb9117698838715efdedb6ed0963b2da680f
6,torch_pretrained_classification,0,0.975,0.975,8,osl_siamese_cnn,4956af465cb2cad0454f3e431a6155df050cbc8c23f69f51923bc5dbd29dd53b
7,torch_pretrained_classification,0,0.975,0.975,8,osl_siamese_cnn,bdb04d618064f136984d726359fb8f91fd32f1ad48234884ca2de5dc27b5b990
8,torch_pretrained_classification,0,0.975,0.975,8,osl_siamese_cnn,7a3e13a90a259395a033ee67d0ef9d288bf139437df9d9d7585f1ed5c84c1185
9,torch_pretrained_classification,0,0.975,0.975,8,osl_siamese_cnn,382fedf5d7ba0bad7459993a004fd15cd6821cbe2c12e57d9bd8247123c67cdb
