clf,acc,recall,precision,f1,ds_name,split_idx,n_splits,n_repeats,x,mz_name,payload,image_rep,normalize
XGBClassifier,1.0,1.0,1.0,1.0,iid_test,0,5,5,17,tiny-imagenet_resnet18,rand,phisNone,none
XGBClassifier,1.0,1.0,1.0,1.0,iid_train,0,5,5,17,tiny-imagenet_resnet18,rand,phisNone,none
XGBClassifier,1.0,1.0,1.0,1.0,tiny-imagenet_resnet18_x0,0,5,5,17,tiny-imagenet_resnet18,rand,phisNone,none
XGBClassifier,0.0,0.0,0.0,0.0,tiny-imagenet_resnet18_x1,0,5,5,17,tiny-imagenet_resnet18,rand,phisNone,none
XGBClassifier,0.0,0.0,0.0,0.0,tiny-imagenet_resnet18_x2,0,5,5,17,tiny-imagenet_resnet18,rand,phisNone,none
XGBClassifier,0.0,0.0,0.0,0.0,tiny-imagenet_resnet18_x3,0,5,5,17,tiny-imagenet_resnet18,rand,phisNone,none
XGBClassifier,0.0,0.0,0.0,0.0,tiny-imagenet_resnet18_x4,0,5,5,17,tiny-imagenet_resnet18,rand,phisNone,none
XGBClassifier,0.0,0.0,0.0,0.0,tiny-imagenet_resnet18_x5,0,5,5,17,tiny-imagenet_resnet18,rand,phisNone,none
XGBClassifier,0.0,0.0,0.0,0.0,tiny-imagenet_resnet18_x6,0,5,5,17,tiny-imagenet_resnet18,rand,phisNone,none
XGBClassifier,0.0,0.0,0.0,0.0,tiny-imagenet_resnet18_x7,0,5,5,17,tiny-imagenet_resnet18,rand,phisNone,none
XGBClassifier,0.0,0.0,0.0,0.0,tiny-imagenet_resnet18_x8,0,5,5,17,tiny-imagenet_resnet18,rand,phisNone,none
XGBClassifier,0.0,0.0,0.0,0.0,tiny-imagenet_resnet18_x9,0,5,5,17,tiny-imagenet_resnet18,rand,phisNone,none
XGBClassifier,0.0,0.0,0.0,0.0,tiny-imagenet_resnet18_x10,0,5,5,17,tiny-imagenet_resnet18,rand,phisNone,none
XGBClassifier,0.0,0.0,0.0,0.0,tiny-imagenet_resnet18_x11,0,5,5,17,tiny-imagenet_resnet18,rand,phisNone,none
XGBClassifier,0.0,0.0,0.0,0.0,tiny-imagenet_resnet18_x12,0,5,5,17,tiny-imagenet_resnet18,rand,phisNone,none
XGBClassifier,0.0,0.0,0.0,0.0,tiny-imagenet_resnet18_x13,0,5,5,17,tiny-imagenet_resnet18,rand,phisNone,none
XGBClassifier,0.0,0.0,0.0,0.0,tiny-imagenet_resnet18_x14,0,5,5,17,tiny-imagenet_resnet18,rand,phisNone,none
XGBClassifier,0.0,0.0,0.0,0.0,tiny-imagenet_resnet18_x15,0,5,5,17,tiny-imagenet_resnet18,rand,phisNone,none
XGBClassifier,0.0,0.0,0.0,0.0,tiny-imagenet_resnet18_x16,0,5,5,17,tiny-imagenet_resnet18,rand,phisNone,none
XGBClassifier,1.0,1.0,1.0,1.0,tiny-imagenet_resnet18_x17,0,5,5,17,tiny-imagenet_resnet18,rand,phisNone,none
XGBClassifier,0.9913793103448276,0.4956896551724138,0.5,0.49783549783549785,tiny-imagenet_resnet18_x18,0,5,5,17,tiny-imagenet_resnet18,rand,phisNone,none
XGBClassifier,0.9913793103448276,0.4956896551724138,0.5,0.49783549783549785,tiny-imagenet_resnet18_x19,0,5,5,17,tiny-imagenet_resnet18,rand,phisNone,none
XGBClassifier,0.9913793103448276,0.4956896551724138,0.5,0.49783549783549785,tiny-imagenet_resnet18_x20,0,5,5,17,tiny-imagenet_resnet18,rand,phisNone,none
XGBClassifier,0.9913793103448276,0.4956896551724138,0.5,0.49783549783549785,tiny-imagenet_resnet18_x21,0,5,5,17,tiny-imagenet_resnet18,rand,phisNone,none
XGBClassifier,0.9827586206896551,0.49137931034482757,0.5,0.4956521739130435,tiny-imagenet_resnet18_x22,0,5,5,17,tiny-imagenet_resnet18,rand,phisNone,none
XGBClassifier,0.9827586206896551,0.49137931034482757,0.5,0.4956521739130435,tiny-imagenet_resnet18_x23,0,5,5,17,tiny-imagenet_resnet18,rand,phisNone,none
XGBClassifier,1.0,1.0,1.0,1.0,iid_test,1,5,5,17,tiny-imagenet_resnet18,rand,phisNone,none
XGBClassifier,1.0,1.0,1.0,1.0,iid_train,1,5,5,17,tiny-imagenet_resnet18,rand,phisNone,none
XGBClassifier,1.0,1.0,1.0,1.0,tiny-imagenet_resnet18_x0,1,5,5,17,tiny-imagenet_resnet18,rand,phisNone,none
XGBClassifier,0.0,0.0,0.0,0.0,tiny-imagenet_resnet18_x1,1,5,5,17,tiny-imagenet_resnet18,rand,phisNone,none
XGBClassifier,0.0,0.0,0.0,0.0,tiny-imagenet_resnet18_x2,1,5,5,17,tiny-imagenet_resnet18,rand,phisNone,none
XGBClassifier,0.0,0.0,0.0,0.0,tiny-imagenet_resnet18_x3,1,5,5,17,tiny-imagenet_resnet18,rand,phisNone,none
XGBClassifier,0.0,0.0,0.0,0.0,tiny-imagenet_resnet18_x4,1,5,5,17,tiny-imagenet_resnet18,rand,phisNone,none
XGBClassifier,0.0,0.0,0.0,0.0,tiny-imagenet_resnet18_x5,1,5,5,17,tiny-imagenet_resnet18,rand,phisNone,none
XGBClassifier,0.0,0.0,0.0,0.0,tiny-imagenet_resnet18_x6,1,5,5,17,tiny-imagenet_resnet18,rand,phisNone,none
XGBClassifier,0.0,0.0,0.0,0.0,tiny-imagenet_resnet18_x7,1,5,5,17,tiny-imagenet_resnet18,rand,phisNone,none
XGBClassifier,0.0,0.0,0.0,0.0,tiny-imagenet_resnet18_x8,1,5,5,17,tiny-imagenet_resnet18,rand,phisNone,none
XGBClassifier,0.0,0.0,0.0,0.0,tiny-imagenet_resnet18_x9,1,5,5,17,tiny-imagenet_resnet18,rand,phisNone,none
XGBClassifier,0.0,0.0,0.0,0.0,tiny-imagenet_resnet18_x10,1,5,5,17,tiny-imagenet_resnet18,rand,phisNone,none
XGBClassifier,0.0,0.0,0.0,0.0,tiny-imagenet_resnet18_x11,1,5,5,17,tiny-imagenet_resnet18,rand,phisNone,none
XGBClassifier,0.0,0.0,0.0,0.0,tiny-imagenet_resnet18_x12,1,5,5,17,tiny-imagenet_resnet18,rand,phisNone,none
XGBClassifier,0.0,0.0,0.0,0.0,tiny-imagenet_resnet18_x13,1,5,5,17,tiny-imagenet_resnet18,rand,phisNone,none
XGBClassifier,0.0,0.0,0.0,0.0,tiny-imagenet_resnet18_x14,1,5,5,17,tiny-imagenet_resnet18,rand,phisNone,none
XGBClassifier,0.0,0.0,0.0,0.0,tiny-imagenet_resnet18_x15,1,5,5,17,tiny-imagenet_resnet18,rand,phisNone,none
XGBClassifier,0.0,0.0,0.0,0.0,tiny-imagenet_resnet18_x16,1,5,5,17,tiny-imagenet_resnet18,rand,phisNone,none
XGBClassifier,1.0,1.0,1.0,1.0,tiny-imagenet_resnet18_x17,1,5,5,17,tiny-imagenet_resnet18,rand,phisNone,none
XGBClassifier,0.9913793103448276,0.4956896551724138,0.5,0.49783549783549785,tiny-imagenet_resnet18_x18,1,5,5,17,tiny-imagenet_resnet18,rand,phisNone,none
XGBClassifier,0.9913793103448276,0.4956896551724138,0.5,0.49783549783549785,tiny-imagenet_resnet18_x19,1,5,5,17,tiny-imagenet_resnet18,rand,phisNone,none
XGBClassifier,0.9913793103448276,0.4956896551724138,0.5,0.49783549783549785,tiny-imagenet_resnet18_x20,1,5,5,17,tiny-imagenet_resnet18,rand,phisNone,none
XGBClassifier,0.9913793103448276,0.4956896551724138,0.5,0.49783549783549785,tiny-imagenet_resnet18_x21,1,5,5,17,tiny-imagenet_resnet18,rand,phisNone,none
XGBClassifier,0.9827586206896551,0.49137931034482757,0.5,0.4956521739130435,tiny-imagenet_resnet18_x22,1,5,5,17,tiny-imagenet_resnet18,rand,phisNone,none
XGBClassifier,0.9827586206896551,0.49137931034482757,0.5,0.4956521739130435,tiny-imagenet_resnet18_x23,1,5,5,17,tiny-imagenet_resnet18,rand,phisNone,none
XGBClassifier,1.0,1.0,1.0,1.0,iid_test,2,5,5,17,tiny-imagenet_resnet18,rand,phisNone,none
XGBClassifier,1.0,1.0,1.0,1.0,iid_train,2,5,5,17,tiny-imagenet_resnet18,rand,phisNone,none
XGBClassifier,1.0,1.0,1.0,1.0,tiny-imagenet_resnet18_x0,2,5,5,17,tiny-imagenet_resnet18,rand,phisNone,none
XGBClassifier,0.0,0.0,0.0,0.0,tiny-imagenet_resnet18_x1,2,5,5,17,tiny-imagenet_resnet18,rand,phisNone,none
XGBClassifier,0.0,0.0,0.0,0.0,tiny-imagenet_resnet18_x2,2,5,5,17,tiny-imagenet_resnet18,rand,phisNone,none
XGBClassifier,0.0,0.0,0.0,0.0,tiny-imagenet_resnet18_x3,2,5,5,17,tiny-imagenet_resnet18,rand,phisNone,none
XGBClassifier,0.0,0.0,0.0,0.0,tiny-imagenet_resnet18_x4,2,5,5,17,tiny-imagenet_resnet18,rand,phisNone,none
XGBClassifier,0.0,0.0,0.0,0.0,tiny-imagenet_resnet18_x5,2,5,5,17,tiny-imagenet_resnet18,rand,phisNone,none
XGBClassifier,0.0,0.0,0.0,0.0,tiny-imagenet_resnet18_x6,2,5,5,17,tiny-imagenet_resnet18,rand,phisNone,none
XGBClassifier,0.0,0.0,0.0,0.0,tiny-imagenet_resnet18_x7,2,5,5,17,tiny-imagenet_resnet18,rand,phisNone,none
XGBClassifier,0.0,0.0,0.0,0.0,tiny-imagenet_resnet18_x8,2,5,5,17,tiny-imagenet_resnet18,rand,phisNone,none
XGBClassifier,0.0,0.0,0.0,0.0,tiny-imagenet_resnet18_x9,2,5,5,17,tiny-imagenet_resnet18,rand,phisNone,none
XGBClassifier,0.0,0.0,0.0,0.0,tiny-imagenet_resnet18_x10,2,5,5,17,tiny-imagenet_resnet18,rand,phisNone,none
XGBClassifier,0.0,0.0,0.0,0.0,tiny-imagenet_resnet18_x11,2,5,5,17,tiny-imagenet_resnet18,rand,phisNone,none
XGBClassifier,0.0,0.0,0.0,0.0,tiny-imagenet_resnet18_x12,2,5,5,17,tiny-imagenet_resnet18,rand,phisNone,none
XGBClassifier,0.0,0.0,0.0,0.0,tiny-imagenet_resnet18_x13,2,5,5,17,tiny-imagenet_resnet18,rand,phisNone,none
XGBClassifier,0.0,0.0,0.0,0.0,tiny-imagenet_resnet18_x14,2,5,5,17,tiny-imagenet_resnet18,rand,phisNone,none
XGBClassifier,0.0,0.0,0.0,0.0,tiny-imagenet_resnet18_x15,2,5,5,17,tiny-imagenet_resnet18,rand,phisNone,none
XGBClassifier,0.008620689655172414,0.004310344827586207,0.5,0.008547008547008548,tiny-imagenet_resnet18_x16,2,5,5,17,tiny-imagenet_resnet18,rand,phisNone,none
XGBClassifier,1.0,1.0,1.0,1.0,tiny-imagenet_resnet18_x17,2,5,5,17,tiny-imagenet_resnet18,rand,phisNone,none
XGBClassifier,1.0,1.0,1.0,1.0,tiny-imagenet_resnet18_x18,2,5,5,17,tiny-imagenet_resnet18,rand,phisNone,none
XGBClassifier,1.0,1.0,1.0,1.0,tiny-imagenet_resnet18_x19,2,5,5,17,tiny-imagenet_resnet18,rand,phisNone,none
XGBClassifier,1.0,1.0,1.0,1.0,tiny-imagenet_resnet18_x20,2,5,5,17,tiny-imagenet_resnet18,rand,phisNone,none
XGBClassifier,1.0,1.0,1.0,1.0,tiny-imagenet_resnet18_x21,2,5,5,17,tiny-imagenet_resnet18,rand,phisNone,none
XGBClassifier,0.9913793103448276,0.4956896551724138,0.5,0.49783549783549785,tiny-imagenet_resnet18_x22,2,5,5,17,tiny-imagenet_resnet18,rand,phisNone,none
XGBClassifier,1.0,1.0,1.0,1.0,tiny-imagenet_resnet18_x23,2,5,5,17,tiny-imagenet_resnet18,rand,phisNone,none
XGBClassifier,1.0,1.0,1.0,1.0,iid_test,3,5,5,17,tiny-imagenet_resnet18,rand,phisNone,none
XGBClassifier,1.0,1.0,1.0,1.0,iid_train,3,5,5,17,tiny-imagenet_resnet18,rand,phisNone,none
XGBClassifier,1.0,1.0,1.0,1.0,tiny-imagenet_resnet18_x0,3,5,5,17,tiny-imagenet_resnet18,rand,phisNone,none
XGBClassifier,0.0,0.0,0.0,0.0,tiny-imagenet_resnet18_x1,3,5,5,17,tiny-imagenet_resnet18,rand,phisNone,none
XGBClassifier,0.0,0.0,0.0,0.0,tiny-imagenet_resnet18_x2,3,5,5,17,tiny-imagenet_resnet18,rand,phisNone,none
XGBClassifier,0.0,0.0,0.0,0.0,tiny-imagenet_resnet18_x3,3,5,5,17,tiny-imagenet_resnet18,rand,phisNone,none
XGBClassifier,0.0,0.0,0.0,0.0,tiny-imagenet_resnet18_x4,3,5,5,17,tiny-imagenet_resnet18,rand,phisNone,none
XGBClassifier,0.0,0.0,0.0,0.0,tiny-imagenet_resnet18_x5,3,5,5,17,tiny-imagenet_resnet18,rand,phisNone,none
XGBClassifier,0.0,0.0,0.0,0.0,tiny-imagenet_resnet18_x6,3,5,5,17,tiny-imagenet_resnet18,rand,phisNone,none
XGBClassifier,0.0,0.0,0.0,0.0,tiny-imagenet_resnet18_x7,3,5,5,17,tiny-imagenet_resnet18,rand,phisNone,none
XGBClassifier,0.0,0.0,0.0,0.0,tiny-imagenet_resnet18_x8,3,5,5,17,tiny-imagenet_resnet18,rand,phisNone,none
XGBClassifier,0.0,0.0,0.0,0.0,tiny-imagenet_resnet18_x9,3,5,5,17,tiny-imagenet_resnet18,rand,phisNone,none
XGBClassifier,0.0,0.0,0.0,0.0,tiny-imagenet_resnet18_x10,3,5,5,17,tiny-imagenet_resnet18,rand,phisNone,none
XGBClassifier,0.0,0.0,0.0,0.0,tiny-imagenet_resnet18_x11,3,5,5,17,tiny-imagenet_resnet18,rand,phisNone,none
XGBClassifier,0.0,0.0,0.0,0.0,tiny-imagenet_resnet18_x12,3,5,5,17,tiny-imagenet_resnet18,rand,phisNone,none
XGBClassifier,0.0,0.0,0.0,0.0,tiny-imagenet_resnet18_x13,3,5,5,17,tiny-imagenet_resnet18,rand,phisNone,none
XGBClassifier,0.0,0.0,0.0,0.0,tiny-imagenet_resnet18_x14,3,5,5,17,tiny-imagenet_resnet18,rand,phisNone,none
XGBClassifier,0.0,0.0,0.0,0.0,tiny-imagenet_resnet18_x15,3,5,5,17,tiny-imagenet_resnet18,rand,phisNone,none
XGBClassifier,0.0,0.0,0.0,0.0,tiny-imagenet_resnet18_x16,3,5,5,17,tiny-imagenet_resnet18,rand,phisNone,none
XGBClassifier,1.0,1.0,1.0,1.0,tiny-imagenet_resnet18_x17,3,5,5,17,tiny-imagenet_resnet18,rand,phisNone,none
XGBClassifier,0.9913793103448276,0.4956896551724138,0.5,0.49783549783549785,tiny-imagenet_resnet18_x18,3,5,5,17,tiny-imagenet_resnet18,rand,phisNone,none
XGBClassifier,0.9913793103448276,0.4956896551724138,0.5,0.49783549783549785,tiny-imagenet_resnet18_x19,3,5,5,17,tiny-imagenet_resnet18,rand,phisNone,none
XGBClassifier,0.9913793103448276,0.4956896551724138,0.5,0.49783549783549785,tiny-imagenet_resnet18_x20,3,5,5,17,tiny-imagenet_resnet18,rand,phisNone,none
XGBClassifier,0.9913793103448276,0.4956896551724138,0.5,0.49783549783549785,tiny-imagenet_resnet18_x21,3,5,5,17,tiny-imagenet_resnet18,rand,phisNone,none
XGBClassifier,0.9827586206896551,0.49137931034482757,0.5,0.4956521739130435,tiny-imagenet_resnet18_x22,3,5,5,17,tiny-imagenet_resnet18,rand,phisNone,none
XGBClassifier,0.9827586206896551,0.49137931034482757,0.5,0.4956521739130435,tiny-imagenet_resnet18_x23,3,5,5,17,tiny-imagenet_resnet18,rand,phisNone,none
XGBClassifier,0.9782608695652174,0.9782608695652174,0.9791666666666667,0.9782505910165484,iid_test,4,5,5,17,tiny-imagenet_resnet18,rand,phisNone,none
XGBClassifier,1.0,1.0,1.0,1.0,iid_train,4,5,5,17,tiny-imagenet_resnet18,rand,phisNone,none
XGBClassifier,0.9913793103448276,0.4956896551724138,0.5,0.49783549783549785,tiny-imagenet_resnet18_x0,4,5,5,17,tiny-imagenet_resnet18,rand,phisNone,none
XGBClassifier,0.008620689655172414,0.004310344827586207,0.5,0.008547008547008548,tiny-imagenet_resnet18_x1,4,5,5,17,tiny-imagenet_resnet18,rand,phisNone,none
XGBClassifier,0.008620689655172414,0.004310344827586207,0.5,0.008547008547008548,tiny-imagenet_resnet18_x2,4,5,5,17,tiny-imagenet_resnet18,rand,phisNone,none
XGBClassifier,0.008620689655172414,0.004310344827586207,0.5,0.008547008547008548,tiny-imagenet_resnet18_x3,4,5,5,17,tiny-imagenet_resnet18,rand,phisNone,none
XGBClassifier,0.008620689655172414,0.004310344827586207,0.5,0.008547008547008548,tiny-imagenet_resnet18_x4,4,5,5,17,tiny-imagenet_resnet18,rand,phisNone,none
XGBClassifier,0.008620689655172414,0.004310344827586207,0.5,0.008547008547008548,tiny-imagenet_resnet18_x5,4,5,5,17,tiny-imagenet_resnet18,rand,phisNone,none
XGBClassifier,0.008620689655172414,0.004310344827586207,0.5,0.008547008547008548,tiny-imagenet_resnet18_x6,4,5,5,17,tiny-imagenet_resnet18,rand,phisNone,none
XGBClassifier,0.008620689655172414,0.004310344827586207,0.5,0.008547008547008548,tiny-imagenet_resnet18_x7,4,5,5,17,tiny-imagenet_resnet18,rand,phisNone,none
XGBClassifier,0.008620689655172414,0.004310344827586207,0.5,0.008547008547008548,tiny-imagenet_resnet18_x8,4,5,5,17,tiny-imagenet_resnet18,rand,phisNone,none
XGBClassifier,0.008620689655172414,0.004310344827586207,0.5,0.008547008547008548,tiny-imagenet_resnet18_x9,4,5,5,17,tiny-imagenet_resnet18,rand,phisNone,none
XGBClassifier,0.008620689655172414,0.004310344827586207,0.5,0.008547008547008548,tiny-imagenet_resnet18_x10,4,5,5,17,tiny-imagenet_resnet18,rand,phisNone,none
XGBClassifier,0.008620689655172414,0.004310344827586207,0.5,0.008547008547008548,tiny-imagenet_resnet18_x11,4,5,5,17,tiny-imagenet_resnet18,rand,phisNone,none
XGBClassifier,0.008620689655172414,0.004310344827586207,0.5,0.008547008547008548,tiny-imagenet_resnet18_x12,4,5,5,17,tiny-imagenet_resnet18,rand,phisNone,none
XGBClassifier,0.008620689655172414,0.004310344827586207,0.5,0.008547008547008548,tiny-imagenet_resnet18_x13,4,5,5,17,tiny-imagenet_resnet18,rand,phisNone,none
XGBClassifier,0.008620689655172414,0.004310344827586207,0.5,0.008547008547008548,tiny-imagenet_resnet18_x14,4,5,5,17,tiny-imagenet_resnet18,rand,phisNone,none
XGBClassifier,0.008620689655172414,0.004310344827586207,0.5,0.008547008547008548,tiny-imagenet_resnet18_x15,4,5,5,17,tiny-imagenet_resnet18,rand,phisNone,none
XGBClassifier,0.008620689655172414,0.004310344827586207,0.5,0.008547008547008548,tiny-imagenet_resnet18_x16,4,5,5,17,tiny-imagenet_resnet18,rand,phisNone,none
XGBClassifier,1.0,1.0,1.0,1.0,tiny-imagenet_resnet18_x17,4,5,5,17,tiny-imagenet_resnet18,rand,phisNone,none
XGBClassifier,0.9913793103448276,0.4956896551724138,0.5,0.49783549783549785,tiny-imagenet_resnet18_x18,4,5,5,17,tiny-imagenet_resnet18,rand,phisNone,none
XGBClassifier,0.9913793103448276,0.4956896551724138,0.5,0.49783549783549785,tiny-imagenet_resnet18_x19,4,5,5,17,tiny-imagenet_resnet18,rand,phisNone,none
XGBClassifier,0.9913793103448276,0.4956896551724138,0.5,0.49783549783549785,tiny-imagenet_resnet18_x20,4,5,5,17,tiny-imagenet_resnet18,rand,phisNone,none
XGBClassifier,0.9913793103448276,0.4956896551724138,0.5,0.49783549783549785,tiny-imagenet_resnet18_x21,4,5,5,17,tiny-imagenet_resnet18,rand,phisNone,none
XGBClassifier,0.9827586206896551,0.49137931034482757,0.5,0.4956521739130435,tiny-imagenet_resnet18_x22,4,5,5,17,tiny-imagenet_resnet18,rand,phisNone,none
XGBClassifier,0.9827586206896551,0.49137931034482757,0.5,0.4956521739130435,tiny-imagenet_resnet18_x23,4,5,5,17,tiny-imagenet_resnet18,rand,phisNone,none
XGBClassifier,1.0,1.0,1.0,1.0,iid_test,5,5,5,17,tiny-imagenet_resnet18,rand,phisNone,none
XGBClassifier,1.0,1.0,1.0,1.0,iid_train,5,5,5,17,tiny-imagenet_resnet18,rand,phisNone,none
XGBClassifier,1.0,1.0,1.0,1.0,tiny-imagenet_resnet18_x0,5,5,5,17,tiny-imagenet_resnet18,rand,phisNone,none
XGBClassifier,0.0,0.0,0.0,0.0,tiny-imagenet_resnet18_x1,5,5,5,17,tiny-imagenet_resnet18,rand,phisNone,none
XGBClassifier,0.0,0.0,0.0,0.0,tiny-imagenet_resnet18_x2,5,5,5,17,tiny-imagenet_resnet18,rand,phisNone,none
XGBClassifier,0.0,0.0,0.0,0.0,tiny-imagenet_resnet18_x3,5,5,5,17,tiny-imagenet_resnet18,rand,phisNone,none
XGBClassifier,0.0,0.0,0.0,0.0,tiny-imagenet_resnet18_x4,5,5,5,17,tiny-imagenet_resnet18,rand,phisNone,none
XGBClassifier,0.0,0.0,0.0,0.0,tiny-imagenet_resnet18_x5,5,5,5,17,tiny-imagenet_resnet18,rand,phisNone,none
XGBClassifier,0.0,0.0,0.0,0.0,tiny-imagenet_resnet18_x6,5,5,5,17,tiny-imagenet_resnet18,rand,phisNone,none
XGBClassifier,0.0,0.0,0.0,0.0,tiny-imagenet_resnet18_x7,5,5,5,17,tiny-imagenet_resnet18,rand,phisNone,none
XGBClassifier,0.0,0.0,0.0,0.0,tiny-imagenet_resnet18_x8,5,5,5,17,tiny-imagenet_resnet18,rand,phisNone,none
XGBClassifier,0.0,0.0,0.0,0.0,tiny-imagenet_resnet18_x9,5,5,5,17,tiny-imagenet_resnet18,rand,phisNone,none
XGBClassifier,0.0,0.0,0.0,0.0,tiny-imagenet_resnet18_x10,5,5,5,17,tiny-imagenet_resnet18,rand,phisNone,none
XGBClassifier,0.0,0.0,0.0,0.0,tiny-imagenet_resnet18_x11,5,5,5,17,tiny-imagenet_resnet18,rand,phisNone,none
XGBClassifier,0.0,0.0,0.0,0.0,tiny-imagenet_resnet18_x12,5,5,5,17,tiny-imagenet_resnet18,rand,phisNone,none
XGBClassifier,0.0,0.0,0.0,0.0,tiny-imagenet_resnet18_x13,5,5,5,17,tiny-imagenet_resnet18,rand,phisNone,none
XGBClassifier,0.0,0.0,0.0,0.0,tiny-imagenet_resnet18_x14,5,5,5,17,tiny-imagenet_resnet18,rand,phisNone,none
XGBClassifier,0.0,0.0,0.0,0.0,tiny-imagenet_resnet18_x15,5,5,5,17,tiny-imagenet_resnet18,rand,phisNone,none
XGBClassifier,0.0,0.0,0.0,0.0,tiny-imagenet_resnet18_x16,5,5,5,17,tiny-imagenet_resnet18,rand,phisNone,none
XGBClassifier,1.0,1.0,1.0,1.0,tiny-imagenet_resnet18_x17,5,5,5,17,tiny-imagenet_resnet18,rand,phisNone,none
XGBClassifier,0.9913793103448276,0.4956896551724138,0.5,0.49783549783549785,tiny-imagenet_resnet18_x18,5,5,5,17,tiny-imagenet_resnet18,rand,phisNone,none
XGBClassifier,0.9913793103448276,0.4956896551724138,0.5,0.49783549783549785,tiny-imagenet_resnet18_x19,5,5,5,17,tiny-imagenet_resnet18,rand,phisNone,none
XGBClassifier,0.9913793103448276,0.4956896551724138,0.5,0.49783549783549785,tiny-imagenet_resnet18_x20,5,5,5,17,tiny-imagenet_resnet18,rand,phisNone,none
XGBClassifier,0.9913793103448276,0.4956896551724138,0.5,0.49783549783549785,tiny-imagenet_resnet18_x21,5,5,5,17,tiny-imagenet_resnet18,rand,phisNone,none
XGBClassifier,0.9827586206896551,0.49137931034482757,0.5,0.4956521739130435,tiny-imagenet_resnet18_x22,5,5,5,17,tiny-imagenet_resnet18,rand,phisNone,none
XGBClassifier,0.9827586206896551,0.49137931034482757,0.5,0.4956521739130435,tiny-imagenet_resnet18_x23,5,5,5,17,tiny-imagenet_resnet18,rand,phisNone,none
XGBClassifier,1.0,1.0,1.0,1.0,iid_test,6,5,5,17,tiny-imagenet_resnet18,rand,phisNone,none
XGBClassifier,1.0,1.0,1.0,1.0,iid_train,6,5,5,17,tiny-imagenet_resnet18,rand,phisNone,none
XGBClassifier,1.0,1.0,1.0,1.0,tiny-imagenet_resnet18_x0,6,5,5,17,tiny-imagenet_resnet18,rand,phisNone,none
XGBClassifier,0.0,0.0,0.0,0.0,tiny-imagenet_resnet18_x1,6,5,5,17,tiny-imagenet_resnet18,rand,phisNone,none
XGBClassifier,0.0,0.0,0.0,0.0,tiny-imagenet_resnet18_x2,6,5,5,17,tiny-imagenet_resnet18,rand,phisNone,none
XGBClassifier,0.0,0.0,0.0,0.0,tiny-imagenet_resnet18_x3,6,5,5,17,tiny-imagenet_resnet18,rand,phisNone,none
XGBClassifier,0.0,0.0,0.0,0.0,tiny-imagenet_resnet18_x4,6,5,5,17,tiny-imagenet_resnet18,rand,phisNone,none
XGBClassifier,0.0,0.0,0.0,0.0,tiny-imagenet_resnet18_x5,6,5,5,17,tiny-imagenet_resnet18,rand,phisNone,none
XGBClassifier,0.0,0.0,0.0,0.0,tiny-imagenet_resnet18_x6,6,5,5,17,tiny-imagenet_resnet18,rand,phisNone,none
XGBClassifier,0.0,0.0,0.0,0.0,tiny-imagenet_resnet18_x7,6,5,5,17,tiny-imagenet_resnet18,rand,phisNone,none
XGBClassifier,0.0,0.0,0.0,0.0,tiny-imagenet_resnet18_x8,6,5,5,17,tiny-imagenet_resnet18,rand,phisNone,none
XGBClassifier,0.0,0.0,0.0,0.0,tiny-imagenet_resnet18_x9,6,5,5,17,tiny-imagenet_resnet18,rand,phisNone,none
XGBClassifier,0.0,0.0,0.0,0.0,tiny-imagenet_resnet18_x10,6,5,5,17,tiny-imagenet_resnet18,rand,phisNone,none
XGBClassifier,0.0,0.0,0.0,0.0,tiny-imagenet_resnet18_x11,6,5,5,17,tiny-imagenet_resnet18,rand,phisNone,none
XGBClassifier,0.0,0.0,0.0,0.0,tiny-imagenet_resnet18_x12,6,5,5,17,tiny-imagenet_resnet18,rand,phisNone,none
XGBClassifier,0.0,0.0,0.0,0.0,tiny-imagenet_resnet18_x13,6,5,5,17,tiny-imagenet_resnet18,rand,phisNone,none
XGBClassifier,0.0,0.0,0.0,0.0,tiny-imagenet_resnet18_x14,6,5,5,17,tiny-imagenet_resnet18,rand,phisNone,none
XGBClassifier,0.0,0.0,0.0,0.0,tiny-imagenet_resnet18_x15,6,5,5,17,tiny-imagenet_resnet18,rand,phisNone,none
XGBClassifier,0.0,0.0,0.0,0.0,tiny-imagenet_resnet18_x16,6,5,5,17,tiny-imagenet_resnet18,rand,phisNone,none
XGBClassifier,1.0,1.0,1.0,1.0,tiny-imagenet_resnet18_x17,6,5,5,17,tiny-imagenet_resnet18,rand,phisNone,none
XGBClassifier,0.9913793103448276,0.4956896551724138,0.5,0.49783549783549785,tiny-imagenet_resnet18_x18,6,5,5,17,tiny-imagenet_resnet18,rand,phisNone,none
XGBClassifier,0.9913793103448276,0.4956896551724138,0.5,0.49783549783549785,tiny-imagenet_resnet18_x19,6,5,5,17,tiny-imagenet_resnet18,rand,phisNone,none
XGBClassifier,0.9913793103448276,0.4956896551724138,0.5,0.49783549783549785,tiny-imagenet_resnet18_x20,6,5,5,17,tiny-imagenet_resnet18,rand,phisNone,none
XGBClassifier,0.9913793103448276,0.4956896551724138,0.5,0.49783549783549785,tiny-imagenet_resnet18_x21,6,5,5,17,tiny-imagenet_resnet18,rand,phisNone,none
XGBClassifier,0.9827586206896551,0.49137931034482757,0.5,0.4956521739130435,tiny-imagenet_resnet18_x22,6,5,5,17,tiny-imagenet_resnet18,rand,phisNone,none
XGBClassifier,0.9827586206896551,0.49137931034482757,0.5,0.4956521739130435,tiny-imagenet_resnet18_x23,6,5,5,17,tiny-imagenet_resnet18,rand,phisNone,none
XGBClassifier,0.9782608695652174,0.9782608695652174,0.9791666666666667,0.9782505910165484,iid_test,7,5,5,17,tiny-imagenet_resnet18,rand,phisNone,none
XGBClassifier,1.0,1.0,1.0,1.0,iid_train,7,5,5,17,tiny-imagenet_resnet18,rand,phisNone,none
XGBClassifier,0.9913793103448276,0.4956896551724138,0.5,0.49783549783549785,tiny-imagenet_resnet18_x0,7,5,5,17,tiny-imagenet_resnet18,rand,phisNone,none
XGBClassifier,0.008620689655172414,0.004310344827586207,0.5,0.008547008547008548,tiny-imagenet_resnet18_x1,7,5,5,17,tiny-imagenet_resnet18,rand,phisNone,none
XGBClassifier,0.008620689655172414,0.004310344827586207,0.5,0.008547008547008548,tiny-imagenet_resnet18_x2,7,5,5,17,tiny-imagenet_resnet18,rand,phisNone,none
XGBClassifier,0.008620689655172414,0.004310344827586207,0.5,0.008547008547008548,tiny-imagenet_resnet18_x3,7,5,5,17,tiny-imagenet_resnet18,rand,phisNone,none
XGBClassifier,0.008620689655172414,0.004310344827586207,0.5,0.008547008547008548,tiny-imagenet_resnet18_x4,7,5,5,17,tiny-imagenet_resnet18,rand,phisNone,none
XGBClassifier,0.008620689655172414,0.004310344827586207,0.5,0.008547008547008548,tiny-imagenet_resnet18_x5,7,5,5,17,tiny-imagenet_resnet18,rand,phisNone,none
XGBClassifier,0.008620689655172414,0.004310344827586207,0.5,0.008547008547008548,tiny-imagenet_resnet18_x6,7,5,5,17,tiny-imagenet_resnet18,rand,phisNone,none
XGBClassifier,0.008620689655172414,0.004310344827586207,0.5,0.008547008547008548,tiny-imagenet_resnet18_x7,7,5,5,17,tiny-imagenet_resnet18,rand,phisNone,none
XGBClassifier,0.008620689655172414,0.004310344827586207,0.5,0.008547008547008548,tiny-imagenet_resnet18_x8,7,5,5,17,tiny-imagenet_resnet18,rand,phisNone,none
XGBClassifier,0.008620689655172414,0.004310344827586207,0.5,0.008547008547008548,tiny-imagenet_resnet18_x9,7,5,5,17,tiny-imagenet_resnet18,rand,phisNone,none
XGBClassifier,0.008620689655172414,0.004310344827586207,0.5,0.008547008547008548,tiny-imagenet_resnet18_x10,7,5,5,17,tiny-imagenet_resnet18,rand,phisNone,none
XGBClassifier,0.008620689655172414,0.004310344827586207,0.5,0.008547008547008548,tiny-imagenet_resnet18_x11,7,5,5,17,tiny-imagenet_resnet18,rand,phisNone,none
XGBClassifier,0.008620689655172414,0.004310344827586207,0.5,0.008547008547008548,tiny-imagenet_resnet18_x12,7,5,5,17,tiny-imagenet_resnet18,rand,phisNone,none
XGBClassifier,0.008620689655172414,0.004310344827586207,0.5,0.008547008547008548,tiny-imagenet_resnet18_x13,7,5,5,17,tiny-imagenet_resnet18,rand,phisNone,none
XGBClassifier,0.008620689655172414,0.004310344827586207,0.5,0.008547008547008548,tiny-imagenet_resnet18_x14,7,5,5,17,tiny-imagenet_resnet18,rand,phisNone,none
XGBClassifier,0.008620689655172414,0.004310344827586207,0.5,0.008547008547008548,tiny-imagenet_resnet18_x15,7,5,5,17,tiny-imagenet_resnet18,rand,phisNone,none
XGBClassifier,0.008620689655172414,0.004310344827586207,0.5,0.008547008547008548,tiny-imagenet_resnet18_x16,7,5,5,17,tiny-imagenet_resnet18,rand,phisNone,none
XGBClassifier,1.0,1.0,1.0,1.0,tiny-imagenet_resnet18_x17,7,5,5,17,tiny-imagenet_resnet18,rand,phisNone,none
XGBClassifier,0.9913793103448276,0.4956896551724138,0.5,0.49783549783549785,tiny-imagenet_resnet18_x18,7,5,5,17,tiny-imagenet_resnet18,rand,phisNone,none
XGBClassifier,0.9913793103448276,0.4956896551724138,0.5,0.49783549783549785,tiny-imagenet_resnet18_x19,7,5,5,17,tiny-imagenet_resnet18,rand,phisNone,none
XGBClassifier,0.9913793103448276,0.4956896551724138,0.5,0.49783549783549785,tiny-imagenet_resnet18_x20,7,5,5,17,tiny-imagenet_resnet18,rand,phisNone,none
XGBClassifier,0.9913793103448276,0.4956896551724138,0.5,0.49783549783549785,tiny-imagenet_resnet18_x21,7,5,5,17,tiny-imagenet_resnet18,rand,phisNone,none
XGBClassifier,0.9827586206896551,0.49137931034482757,0.5,0.4956521739130435,tiny-imagenet_resnet18_x22,7,5,5,17,tiny-imagenet_resnet18,rand,phisNone,none
XGBClassifier,0.9827586206896551,0.49137931034482757,0.5,0.4956521739130435,tiny-imagenet_resnet18_x23,7,5,5,17,tiny-imagenet_resnet18,rand,phisNone,none
XGBClassifier,1.0,1.0,1.0,1.0,iid_test,8,5,5,17,tiny-imagenet_resnet18,rand,phisNone,none
XGBClassifier,1.0,1.0,1.0,1.0,iid_train,8,5,5,17,tiny-imagenet_resnet18,rand,phisNone,none
XGBClassifier,1.0,1.0,1.0,1.0,tiny-imagenet_resnet18_x0,8,5,5,17,tiny-imagenet_resnet18,rand,phisNone,none
XGBClassifier,0.0,0.0,0.0,0.0,tiny-imagenet_resnet18_x1,8,5,5,17,tiny-imagenet_resnet18,rand,phisNone,none
XGBClassifier,0.0,0.0,0.0,0.0,tiny-imagenet_resnet18_x2,8,5,5,17,tiny-imagenet_resnet18,rand,phisNone,none
XGBClassifier,0.0,0.0,0.0,0.0,tiny-imagenet_resnet18_x3,8,5,5,17,tiny-imagenet_resnet18,rand,phisNone,none
XGBClassifier,0.0,0.0,0.0,0.0,tiny-imagenet_resnet18_x4,8,5,5,17,tiny-imagenet_resnet18,rand,phisNone,none
XGBClassifier,0.0,0.0,0.0,0.0,tiny-imagenet_resnet18_x5,8,5,5,17,tiny-imagenet_resnet18,rand,phisNone,none
XGBClassifier,0.0,0.0,0.0,0.0,tiny-imagenet_resnet18_x6,8,5,5,17,tiny-imagenet_resnet18,rand,phisNone,none
XGBClassifier,0.0,0.0,0.0,0.0,tiny-imagenet_resnet18_x7,8,5,5,17,tiny-imagenet_resnet18,rand,phisNone,none
XGBClassifier,0.0,0.0,0.0,0.0,tiny-imagenet_resnet18_x8,8,5,5,17,tiny-imagenet_resnet18,rand,phisNone,none
XGBClassifier,0.0,0.0,0.0,0.0,tiny-imagenet_resnet18_x9,8,5,5,17,tiny-imagenet_resnet18,rand,phisNone,none
XGBClassifier,0.0,0.0,0.0,0.0,tiny-imagenet_resnet18_x10,8,5,5,17,tiny-imagenet_resnet18,rand,phisNone,none
XGBClassifier,0.0,0.0,0.0,0.0,tiny-imagenet_resnet18_x11,8,5,5,17,tiny-imagenet_resnet18,rand,phisNone,none
XGBClassifier,0.0,0.0,0.0,0.0,tiny-imagenet_resnet18_x12,8,5,5,17,tiny-imagenet_resnet18,rand,phisNone,none
XGBClassifier,0.0,0.0,0.0,0.0,tiny-imagenet_resnet18_x13,8,5,5,17,tiny-imagenet_resnet18,rand,phisNone,none
XGBClassifier,0.0,0.0,0.0,0.0,tiny-imagenet_resnet18_x14,8,5,5,17,tiny-imagenet_resnet18,rand,phisNone,none
XGBClassifier,0.0,0.0,0.0,0.0,tiny-imagenet_resnet18_x15,8,5,5,17,tiny-imagenet_resnet18,rand,phisNone,none
XGBClassifier,0.0,0.0,0.0,0.0,tiny-imagenet_resnet18_x16,8,5,5,17,tiny-imagenet_resnet18,rand,phisNone,none
XGBClassifier,1.0,1.0,1.0,1.0,tiny-imagenet_resnet18_x17,8,5,5,17,tiny-imagenet_resnet18,rand,phisNone,none
XGBClassifier,0.9913793103448276,0.4956896551724138,0.5,0.49783549783549785,tiny-imagenet_resnet18_x18,8,5,5,17,tiny-imagenet_resnet18,rand,phisNone,none
XGBClassifier,0.9913793103448276,0.4956896551724138,0.5,0.49783549783549785,tiny-imagenet_resnet18_x19,8,5,5,17,tiny-imagenet_resnet18,rand,phisNone,none
XGBClassifier,0.9913793103448276,0.4956896551724138,0.5,0.49783549783549785,tiny-imagenet_resnet18_x20,8,5,5,17,tiny-imagenet_resnet18,rand,phisNone,none
XGBClassifier,0.9913793103448276,0.4956896551724138,0.5,0.49783549783549785,tiny-imagenet_resnet18_x21,8,5,5,17,tiny-imagenet_resnet18,rand,phisNone,none
XGBClassifier,0.9913793103448276,0.4956896551724138,0.5,0.49783549783549785,tiny-imagenet_resnet18_x22,8,5,5,17,tiny-imagenet_resnet18,rand,phisNone,none
XGBClassifier,0.9827586206896551,0.49137931034482757,0.5,0.4956521739130435,tiny-imagenet_resnet18_x23,8,5,5,17,tiny-imagenet_resnet18,rand,phisNone,none
XGBClassifier,1.0,1.0,1.0,1.0,iid_test,9,5,5,17,tiny-imagenet_resnet18,rand,phisNone,none
XGBClassifier,1.0,1.0,1.0,1.0,iid_train,9,5,5,17,tiny-imagenet_resnet18,rand,phisNone,none
XGBClassifier,1.0,1.0,1.0,1.0,tiny-imagenet_resnet18_x0,9,5,5,17,tiny-imagenet_resnet18,rand,phisNone,none
XGBClassifier,0.0,0.0,0.0,0.0,tiny-imagenet_resnet18_x1,9,5,5,17,tiny-imagenet_resnet18,rand,phisNone,none
XGBClassifier,0.0,0.0,0.0,0.0,tiny-imagenet_resnet18_x2,9,5,5,17,tiny-imagenet_resnet18,rand,phisNone,none
XGBClassifier,0.0,0.0,0.0,0.0,tiny-imagenet_resnet18_x3,9,5,5,17,tiny-imagenet_resnet18,rand,phisNone,none
XGBClassifier,0.0,0.0,0.0,0.0,tiny-imagenet_resnet18_x4,9,5,5,17,tiny-imagenet_resnet18,rand,phisNone,none
XGBClassifier,0.0,0.0,0.0,0.0,tiny-imagenet_resnet18_x5,9,5,5,17,tiny-imagenet_resnet18,rand,phisNone,none
XGBClassifier,0.0,0.0,0.0,0.0,tiny-imagenet_resnet18_x6,9,5,5,17,tiny-imagenet_resnet18,rand,phisNone,none
XGBClassifier,0.0,0.0,0.0,0.0,tiny-imagenet_resnet18_x7,9,5,5,17,tiny-imagenet_resnet18,rand,phisNone,none
XGBClassifier,0.0,0.0,0.0,0.0,tiny-imagenet_resnet18_x8,9,5,5,17,tiny-imagenet_resnet18,rand,phisNone,none
XGBClassifier,0.0,0.0,0.0,0.0,tiny-imagenet_resnet18_x9,9,5,5,17,tiny-imagenet_resnet18,rand,phisNone,none
XGBClassifier,0.0,0.0,0.0,0.0,tiny-imagenet_resnet18_x10,9,5,5,17,tiny-imagenet_resnet18,rand,phisNone,none
XGBClassifier,0.0,0.0,0.0,0.0,tiny-imagenet_resnet18_x11,9,5,5,17,tiny-imagenet_resnet18,rand,phisNone,none
XGBClassifier,0.0,0.0,0.0,0.0,tiny-imagenet_resnet18_x12,9,5,5,17,tiny-imagenet_resnet18,rand,phisNone,none
XGBClassifier,0.0,0.0,0.0,0.0,tiny-imagenet_resnet18_x13,9,5,5,17,tiny-imagenet_resnet18,rand,phisNone,none
XGBClassifier,0.0,0.0,0.0,0.0,tiny-imagenet_resnet18_x14,9,5,5,17,tiny-imagenet_resnet18,rand,phisNone,none
XGBClassifier,0.0,0.0,0.0,0.0,tiny-imagenet_resnet18_x15,9,5,5,17,tiny-imagenet_resnet18,rand,phisNone,none
XGBClassifier,0.0,0.0,0.0,0.0,tiny-imagenet_resnet18_x16,9,5,5,17,tiny-imagenet_resnet18,rand,phisNone,none
XGBClassifier,1.0,1.0,1.0,1.0,tiny-imagenet_resnet18_x17,9,5,5,17,tiny-imagenet_resnet18,rand,phisNone,none
XGBClassifier,0.9913793103448276,0.4956896551724138,0.5,0.49783549783549785,tiny-imagenet_resnet18_x18,9,5,5,17,tiny-imagenet_resnet18,rand,phisNone,none
XGBClassifier,0.9913793103448276,0.4956896551724138,0.5,0.49783549783549785,tiny-imagenet_resnet18_x19,9,5,5,17,tiny-imagenet_resnet18,rand,phisNone,none
XGBClassifier,0.9913793103448276,0.4956896551724138,0.5,0.49783549783549785,tiny-imagenet_resnet18_x20,9,5,5,17,tiny-imagenet_resnet18,rand,phisNone,none
XGBClassifier,0.9913793103448276,0.4956896551724138,0.5,0.49783549783549785,tiny-imagenet_resnet18_x21,9,5,5,17,tiny-imagenet_resnet18,rand,phisNone,none
XGBClassifier,0.9827586206896551,0.49137931034482757,0.5,0.4956521739130435,tiny-imagenet_resnet18_x22,9,5,5,17,tiny-imagenet_resnet18,rand,phisNone,none
XGBClassifier,0.9827586206896551,0.49137931034482757,0.5,0.4956521739130435,tiny-imagenet_resnet18_x23,9,5,5,17,tiny-imagenet_resnet18,rand,phisNone,none
XGBClassifier,1.0,1.0,1.0,1.0,iid_test,10,5,5,17,tiny-imagenet_resnet18,rand,phisNone,none
XGBClassifier,1.0,1.0,1.0,1.0,iid_train,10,5,5,17,tiny-imagenet_resnet18,rand,phisNone,none
XGBClassifier,1.0,1.0,1.0,1.0,tiny-imagenet_resnet18_x0,10,5,5,17,tiny-imagenet_resnet18,rand,phisNone,none
XGBClassifier,0.0,0.0,0.0,0.0,tiny-imagenet_resnet18_x1,10,5,5,17,tiny-imagenet_resnet18,rand,phisNone,none
XGBClassifier,0.0,0.0,0.0,0.0,tiny-imagenet_resnet18_x2,10,5,5,17,tiny-imagenet_resnet18,rand,phisNone,none
XGBClassifier,0.0,0.0,0.0,0.0,tiny-imagenet_resnet18_x3,10,5,5,17,tiny-imagenet_resnet18,rand,phisNone,none
XGBClassifier,0.0,0.0,0.0,0.0,tiny-imagenet_resnet18_x4,10,5,5,17,tiny-imagenet_resnet18,rand,phisNone,none
XGBClassifier,0.0,0.0,0.0,0.0,tiny-imagenet_resnet18_x5,10,5,5,17,tiny-imagenet_resnet18,rand,phisNone,none
XGBClassifier,0.0,0.0,0.0,0.0,tiny-imagenet_resnet18_x6,10,5,5,17,tiny-imagenet_resnet18,rand,phisNone,none
XGBClassifier,0.0,0.0,0.0,0.0,tiny-imagenet_resnet18_x7,10,5,5,17,tiny-imagenet_resnet18,rand,phisNone,none
XGBClassifier,0.0,0.0,0.0,0.0,tiny-imagenet_resnet18_x8,10,5,5,17,tiny-imagenet_resnet18,rand,phisNone,none
XGBClassifier,0.0,0.0,0.0,0.0,tiny-imagenet_resnet18_x9,10,5,5,17,tiny-imagenet_resnet18,rand,phisNone,none
XGBClassifier,0.0,0.0,0.0,0.0,tiny-imagenet_resnet18_x10,10,5,5,17,tiny-imagenet_resnet18,rand,phisNone,none
XGBClassifier,0.0,0.0,0.0,0.0,tiny-imagenet_resnet18_x11,10,5,5,17,tiny-imagenet_resnet18,rand,phisNone,none
XGBClassifier,0.0,0.0,0.0,0.0,tiny-imagenet_resnet18_x12,10,5,5,17,tiny-imagenet_resnet18,rand,phisNone,none
XGBClassifier,0.0,0.0,0.0,0.0,tiny-imagenet_resnet18_x13,10,5,5,17,tiny-imagenet_resnet18,rand,phisNone,none
XGBClassifier,0.0,0.0,0.0,0.0,tiny-imagenet_resnet18_x14,10,5,5,17,tiny-imagenet_resnet18,rand,phisNone,none
XGBClassifier,0.0,0.0,0.0,0.0,tiny-imagenet_resnet18_x15,10,5,5,17,tiny-imagenet_resnet18,rand,phisNone,none
XGBClassifier,0.0,0.0,0.0,0.0,tiny-imagenet_resnet18_x16,10,5,5,17,tiny-imagenet_resnet18,rand,phisNone,none
XGBClassifier,1.0,1.0,1.0,1.0,tiny-imagenet_resnet18_x17,10,5,5,17,tiny-imagenet_resnet18,rand,phisNone,none
XGBClassifier,0.9913793103448276,0.4956896551724138,0.5,0.49783549783549785,tiny-imagenet_resnet18_x18,10,5,5,17,tiny-imagenet_resnet18,rand,phisNone,none
XGBClassifier,0.9913793103448276,0.4956896551724138,0.5,0.49783549783549785,tiny-imagenet_resnet18_x19,10,5,5,17,tiny-imagenet_resnet18,rand,phisNone,none
XGBClassifier,0.9913793103448276,0.4956896551724138,0.5,0.49783549783549785,tiny-imagenet_resnet18_x20,10,5,5,17,tiny-imagenet_resnet18,rand,phisNone,none
XGBClassifier,0.9913793103448276,0.4956896551724138,0.5,0.49783549783549785,tiny-imagenet_resnet18_x21,10,5,5,17,tiny-imagenet_resnet18,rand,phisNone,none
XGBClassifier,0.9827586206896551,0.49137931034482757,0.5,0.4956521739130435,tiny-imagenet_resnet18_x22,10,5,5,17,tiny-imagenet_resnet18,rand,phisNone,none
XGBClassifier,0.9827586206896551,0.49137931034482757,0.5,0.4956521739130435,tiny-imagenet_resnet18_x23,10,5,5,17,tiny-imagenet_resnet18,rand,phisNone,none
XGBClassifier,1.0,1.0,1.0,1.0,iid_test,11,5,5,17,tiny-imagenet_resnet18,rand,phisNone,none
XGBClassifier,1.0,1.0,1.0,1.0,iid_train,11,5,5,17,tiny-imagenet_resnet18,rand,phisNone,none
XGBClassifier,1.0,1.0,1.0,1.0,tiny-imagenet_resnet18_x0,11,5,5,17,tiny-imagenet_resnet18,rand,phisNone,none
XGBClassifier,0.0,0.0,0.0,0.0,tiny-imagenet_resnet18_x1,11,5,5,17,tiny-imagenet_resnet18,rand,phisNone,none
XGBClassifier,0.0,0.0,0.0,0.0,tiny-imagenet_resnet18_x2,11,5,5,17,tiny-imagenet_resnet18,rand,phisNone,none
XGBClassifier,0.0,0.0,0.0,0.0,tiny-imagenet_resnet18_x3,11,5,5,17,tiny-imagenet_resnet18,rand,phisNone,none
XGBClassifier,0.0,0.0,0.0,0.0,tiny-imagenet_resnet18_x4,11,5,5,17,tiny-imagenet_resnet18,rand,phisNone,none
XGBClassifier,0.0,0.0,0.0,0.0,tiny-imagenet_resnet18_x5,11,5,5,17,tiny-imagenet_resnet18,rand,phisNone,none
XGBClassifier,0.0,0.0,0.0,0.0,tiny-imagenet_resnet18_x6,11,5,5,17,tiny-imagenet_resnet18,rand,phisNone,none
XGBClassifier,0.0,0.0,0.0,0.0,tiny-imagenet_resnet18_x7,11,5,5,17,tiny-imagenet_resnet18,rand,phisNone,none
XGBClassifier,0.0,0.0,0.0,0.0,tiny-imagenet_resnet18_x8,11,5,5,17,tiny-imagenet_resnet18,rand,phisNone,none
XGBClassifier,0.0,0.0,0.0,0.0,tiny-imagenet_resnet18_x9,11,5,5,17,tiny-imagenet_resnet18,rand,phisNone,none
XGBClassifier,0.0,0.0,0.0,0.0,tiny-imagenet_resnet18_x10,11,5,5,17,tiny-imagenet_resnet18,rand,phisNone,none
XGBClassifier,0.0,0.0,0.0,0.0,tiny-imagenet_resnet18_x11,11,5,5,17,tiny-imagenet_resnet18,rand,phisNone,none
XGBClassifier,0.0,0.0,0.0,0.0,tiny-imagenet_resnet18_x12,11,5,5,17,tiny-imagenet_resnet18,rand,phisNone,none
XGBClassifier,0.0,0.0,0.0,0.0,tiny-imagenet_resnet18_x13,11,5,5,17,tiny-imagenet_resnet18,rand,phisNone,none
XGBClassifier,0.0,0.0,0.0,0.0,tiny-imagenet_resnet18_x14,11,5,5,17,tiny-imagenet_resnet18,rand,phisNone,none
XGBClassifier,0.0,0.0,0.0,0.0,tiny-imagenet_resnet18_x15,11,5,5,17,tiny-imagenet_resnet18,rand,phisNone,none
XGBClassifier,0.0,0.0,0.0,0.0,tiny-imagenet_resnet18_x16,11,5,5,17,tiny-imagenet_resnet18,rand,phisNone,none
XGBClassifier,1.0,1.0,1.0,1.0,tiny-imagenet_resnet18_x17,11,5,5,17,tiny-imagenet_resnet18,rand,phisNone,none
XGBClassifier,0.9913793103448276,0.4956896551724138,0.5,0.49783549783549785,tiny-imagenet_resnet18_x18,11,5,5,17,tiny-imagenet_resnet18,rand,phisNone,none
XGBClassifier,0.9913793103448276,0.4956896551724138,0.5,0.49783549783549785,tiny-imagenet_resnet18_x19,11,5,5,17,tiny-imagenet_resnet18,rand,phisNone,none
XGBClassifier,0.9913793103448276,0.4956896551724138,0.5,0.49783549783549785,tiny-imagenet_resnet18_x20,11,5,5,17,tiny-imagenet_resnet18,rand,phisNone,none
XGBClassifier,0.9913793103448276,0.4956896551724138,0.5,0.49783549783549785,tiny-imagenet_resnet18_x21,11,5,5,17,tiny-imagenet_resnet18,rand,phisNone,none
XGBClassifier,0.9913793103448276,0.4956896551724138,0.5,0.49783549783549785,tiny-imagenet_resnet18_x22,11,5,5,17,tiny-imagenet_resnet18,rand,phisNone,none
XGBClassifier,0.9827586206896551,0.49137931034482757,0.5,0.4956521739130435,tiny-imagenet_resnet18_x23,11,5,5,17,tiny-imagenet_resnet18,rand,phisNone,none
XGBClassifier,0.9782608695652174,0.9782608695652174,0.9791666666666667,0.9782505910165484,iid_test,12,5,5,17,tiny-imagenet_resnet18,rand,phisNone,none
XGBClassifier,1.0,1.0,1.0,1.0,iid_train,12,5,5,17,tiny-imagenet_resnet18,rand,phisNone,none
XGBClassifier,0.9913793103448276,0.4956896551724138,0.5,0.49783549783549785,tiny-imagenet_resnet18_x0,12,5,5,17,tiny-imagenet_resnet18,rand,phisNone,none
XGBClassifier,0.008620689655172414,0.004310344827586207,0.5,0.008547008547008548,tiny-imagenet_resnet18_x1,12,5,5,17,tiny-imagenet_resnet18,rand,phisNone,none
XGBClassifier,0.008620689655172414,0.004310344827586207,0.5,0.008547008547008548,tiny-imagenet_resnet18_x2,12,5,5,17,tiny-imagenet_resnet18,rand,phisNone,none
XGBClassifier,0.008620689655172414,0.004310344827586207,0.5,0.008547008547008548,tiny-imagenet_resnet18_x3,12,5,5,17,tiny-imagenet_resnet18,rand,phisNone,none
XGBClassifier,0.008620689655172414,0.004310344827586207,0.5,0.008547008547008548,tiny-imagenet_resnet18_x4,12,5,5,17,tiny-imagenet_resnet18,rand,phisNone,none
XGBClassifier,0.008620689655172414,0.004310344827586207,0.5,0.008547008547008548,tiny-imagenet_resnet18_x5,12,5,5,17,tiny-imagenet_resnet18,rand,phisNone,none
XGBClassifier,0.008620689655172414,0.004310344827586207,0.5,0.008547008547008548,tiny-imagenet_resnet18_x6,12,5,5,17,tiny-imagenet_resnet18,rand,phisNone,none
XGBClassifier,0.008620689655172414,0.004310344827586207,0.5,0.008547008547008548,tiny-imagenet_resnet18_x7,12,5,5,17,tiny-imagenet_resnet18,rand,phisNone,none
XGBClassifier,0.008620689655172414,0.004310344827586207,0.5,0.008547008547008548,tiny-imagenet_resnet18_x8,12,5,5,17,tiny-imagenet_resnet18,rand,phisNone,none
XGBClassifier,0.008620689655172414,0.004310344827586207,0.5,0.008547008547008548,tiny-imagenet_resnet18_x9,12,5,5,17,tiny-imagenet_resnet18,rand,phisNone,none
XGBClassifier,0.008620689655172414,0.004310344827586207,0.5,0.008547008547008548,tiny-imagenet_resnet18_x10,12,5,5,17,tiny-imagenet_resnet18,rand,phisNone,none
XGBClassifier,0.008620689655172414,0.004310344827586207,0.5,0.008547008547008548,tiny-imagenet_resnet18_x11,12,5,5,17,tiny-imagenet_resnet18,rand,phisNone,none
XGBClassifier,0.008620689655172414,0.004310344827586207,0.5,0.008547008547008548,tiny-imagenet_resnet18_x12,12,5,5,17,tiny-imagenet_resnet18,rand,phisNone,none
XGBClassifier,0.008620689655172414,0.004310344827586207,0.5,0.008547008547008548,tiny-imagenet_resnet18_x13,12,5,5,17,tiny-imagenet_resnet18,rand,phisNone,none
XGBClassifier,0.008620689655172414,0.004310344827586207,0.5,0.008547008547008548,tiny-imagenet_resnet18_x14,12,5,5,17,tiny-imagenet_resnet18,rand,phisNone,none
XGBClassifier,0.008620689655172414,0.004310344827586207,0.5,0.008547008547008548,tiny-imagenet_resnet18_x15,12,5,5,17,tiny-imagenet_resnet18,rand,phisNone,none
XGBClassifier,0.008620689655172414,0.004310344827586207,0.5,0.008547008547008548,tiny-imagenet_resnet18_x16,12,5,5,17,tiny-imagenet_resnet18,rand,phisNone,none
XGBClassifier,1.0,1.0,1.0,1.0,tiny-imagenet_resnet18_x17,12,5,5,17,tiny-imagenet_resnet18,rand,phisNone,none
XGBClassifier,0.9913793103448276,0.4956896551724138,0.5,0.49783549783549785,tiny-imagenet_resnet18_x18,12,5,5,17,tiny-imagenet_resnet18,rand,phisNone,none
XGBClassifier,0.9913793103448276,0.4956896551724138,0.5,0.49783549783549785,tiny-imagenet_resnet18_x19,12,5,5,17,tiny-imagenet_resnet18,rand,phisNone,none
XGBClassifier,0.9913793103448276,0.4956896551724138,0.5,0.49783549783549785,tiny-imagenet_resnet18_x20,12,5,5,17,tiny-imagenet_resnet18,rand,phisNone,none
XGBClassifier,0.9913793103448276,0.4956896551724138,0.5,0.49783549783549785,tiny-imagenet_resnet18_x21,12,5,5,17,tiny-imagenet_resnet18,rand,phisNone,none
XGBClassifier,0.9827586206896551,0.49137931034482757,0.5,0.4956521739130435,tiny-imagenet_resnet18_x22,12,5,5,17,tiny-imagenet_resnet18,rand,phisNone,none
XGBClassifier,0.9827586206896551,0.49137931034482757,0.5,0.4956521739130435,tiny-imagenet_resnet18_x23,12,5,5,17,tiny-imagenet_resnet18,rand,phisNone,none
XGBClassifier,0.9565217391304348,0.9565217391304348,0.9565217391304348,0.9565217391304348,iid_test,13,5,5,17,tiny-imagenet_resnet18,rand,phisNone,none
XGBClassifier,1.0,1.0,1.0,1.0,iid_train,13,5,5,17,tiny-imagenet_resnet18,rand,phisNone,none
XGBClassifier,0.9913793103448276,0.4956896551724138,0.5,0.49783549783549785,tiny-imagenet_resnet18_x0,13,5,5,17,tiny-imagenet_resnet18,rand,phisNone,none
XGBClassifier,0.008620689655172414,0.004310344827586207,0.5,0.008547008547008548,tiny-imagenet_resnet18_x1,13,5,5,17,tiny-imagenet_resnet18,rand,phisNone,none
XGBClassifier,0.008620689655172414,0.004310344827586207,0.5,0.008547008547008548,tiny-imagenet_resnet18_x2,13,5,5,17,tiny-imagenet_resnet18,rand,phisNone,none
XGBClassifier,0.008620689655172414,0.004310344827586207,0.5,0.008547008547008548,tiny-imagenet_resnet18_x3,13,5,5,17,tiny-imagenet_resnet18,rand,phisNone,none
XGBClassifier,0.008620689655172414,0.004310344827586207,0.5,0.008547008547008548,tiny-imagenet_resnet18_x4,13,5,5,17,tiny-imagenet_resnet18,rand,phisNone,none
XGBClassifier,0.008620689655172414,0.004310344827586207,0.5,0.008547008547008548,tiny-imagenet_resnet18_x5,13,5,5,17,tiny-imagenet_resnet18,rand,phisNone,none
XGBClassifier,0.008620689655172414,0.004310344827586207,0.5,0.008547008547008548,tiny-imagenet_resnet18_x6,13,5,5,17,tiny-imagenet_resnet18,rand,phisNone,none
XGBClassifier,0.008620689655172414,0.004310344827586207,0.5,0.008547008547008548,tiny-imagenet_resnet18_x7,13,5,5,17,tiny-imagenet_resnet18,rand,phisNone,none
XGBClassifier,0.008620689655172414,0.004310344827586207,0.5,0.008547008547008548,tiny-imagenet_resnet18_x8,13,5,5,17,tiny-imagenet_resnet18,rand,phisNone,none
XGBClassifier,0.008620689655172414,0.004310344827586207,0.5,0.008547008547008548,tiny-imagenet_resnet18_x9,13,5,5,17,tiny-imagenet_resnet18,rand,phisNone,none
XGBClassifier,0.008620689655172414,0.004310344827586207,0.5,0.008547008547008548,tiny-imagenet_resnet18_x10,13,5,5,17,tiny-imagenet_resnet18,rand,phisNone,none
XGBClassifier,0.008620689655172414,0.004310344827586207,0.5,0.008547008547008548,tiny-imagenet_resnet18_x11,13,5,5,17,tiny-imagenet_resnet18,rand,phisNone,none
XGBClassifier,0.008620689655172414,0.004310344827586207,0.5,0.008547008547008548,tiny-imagenet_resnet18_x12,13,5,5,17,tiny-imagenet_resnet18,rand,phisNone,none
XGBClassifier,0.008620689655172414,0.004310344827586207,0.5,0.008547008547008548,tiny-imagenet_resnet18_x13,13,5,5,17,tiny-imagenet_resnet18,rand,phisNone,none
XGBClassifier,0.008620689655172414,0.004310344827586207,0.5,0.008547008547008548,tiny-imagenet_resnet18_x14,13,5,5,17,tiny-imagenet_resnet18,rand,phisNone,none
XGBClassifier,0.008620689655172414,0.004310344827586207,0.5,0.008547008547008548,tiny-imagenet_resnet18_x15,13,5,5,17,tiny-imagenet_resnet18,rand,phisNone,none
XGBClassifier,0.008620689655172414,0.004310344827586207,0.5,0.008547008547008548,tiny-imagenet_resnet18_x16,13,5,5,17,tiny-imagenet_resnet18,rand,phisNone,none
XGBClassifier,0.9913793103448276,0.4956896551724138,0.5,0.49783549783549785,tiny-imagenet_resnet18_x17,13,5,5,17,tiny-imagenet_resnet18,rand,phisNone,none
XGBClassifier,0.9827586206896551,0.49137931034482757,0.5,0.4956521739130435,tiny-imagenet_resnet18_x18,13,5,5,17,tiny-imagenet_resnet18,rand,phisNone,none
XGBClassifier,1.0,1.0,1.0,1.0,tiny-imagenet_resnet18_x19,13,5,5,17,tiny-imagenet_resnet18,rand,phisNone,none
XGBClassifier,1.0,1.0,1.0,1.0,tiny-imagenet_resnet18_x20,13,5,5,17,tiny-imagenet_resnet18,rand,phisNone,none
XGBClassifier,1.0,1.0,1.0,1.0,tiny-imagenet_resnet18_x21,13,5,5,17,tiny-imagenet_resnet18,rand,phisNone,none
XGBClassifier,0.9827586206896551,0.49137931034482757,0.5,0.4956521739130435,tiny-imagenet_resnet18_x22,13,5,5,17,tiny-imagenet_resnet18,rand,phisNone,none
XGBClassifier,1.0,1.0,1.0,1.0,tiny-imagenet_resnet18_x23,13,5,5,17,tiny-imagenet_resnet18,rand,phisNone,none
XGBClassifier,1.0,1.0,1.0,1.0,iid_test,14,5,5,17,tiny-imagenet_resnet18,rand,phisNone,none
XGBClassifier,1.0,1.0,1.0,1.0,iid_train,14,5,5,17,tiny-imagenet_resnet18,rand,phisNone,none
XGBClassifier,1.0,1.0,1.0,1.0,tiny-imagenet_resnet18_x0,14,5,5,17,tiny-imagenet_resnet18,rand,phisNone,none
XGBClassifier,0.0,0.0,0.0,0.0,tiny-imagenet_resnet18_x1,14,5,5,17,tiny-imagenet_resnet18,rand,phisNone,none
XGBClassifier,0.0,0.0,0.0,0.0,tiny-imagenet_resnet18_x2,14,5,5,17,tiny-imagenet_resnet18,rand,phisNone,none
XGBClassifier,0.0,0.0,0.0,0.0,tiny-imagenet_resnet18_x3,14,5,5,17,tiny-imagenet_resnet18,rand,phisNone,none
XGBClassifier,0.0,0.0,0.0,0.0,tiny-imagenet_resnet18_x4,14,5,5,17,tiny-imagenet_resnet18,rand,phisNone,none
XGBClassifier,0.0,0.0,0.0,0.0,tiny-imagenet_resnet18_x5,14,5,5,17,tiny-imagenet_resnet18,rand,phisNone,none
XGBClassifier,0.0,0.0,0.0,0.0,tiny-imagenet_resnet18_x6,14,5,5,17,tiny-imagenet_resnet18,rand,phisNone,none
XGBClassifier,0.0,0.0,0.0,0.0,tiny-imagenet_resnet18_x7,14,5,5,17,tiny-imagenet_resnet18,rand,phisNone,none
XGBClassifier,0.0,0.0,0.0,0.0,tiny-imagenet_resnet18_x8,14,5,5,17,tiny-imagenet_resnet18,rand,phisNone,none
XGBClassifier,0.0,0.0,0.0,0.0,tiny-imagenet_resnet18_x9,14,5,5,17,tiny-imagenet_resnet18,rand,phisNone,none
XGBClassifier,0.0,0.0,0.0,0.0,tiny-imagenet_resnet18_x10,14,5,5,17,tiny-imagenet_resnet18,rand,phisNone,none
XGBClassifier,0.0,0.0,0.0,0.0,tiny-imagenet_resnet18_x11,14,5,5,17,tiny-imagenet_resnet18,rand,phisNone,none
XGBClassifier,0.0,0.0,0.0,0.0,tiny-imagenet_resnet18_x12,14,5,5,17,tiny-imagenet_resnet18,rand,phisNone,none
XGBClassifier,0.0,0.0,0.0,0.0,tiny-imagenet_resnet18_x13,14,5,5,17,tiny-imagenet_resnet18,rand,phisNone,none
XGBClassifier,0.0,0.0,0.0,0.0,tiny-imagenet_resnet18_x14,14,5,5,17,tiny-imagenet_resnet18,rand,phisNone,none
XGBClassifier,0.0,0.0,0.0,0.0,tiny-imagenet_resnet18_x15,14,5,5,17,tiny-imagenet_resnet18,rand,phisNone,none
XGBClassifier,0.0,0.0,0.0,0.0,tiny-imagenet_resnet18_x16,14,5,5,17,tiny-imagenet_resnet18,rand,phisNone,none
XGBClassifier,1.0,1.0,1.0,1.0,tiny-imagenet_resnet18_x17,14,5,5,17,tiny-imagenet_resnet18,rand,phisNone,none
XGBClassifier,0.9913793103448276,0.4956896551724138,0.5,0.49783549783549785,tiny-imagenet_resnet18_x18,14,5,5,17,tiny-imagenet_resnet18,rand,phisNone,none
XGBClassifier,0.9913793103448276,0.4956896551724138,0.5,0.49783549783549785,tiny-imagenet_resnet18_x19,14,5,5,17,tiny-imagenet_resnet18,rand,phisNone,none
XGBClassifier,0.9913793103448276,0.4956896551724138,0.5,0.49783549783549785,tiny-imagenet_resnet18_x20,14,5,5,17,tiny-imagenet_resnet18,rand,phisNone,none
XGBClassifier,0.9913793103448276,0.4956896551724138,0.5,0.49783549783549785,tiny-imagenet_resnet18_x21,14,5,5,17,tiny-imagenet_resnet18,rand,phisNone,none
XGBClassifier,0.9827586206896551,0.49137931034482757,0.5,0.4956521739130435,tiny-imagenet_resnet18_x22,14,5,5,17,tiny-imagenet_resnet18,rand,phisNone,none
XGBClassifier,0.9827586206896551,0.49137931034482757,0.5,0.4956521739130435,tiny-imagenet_resnet18_x23,14,5,5,17,tiny-imagenet_resnet18,rand,phisNone,none
XGBClassifier,1.0,1.0,1.0,1.0,iid_test,15,5,5,17,tiny-imagenet_resnet18,rand,phisNone,none
XGBClassifier,1.0,1.0,1.0,1.0,iid_train,15,5,5,17,tiny-imagenet_resnet18,rand,phisNone,none
XGBClassifier,1.0,1.0,1.0,1.0,tiny-imagenet_resnet18_x0,15,5,5,17,tiny-imagenet_resnet18,rand,phisNone,none
XGBClassifier,0.0,0.0,0.0,0.0,tiny-imagenet_resnet18_x1,15,5,5,17,tiny-imagenet_resnet18,rand,phisNone,none
XGBClassifier,0.0,0.0,0.0,0.0,tiny-imagenet_resnet18_x2,15,5,5,17,tiny-imagenet_resnet18,rand,phisNone,none
XGBClassifier,0.0,0.0,0.0,0.0,tiny-imagenet_resnet18_x3,15,5,5,17,tiny-imagenet_resnet18,rand,phisNone,none
XGBClassifier,0.0,0.0,0.0,0.0,tiny-imagenet_resnet18_x4,15,5,5,17,tiny-imagenet_resnet18,rand,phisNone,none
XGBClassifier,0.0,0.0,0.0,0.0,tiny-imagenet_resnet18_x5,15,5,5,17,tiny-imagenet_resnet18,rand,phisNone,none
XGBClassifier,0.0,0.0,0.0,0.0,tiny-imagenet_resnet18_x6,15,5,5,17,tiny-imagenet_resnet18,rand,phisNone,none
XGBClassifier,0.0,0.0,0.0,0.0,tiny-imagenet_resnet18_x7,15,5,5,17,tiny-imagenet_resnet18,rand,phisNone,none
XGBClassifier,0.0,0.0,0.0,0.0,tiny-imagenet_resnet18_x8,15,5,5,17,tiny-imagenet_resnet18,rand,phisNone,none
XGBClassifier,0.0,0.0,0.0,0.0,tiny-imagenet_resnet18_x9,15,5,5,17,tiny-imagenet_resnet18,rand,phisNone,none
XGBClassifier,0.0,0.0,0.0,0.0,tiny-imagenet_resnet18_x10,15,5,5,17,tiny-imagenet_resnet18,rand,phisNone,none
XGBClassifier,0.0,0.0,0.0,0.0,tiny-imagenet_resnet18_x11,15,5,5,17,tiny-imagenet_resnet18,rand,phisNone,none
XGBClassifier,0.0,0.0,0.0,0.0,tiny-imagenet_resnet18_x12,15,5,5,17,tiny-imagenet_resnet18,rand,phisNone,none
XGBClassifier,0.0,0.0,0.0,0.0,tiny-imagenet_resnet18_x13,15,5,5,17,tiny-imagenet_resnet18,rand,phisNone,none
XGBClassifier,0.0,0.0,0.0,0.0,tiny-imagenet_resnet18_x14,15,5,5,17,tiny-imagenet_resnet18,rand,phisNone,none
XGBClassifier,0.0,0.0,0.0,0.0,tiny-imagenet_resnet18_x15,15,5,5,17,tiny-imagenet_resnet18,rand,phisNone,none
XGBClassifier,0.0,0.0,0.0,0.0,tiny-imagenet_resnet18_x16,15,5,5,17,tiny-imagenet_resnet18,rand,phisNone,none
XGBClassifier,1.0,1.0,1.0,1.0,tiny-imagenet_resnet18_x17,15,5,5,17,tiny-imagenet_resnet18,rand,phisNone,none
XGBClassifier,0.9913793103448276,0.4956896551724138,0.5,0.49783549783549785,tiny-imagenet_resnet18_x18,15,5,5,17,tiny-imagenet_resnet18,rand,phisNone,none
XGBClassifier,0.9913793103448276,0.4956896551724138,0.5,0.49783549783549785,tiny-imagenet_resnet18_x19,15,5,5,17,tiny-imagenet_resnet18,rand,phisNone,none
XGBClassifier,0.9913793103448276,0.4956896551724138,0.5,0.49783549783549785,tiny-imagenet_resnet18_x20,15,5,5,17,tiny-imagenet_resnet18,rand,phisNone,none
XGBClassifier,0.9913793103448276,0.4956896551724138,0.5,0.49783549783549785,tiny-imagenet_resnet18_x21,15,5,5,17,tiny-imagenet_resnet18,rand,phisNone,none
XGBClassifier,0.9913793103448276,0.4956896551724138,0.5,0.49783549783549785,tiny-imagenet_resnet18_x22,15,5,5,17,tiny-imagenet_resnet18,rand,phisNone,none
XGBClassifier,0.9827586206896551,0.49137931034482757,0.5,0.4956521739130435,tiny-imagenet_resnet18_x23,15,5,5,17,tiny-imagenet_resnet18,rand,phisNone,none
XGBClassifier,1.0,1.0,1.0,1.0,iid_test,16,5,5,17,tiny-imagenet_resnet18,rand,phisNone,none
XGBClassifier,1.0,1.0,1.0,1.0,iid_train,16,5,5,17,tiny-imagenet_resnet18,rand,phisNone,none
XGBClassifier,1.0,1.0,1.0,1.0,tiny-imagenet_resnet18_x0,16,5,5,17,tiny-imagenet_resnet18,rand,phisNone,none
XGBClassifier,0.0,0.0,0.0,0.0,tiny-imagenet_resnet18_x1,16,5,5,17,tiny-imagenet_resnet18,rand,phisNone,none
XGBClassifier,0.0,0.0,0.0,0.0,tiny-imagenet_resnet18_x2,16,5,5,17,tiny-imagenet_resnet18,rand,phisNone,none
XGBClassifier,0.0,0.0,0.0,0.0,tiny-imagenet_resnet18_x3,16,5,5,17,tiny-imagenet_resnet18,rand,phisNone,none
XGBClassifier,0.0,0.0,0.0,0.0,tiny-imagenet_resnet18_x4,16,5,5,17,tiny-imagenet_resnet18,rand,phisNone,none
XGBClassifier,0.0,0.0,0.0,0.0,tiny-imagenet_resnet18_x5,16,5,5,17,tiny-imagenet_resnet18,rand,phisNone,none
XGBClassifier,0.0,0.0,0.0,0.0,tiny-imagenet_resnet18_x6,16,5,5,17,tiny-imagenet_resnet18,rand,phisNone,none
XGBClassifier,0.0,0.0,0.0,0.0,tiny-imagenet_resnet18_x7,16,5,5,17,tiny-imagenet_resnet18,rand,phisNone,none
XGBClassifier,0.0,0.0,0.0,0.0,tiny-imagenet_resnet18_x8,16,5,5,17,tiny-imagenet_resnet18,rand,phisNone,none
XGBClassifier,0.0,0.0,0.0,0.0,tiny-imagenet_resnet18_x9,16,5,5,17,tiny-imagenet_resnet18,rand,phisNone,none
XGBClassifier,0.0,0.0,0.0,0.0,tiny-imagenet_resnet18_x10,16,5,5,17,tiny-imagenet_resnet18,rand,phisNone,none
XGBClassifier,0.0,0.0,0.0,0.0,tiny-imagenet_resnet18_x11,16,5,5,17,tiny-imagenet_resnet18,rand,phisNone,none
XGBClassifier,0.0,0.0,0.0,0.0,tiny-imagenet_resnet18_x12,16,5,5,17,tiny-imagenet_resnet18,rand,phisNone,none
XGBClassifier,0.0,0.0,0.0,0.0,tiny-imagenet_resnet18_x13,16,5,5,17,tiny-imagenet_resnet18,rand,phisNone,none
XGBClassifier,0.0,0.0,0.0,0.0,tiny-imagenet_resnet18_x14,16,5,5,17,tiny-imagenet_resnet18,rand,phisNone,none
XGBClassifier,0.0,0.0,0.0,0.0,tiny-imagenet_resnet18_x15,16,5,5,17,tiny-imagenet_resnet18,rand,phisNone,none
XGBClassifier,0.0,0.0,0.0,0.0,tiny-imagenet_resnet18_x16,16,5,5,17,tiny-imagenet_resnet18,rand,phisNone,none
XGBClassifier,1.0,1.0,1.0,1.0,tiny-imagenet_resnet18_x17,16,5,5,17,tiny-imagenet_resnet18,rand,phisNone,none
XGBClassifier,0.9913793103448276,0.4956896551724138,0.5,0.49783549783549785,tiny-imagenet_resnet18_x18,16,5,5,17,tiny-imagenet_resnet18,rand,phisNone,none
XGBClassifier,0.9913793103448276,0.4956896551724138,0.5,0.49783549783549785,tiny-imagenet_resnet18_x19,16,5,5,17,tiny-imagenet_resnet18,rand,phisNone,none
XGBClassifier,0.9913793103448276,0.4956896551724138,0.5,0.49783549783549785,tiny-imagenet_resnet18_x20,16,5,5,17,tiny-imagenet_resnet18,rand,phisNone,none
XGBClassifier,0.9913793103448276,0.4956896551724138,0.5,0.49783549783549785,tiny-imagenet_resnet18_x21,16,5,5,17,tiny-imagenet_resnet18,rand,phisNone,none
XGBClassifier,0.9827586206896551,0.49137931034482757,0.5,0.4956521739130435,tiny-imagenet_resnet18_x22,16,5,5,17,tiny-imagenet_resnet18,rand,phisNone,none
XGBClassifier,0.9827586206896551,0.49137931034482757,0.5,0.4956521739130435,tiny-imagenet_resnet18_x23,16,5,5,17,tiny-imagenet_resnet18,rand,phisNone,none
XGBClassifier,0.9565217391304348,0.9565217391304348,0.96,0.956439393939394,iid_test,17,5,5,17,tiny-imagenet_resnet18,rand,phisNone,none
XGBClassifier,1.0,1.0,1.0,1.0,iid_train,17,5,5,17,tiny-imagenet_resnet18,rand,phisNone,none
XGBClassifier,0.9827586206896551,0.49137931034482757,0.5,0.4956521739130435,tiny-imagenet_resnet18_x0,17,5,5,17,tiny-imagenet_resnet18,rand,phisNone,none
XGBClassifier,0.017241379310344827,0.008620689655172414,0.5,0.01694915254237288,tiny-imagenet_resnet18_x1,17,5,5,17,tiny-imagenet_resnet18,rand,phisNone,none
XGBClassifier,0.017241379310344827,0.008620689655172414,0.5,0.01694915254237288,tiny-imagenet_resnet18_x2,17,5,5,17,tiny-imagenet_resnet18,rand,phisNone,none
XGBClassifier,0.017241379310344827,0.008620689655172414,0.5,0.01694915254237288,tiny-imagenet_resnet18_x3,17,5,5,17,tiny-imagenet_resnet18,rand,phisNone,none
XGBClassifier,0.017241379310344827,0.008620689655172414,0.5,0.01694915254237288,tiny-imagenet_resnet18_x4,17,5,5,17,tiny-imagenet_resnet18,rand,phisNone,none
XGBClassifier,0.017241379310344827,0.008620689655172414,0.5,0.01694915254237288,tiny-imagenet_resnet18_x5,17,5,5,17,tiny-imagenet_resnet18,rand,phisNone,none
XGBClassifier,0.017241379310344827,0.008620689655172414,0.5,0.01694915254237288,tiny-imagenet_resnet18_x6,17,5,5,17,tiny-imagenet_resnet18,rand,phisNone,none
XGBClassifier,0.017241379310344827,0.008620689655172414,0.5,0.01694915254237288,tiny-imagenet_resnet18_x7,17,5,5,17,tiny-imagenet_resnet18,rand,phisNone,none
XGBClassifier,0.017241379310344827,0.008620689655172414,0.5,0.01694915254237288,tiny-imagenet_resnet18_x8,17,5,5,17,tiny-imagenet_resnet18,rand,phisNone,none
XGBClassifier,0.017241379310344827,0.008620689655172414,0.5,0.01694915254237288,tiny-imagenet_resnet18_x9,17,5,5,17,tiny-imagenet_resnet18,rand,phisNone,none
XGBClassifier,0.017241379310344827,0.008620689655172414,0.5,0.01694915254237288,tiny-imagenet_resnet18_x10,17,5,5,17,tiny-imagenet_resnet18,rand,phisNone,none
XGBClassifier,0.017241379310344827,0.008620689655172414,0.5,0.01694915254237288,tiny-imagenet_resnet18_x11,17,5,5,17,tiny-imagenet_resnet18,rand,phisNone,none
XGBClassifier,0.017241379310344827,0.008620689655172414,0.5,0.01694915254237288,tiny-imagenet_resnet18_x12,17,5,5,17,tiny-imagenet_resnet18,rand,phisNone,none
XGBClassifier,0.017241379310344827,0.008620689655172414,0.5,0.01694915254237288,tiny-imagenet_resnet18_x13,17,5,5,17,tiny-imagenet_resnet18,rand,phisNone,none
XGBClassifier,0.017241379310344827,0.008620689655172414,0.5,0.01694915254237288,tiny-imagenet_resnet18_x14,17,5,5,17,tiny-imagenet_resnet18,rand,phisNone,none
XGBClassifier,0.008620689655172414,0.004310344827586207,0.5,0.008547008547008548,tiny-imagenet_resnet18_x15,17,5,5,17,tiny-imagenet_resnet18,rand,phisNone,none
XGBClassifier,0.008620689655172414,0.004310344827586207,0.5,0.008547008547008548,tiny-imagenet_resnet18_x16,17,5,5,17,tiny-imagenet_resnet18,rand,phisNone,none
XGBClassifier,1.0,1.0,1.0,1.0,tiny-imagenet_resnet18_x17,17,5,5,17,tiny-imagenet_resnet18,rand,phisNone,none
XGBClassifier,1.0,1.0,1.0,1.0,tiny-imagenet_resnet18_x18,17,5,5,17,tiny-imagenet_resnet18,rand,phisNone,none
XGBClassifier,0.9913793103448276,0.4956896551724138,0.5,0.49783549783549785,tiny-imagenet_resnet18_x19,17,5,5,17,tiny-imagenet_resnet18,rand,phisNone,none
XGBClassifier,0.9913793103448276,0.4956896551724138,0.5,0.49783549783549785,tiny-imagenet_resnet18_x20,17,5,5,17,tiny-imagenet_resnet18,rand,phisNone,none
XGBClassifier,1.0,1.0,1.0,1.0,tiny-imagenet_resnet18_x21,17,5,5,17,tiny-imagenet_resnet18,rand,phisNone,none
XGBClassifier,0.9913793103448276,0.4956896551724138,0.5,0.49783549783549785,tiny-imagenet_resnet18_x22,17,5,5,17,tiny-imagenet_resnet18,rand,phisNone,none
XGBClassifier,1.0,1.0,1.0,1.0,tiny-imagenet_resnet18_x23,17,5,5,17,tiny-imagenet_resnet18,rand,phisNone,none
XGBClassifier,0.9782608695652174,0.9782608695652174,0.9791666666666667,0.9782505910165484,iid_test,18,5,5,17,tiny-imagenet_resnet18,rand,phisNone,none
XGBClassifier,1.0,1.0,1.0,1.0,iid_train,18,5,5,17,tiny-imagenet_resnet18,rand,phisNone,none
XGBClassifier,0.9913793103448276,0.4956896551724138,0.5,0.49783549783549785,tiny-imagenet_resnet18_x0,18,5,5,17,tiny-imagenet_resnet18,rand,phisNone,none
XGBClassifier,0.008620689655172414,0.004310344827586207,0.5,0.008547008547008548,tiny-imagenet_resnet18_x1,18,5,5,17,tiny-imagenet_resnet18,rand,phisNone,none
XGBClassifier,0.008620689655172414,0.004310344827586207,0.5,0.008547008547008548,tiny-imagenet_resnet18_x2,18,5,5,17,tiny-imagenet_resnet18,rand,phisNone,none
XGBClassifier,0.008620689655172414,0.004310344827586207,0.5,0.008547008547008548,tiny-imagenet_resnet18_x3,18,5,5,17,tiny-imagenet_resnet18,rand,phisNone,none
XGBClassifier,0.008620689655172414,0.004310344827586207,0.5,0.008547008547008548,tiny-imagenet_resnet18_x4,18,5,5,17,tiny-imagenet_resnet18,rand,phisNone,none
XGBClassifier,0.008620689655172414,0.004310344827586207,0.5,0.008547008547008548,tiny-imagenet_resnet18_x5,18,5,5,17,tiny-imagenet_resnet18,rand,phisNone,none
XGBClassifier,0.008620689655172414,0.004310344827586207,0.5,0.008547008547008548,tiny-imagenet_resnet18_x6,18,5,5,17,tiny-imagenet_resnet18,rand,phisNone,none
XGBClassifier,0.008620689655172414,0.004310344827586207,0.5,0.008547008547008548,tiny-imagenet_resnet18_x7,18,5,5,17,tiny-imagenet_resnet18,rand,phisNone,none
XGBClassifier,0.008620689655172414,0.004310344827586207,0.5,0.008547008547008548,tiny-imagenet_resnet18_x8,18,5,5,17,tiny-imagenet_resnet18,rand,phisNone,none
XGBClassifier,0.008620689655172414,0.004310344827586207,0.5,0.008547008547008548,tiny-imagenet_resnet18_x9,18,5,5,17,tiny-imagenet_resnet18,rand,phisNone,none
XGBClassifier,0.008620689655172414,0.004310344827586207,0.5,0.008547008547008548,tiny-imagenet_resnet18_x10,18,5,5,17,tiny-imagenet_resnet18,rand,phisNone,none
XGBClassifier,0.008620689655172414,0.004310344827586207,0.5,0.008547008547008548,tiny-imagenet_resnet18_x11,18,5,5,17,tiny-imagenet_resnet18,rand,phisNone,none
XGBClassifier,0.008620689655172414,0.004310344827586207,0.5,0.008547008547008548,tiny-imagenet_resnet18_x12,18,5,5,17,tiny-imagenet_resnet18,rand,phisNone,none
XGBClassifier,0.008620689655172414,0.004310344827586207,0.5,0.008547008547008548,tiny-imagenet_resnet18_x13,18,5,5,17,tiny-imagenet_resnet18,rand,phisNone,none
XGBClassifier,0.008620689655172414,0.004310344827586207,0.5,0.008547008547008548,tiny-imagenet_resnet18_x14,18,5,5,17,tiny-imagenet_resnet18,rand,phisNone,none
XGBClassifier,0.008620689655172414,0.004310344827586207,0.5,0.008547008547008548,tiny-imagenet_resnet18_x15,18,5,5,17,tiny-imagenet_resnet18,rand,phisNone,none
XGBClassifier,0.008620689655172414,0.004310344827586207,0.5,0.008547008547008548,tiny-imagenet_resnet18_x16,18,5,5,17,tiny-imagenet_resnet18,rand,phisNone,none
XGBClassifier,1.0,1.0,1.0,1.0,tiny-imagenet_resnet18_x17,18,5,5,17,tiny-imagenet_resnet18,rand,phisNone,none
XGBClassifier,0.9913793103448276,0.4956896551724138,0.5,0.49783549783549785,tiny-imagenet_resnet18_x18,18,5,5,17,tiny-imagenet_resnet18,rand,phisNone,none
XGBClassifier,0.9913793103448276,0.4956896551724138,0.5,0.49783549783549785,tiny-imagenet_resnet18_x19,18,5,5,17,tiny-imagenet_resnet18,rand,phisNone,none
XGBClassifier,0.9913793103448276,0.4956896551724138,0.5,0.49783549783549785,tiny-imagenet_resnet18_x20,18,5,5,17,tiny-imagenet_resnet18,rand,phisNone,none
XGBClassifier,0.9913793103448276,0.4956896551724138,0.5,0.49783549783549785,tiny-imagenet_resnet18_x21,18,5,5,17,tiny-imagenet_resnet18,rand,phisNone,none
XGBClassifier,0.9827586206896551,0.49137931034482757,0.5,0.4956521739130435,tiny-imagenet_resnet18_x22,18,5,5,17,tiny-imagenet_resnet18,rand,phisNone,none
XGBClassifier,0.9827586206896551,0.49137931034482757,0.5,0.4956521739130435,tiny-imagenet_resnet18_x23,18,5,5,17,tiny-imagenet_resnet18,rand,phisNone,none
XGBClassifier,1.0,1.0,1.0,1.0,iid_test,19,5,5,17,tiny-imagenet_resnet18,rand,phisNone,none
XGBClassifier,1.0,1.0,1.0,1.0,iid_train,19,5,5,17,tiny-imagenet_resnet18,rand,phisNone,none
XGBClassifier,1.0,1.0,1.0,1.0,tiny-imagenet_resnet18_x0,19,5,5,17,tiny-imagenet_resnet18,rand,phisNone,none
XGBClassifier,0.0,0.0,0.0,0.0,tiny-imagenet_resnet18_x1,19,5,5,17,tiny-imagenet_resnet18,rand,phisNone,none
XGBClassifier,0.0,0.0,0.0,0.0,tiny-imagenet_resnet18_x2,19,5,5,17,tiny-imagenet_resnet18,rand,phisNone,none
XGBClassifier,0.0,0.0,0.0,0.0,tiny-imagenet_resnet18_x3,19,5,5,17,tiny-imagenet_resnet18,rand,phisNone,none
XGBClassifier,0.0,0.0,0.0,0.0,tiny-imagenet_resnet18_x4,19,5,5,17,tiny-imagenet_resnet18,rand,phisNone,none
XGBClassifier,0.0,0.0,0.0,0.0,tiny-imagenet_resnet18_x5,19,5,5,17,tiny-imagenet_resnet18,rand,phisNone,none
XGBClassifier,0.0,0.0,0.0,0.0,tiny-imagenet_resnet18_x6,19,5,5,17,tiny-imagenet_resnet18,rand,phisNone,none
XGBClassifier,0.0,0.0,0.0,0.0,tiny-imagenet_resnet18_x7,19,5,5,17,tiny-imagenet_resnet18,rand,phisNone,none
XGBClassifier,0.0,0.0,0.0,0.0,tiny-imagenet_resnet18_x8,19,5,5,17,tiny-imagenet_resnet18,rand,phisNone,none
XGBClassifier,0.0,0.0,0.0,0.0,tiny-imagenet_resnet18_x9,19,5,5,17,tiny-imagenet_resnet18,rand,phisNone,none
XGBClassifier,0.0,0.0,0.0,0.0,tiny-imagenet_resnet18_x10,19,5,5,17,tiny-imagenet_resnet18,rand,phisNone,none
XGBClassifier,0.0,0.0,0.0,0.0,tiny-imagenet_resnet18_x11,19,5,5,17,tiny-imagenet_resnet18,rand,phisNone,none
XGBClassifier,0.0,0.0,0.0,0.0,tiny-imagenet_resnet18_x12,19,5,5,17,tiny-imagenet_resnet18,rand,phisNone,none
XGBClassifier,0.0,0.0,0.0,0.0,tiny-imagenet_resnet18_x13,19,5,5,17,tiny-imagenet_resnet18,rand,phisNone,none
XGBClassifier,0.0,0.0,0.0,0.0,tiny-imagenet_resnet18_x14,19,5,5,17,tiny-imagenet_resnet18,rand,phisNone,none
XGBClassifier,0.0,0.0,0.0,0.0,tiny-imagenet_resnet18_x15,19,5,5,17,tiny-imagenet_resnet18,rand,phisNone,none
XGBClassifier,0.0,0.0,0.0,0.0,tiny-imagenet_resnet18_x16,19,5,5,17,tiny-imagenet_resnet18,rand,phisNone,none
XGBClassifier,1.0,1.0,1.0,1.0,tiny-imagenet_resnet18_x17,19,5,5,17,tiny-imagenet_resnet18,rand,phisNone,none
XGBClassifier,0.9913793103448276,0.4956896551724138,0.5,0.49783549783549785,tiny-imagenet_resnet18_x18,19,5,5,17,tiny-imagenet_resnet18,rand,phisNone,none
XGBClassifier,0.9913793103448276,0.4956896551724138,0.5,0.49783549783549785,tiny-imagenet_resnet18_x19,19,5,5,17,tiny-imagenet_resnet18,rand,phisNone,none
XGBClassifier,0.9913793103448276,0.4956896551724138,0.5,0.49783549783549785,tiny-imagenet_resnet18_x20,19,5,5,17,tiny-imagenet_resnet18,rand,phisNone,none
XGBClassifier,0.9913793103448276,0.4956896551724138,0.5,0.49783549783549785,tiny-imagenet_resnet18_x21,19,5,5,17,tiny-imagenet_resnet18,rand,phisNone,none
XGBClassifier,0.9827586206896551,0.49137931034482757,0.5,0.4956521739130435,tiny-imagenet_resnet18_x22,19,5,5,17,tiny-imagenet_resnet18,rand,phisNone,none
XGBClassifier,0.9827586206896551,0.49137931034482757,0.5,0.4956521739130435,tiny-imagenet_resnet18_x23,19,5,5,17,tiny-imagenet_resnet18,rand,phisNone,none
XGBClassifier,1.0,1.0,1.0,1.0,iid_test,20,5,5,17,tiny-imagenet_resnet18,rand,phisNone,none
XGBClassifier,1.0,1.0,1.0,1.0,iid_train,20,5,5,17,tiny-imagenet_resnet18,rand,phisNone,none
XGBClassifier,1.0,1.0,1.0,1.0,tiny-imagenet_resnet18_x0,20,5,5,17,tiny-imagenet_resnet18,rand,phisNone,none
XGBClassifier,0.0,0.0,0.0,0.0,tiny-imagenet_resnet18_x1,20,5,5,17,tiny-imagenet_resnet18,rand,phisNone,none
XGBClassifier,0.0,0.0,0.0,0.0,tiny-imagenet_resnet18_x2,20,5,5,17,tiny-imagenet_resnet18,rand,phisNone,none
XGBClassifier,0.0,0.0,0.0,0.0,tiny-imagenet_resnet18_x3,20,5,5,17,tiny-imagenet_resnet18,rand,phisNone,none
XGBClassifier,0.0,0.0,0.0,0.0,tiny-imagenet_resnet18_x4,20,5,5,17,tiny-imagenet_resnet18,rand,phisNone,none
XGBClassifier,0.0,0.0,0.0,0.0,tiny-imagenet_resnet18_x5,20,5,5,17,tiny-imagenet_resnet18,rand,phisNone,none
XGBClassifier,0.0,0.0,0.0,0.0,tiny-imagenet_resnet18_x6,20,5,5,17,tiny-imagenet_resnet18,rand,phisNone,none
XGBClassifier,0.0,0.0,0.0,0.0,tiny-imagenet_resnet18_x7,20,5,5,17,tiny-imagenet_resnet18,rand,phisNone,none
XGBClassifier,0.0,0.0,0.0,0.0,tiny-imagenet_resnet18_x8,20,5,5,17,tiny-imagenet_resnet18,rand,phisNone,none
XGBClassifier,0.0,0.0,0.0,0.0,tiny-imagenet_resnet18_x9,20,5,5,17,tiny-imagenet_resnet18,rand,phisNone,none
XGBClassifier,0.0,0.0,0.0,0.0,tiny-imagenet_resnet18_x10,20,5,5,17,tiny-imagenet_resnet18,rand,phisNone,none
XGBClassifier,0.0,0.0,0.0,0.0,tiny-imagenet_resnet18_x11,20,5,5,17,tiny-imagenet_resnet18,rand,phisNone,none
XGBClassifier,0.0,0.0,0.0,0.0,tiny-imagenet_resnet18_x12,20,5,5,17,tiny-imagenet_resnet18,rand,phisNone,none
XGBClassifier,0.0,0.0,0.0,0.0,tiny-imagenet_resnet18_x13,20,5,5,17,tiny-imagenet_resnet18,rand,phisNone,none
XGBClassifier,0.0,0.0,0.0,0.0,tiny-imagenet_resnet18_x14,20,5,5,17,tiny-imagenet_resnet18,rand,phisNone,none
XGBClassifier,0.0,0.0,0.0,0.0,tiny-imagenet_resnet18_x15,20,5,5,17,tiny-imagenet_resnet18,rand,phisNone,none
XGBClassifier,0.0,0.0,0.0,0.0,tiny-imagenet_resnet18_x16,20,5,5,17,tiny-imagenet_resnet18,rand,phisNone,none
XGBClassifier,1.0,1.0,1.0,1.0,tiny-imagenet_resnet18_x17,20,5,5,17,tiny-imagenet_resnet18,rand,phisNone,none
XGBClassifier,0.9913793103448276,0.4956896551724138,0.5,0.49783549783549785,tiny-imagenet_resnet18_x18,20,5,5,17,tiny-imagenet_resnet18,rand,phisNone,none
XGBClassifier,0.9913793103448276,0.4956896551724138,0.5,0.49783549783549785,tiny-imagenet_resnet18_x19,20,5,5,17,tiny-imagenet_resnet18,rand,phisNone,none
XGBClassifier,0.9913793103448276,0.4956896551724138,0.5,0.49783549783549785,tiny-imagenet_resnet18_x20,20,5,5,17,tiny-imagenet_resnet18,rand,phisNone,none
XGBClassifier,0.9913793103448276,0.4956896551724138,0.5,0.49783549783549785,tiny-imagenet_resnet18_x21,20,5,5,17,tiny-imagenet_resnet18,rand,phisNone,none
XGBClassifier,0.9827586206896551,0.49137931034482757,0.5,0.4956521739130435,tiny-imagenet_resnet18_x22,20,5,5,17,tiny-imagenet_resnet18,rand,phisNone,none
XGBClassifier,0.9827586206896551,0.49137931034482757,0.5,0.4956521739130435,tiny-imagenet_resnet18_x23,20,5,5,17,tiny-imagenet_resnet18,rand,phisNone,none
XGBClassifier,1.0,1.0,1.0,1.0,iid_test,21,5,5,17,tiny-imagenet_resnet18,rand,phisNone,none
XGBClassifier,1.0,1.0,1.0,1.0,iid_train,21,5,5,17,tiny-imagenet_resnet18,rand,phisNone,none
XGBClassifier,1.0,1.0,1.0,1.0,tiny-imagenet_resnet18_x0,21,5,5,17,tiny-imagenet_resnet18,rand,phisNone,none
XGBClassifier,0.0,0.0,0.0,0.0,tiny-imagenet_resnet18_x1,21,5,5,17,tiny-imagenet_resnet18,rand,phisNone,none
XGBClassifier,0.0,0.0,0.0,0.0,tiny-imagenet_resnet18_x2,21,5,5,17,tiny-imagenet_resnet18,rand,phisNone,none
XGBClassifier,0.0,0.0,0.0,0.0,tiny-imagenet_resnet18_x3,21,5,5,17,tiny-imagenet_resnet18,rand,phisNone,none
XGBClassifier,0.0,0.0,0.0,0.0,tiny-imagenet_resnet18_x4,21,5,5,17,tiny-imagenet_resnet18,rand,phisNone,none
XGBClassifier,0.0,0.0,0.0,0.0,tiny-imagenet_resnet18_x5,21,5,5,17,tiny-imagenet_resnet18,rand,phisNone,none
XGBClassifier,0.0,0.0,0.0,0.0,tiny-imagenet_resnet18_x6,21,5,5,17,tiny-imagenet_resnet18,rand,phisNone,none
XGBClassifier,0.0,0.0,0.0,0.0,tiny-imagenet_resnet18_x7,21,5,5,17,tiny-imagenet_resnet18,rand,phisNone,none
XGBClassifier,0.0,0.0,0.0,0.0,tiny-imagenet_resnet18_x8,21,5,5,17,tiny-imagenet_resnet18,rand,phisNone,none
XGBClassifier,0.0,0.0,0.0,0.0,tiny-imagenet_resnet18_x9,21,5,5,17,tiny-imagenet_resnet18,rand,phisNone,none
XGBClassifier,0.0,0.0,0.0,0.0,tiny-imagenet_resnet18_x10,21,5,5,17,tiny-imagenet_resnet18,rand,phisNone,none
XGBClassifier,0.0,0.0,0.0,0.0,tiny-imagenet_resnet18_x11,21,5,5,17,tiny-imagenet_resnet18,rand,phisNone,none
XGBClassifier,0.0,0.0,0.0,0.0,tiny-imagenet_resnet18_x12,21,5,5,17,tiny-imagenet_resnet18,rand,phisNone,none
XGBClassifier,0.0,0.0,0.0,0.0,tiny-imagenet_resnet18_x13,21,5,5,17,tiny-imagenet_resnet18,rand,phisNone,none
XGBClassifier,0.0,0.0,0.0,0.0,tiny-imagenet_resnet18_x14,21,5,5,17,tiny-imagenet_resnet18,rand,phisNone,none
XGBClassifier,0.0,0.0,0.0,0.0,tiny-imagenet_resnet18_x15,21,5,5,17,tiny-imagenet_resnet18,rand,phisNone,none
XGBClassifier,0.008620689655172414,0.004310344827586207,0.5,0.008547008547008548,tiny-imagenet_resnet18_x16,21,5,5,17,tiny-imagenet_resnet18,rand,phisNone,none
XGBClassifier,1.0,1.0,1.0,1.0,tiny-imagenet_resnet18_x17,21,5,5,17,tiny-imagenet_resnet18,rand,phisNone,none
XGBClassifier,0.9913793103448276,0.4956896551724138,0.5,0.49783549783549785,tiny-imagenet_resnet18_x18,21,5,5,17,tiny-imagenet_resnet18,rand,phisNone,none
XGBClassifier,0.9913793103448276,0.4956896551724138,0.5,0.49783549783549785,tiny-imagenet_resnet18_x19,21,5,5,17,tiny-imagenet_resnet18,rand,phisNone,none
XGBClassifier,0.9913793103448276,0.4956896551724138,0.5,0.49783549783549785,tiny-imagenet_resnet18_x20,21,5,5,17,tiny-imagenet_resnet18,rand,phisNone,none
XGBClassifier,0.9913793103448276,0.4956896551724138,0.5,0.49783549783549785,tiny-imagenet_resnet18_x21,21,5,5,17,tiny-imagenet_resnet18,rand,phisNone,none
XGBClassifier,0.9913793103448276,0.4956896551724138,0.5,0.49783549783549785,tiny-imagenet_resnet18_x22,21,5,5,17,tiny-imagenet_resnet18,rand,phisNone,none
XGBClassifier,0.9827586206896551,0.49137931034482757,0.5,0.4956521739130435,tiny-imagenet_resnet18_x23,21,5,5,17,tiny-imagenet_resnet18,rand,phisNone,none
XGBClassifier,1.0,1.0,1.0,1.0,iid_test,22,5,5,17,tiny-imagenet_resnet18,rand,phisNone,none
XGBClassifier,1.0,1.0,1.0,1.0,iid_train,22,5,5,17,tiny-imagenet_resnet18,rand,phisNone,none
XGBClassifier,1.0,1.0,1.0,1.0,tiny-imagenet_resnet18_x0,22,5,5,17,tiny-imagenet_resnet18,rand,phisNone,none
XGBClassifier,0.0,0.0,0.0,0.0,tiny-imagenet_resnet18_x1,22,5,5,17,tiny-imagenet_resnet18,rand,phisNone,none
XGBClassifier,0.0,0.0,0.0,0.0,tiny-imagenet_resnet18_x2,22,5,5,17,tiny-imagenet_resnet18,rand,phisNone,none
XGBClassifier,0.0,0.0,0.0,0.0,tiny-imagenet_resnet18_x3,22,5,5,17,tiny-imagenet_resnet18,rand,phisNone,none
XGBClassifier,0.0,0.0,0.0,0.0,tiny-imagenet_resnet18_x4,22,5,5,17,tiny-imagenet_resnet18,rand,phisNone,none
XGBClassifier,0.0,0.0,0.0,0.0,tiny-imagenet_resnet18_x5,22,5,5,17,tiny-imagenet_resnet18,rand,phisNone,none
XGBClassifier,0.0,0.0,0.0,0.0,tiny-imagenet_resnet18_x6,22,5,5,17,tiny-imagenet_resnet18,rand,phisNone,none
XGBClassifier,0.0,0.0,0.0,0.0,tiny-imagenet_resnet18_x7,22,5,5,17,tiny-imagenet_resnet18,rand,phisNone,none
XGBClassifier,0.0,0.0,0.0,0.0,tiny-imagenet_resnet18_x8,22,5,5,17,tiny-imagenet_resnet18,rand,phisNone,none
XGBClassifier,0.0,0.0,0.0,0.0,tiny-imagenet_resnet18_x9,22,5,5,17,tiny-imagenet_resnet18,rand,phisNone,none
XGBClassifier,0.0,0.0,0.0,0.0,tiny-imagenet_resnet18_x10,22,5,5,17,tiny-imagenet_resnet18,rand,phisNone,none
XGBClassifier,0.0,0.0,0.0,0.0,tiny-imagenet_resnet18_x11,22,5,5,17,tiny-imagenet_resnet18,rand,phisNone,none
XGBClassifier,0.008620689655172414,0.004310344827586207,0.5,0.008547008547008548,tiny-imagenet_resnet18_x12,22,5,5,17,tiny-imagenet_resnet18,rand,phisNone,none
XGBClassifier,0.0,0.0,0.0,0.0,tiny-imagenet_resnet18_x13,22,5,5,17,tiny-imagenet_resnet18,rand,phisNone,none
XGBClassifier,0.0,0.0,0.0,0.0,tiny-imagenet_resnet18_x14,22,5,5,17,tiny-imagenet_resnet18,rand,phisNone,none
XGBClassifier,0.0,0.0,0.0,0.0,tiny-imagenet_resnet18_x15,22,5,5,17,tiny-imagenet_resnet18,rand,phisNone,none
XGBClassifier,0.0,0.0,0.0,0.0,tiny-imagenet_resnet18_x16,22,5,5,17,tiny-imagenet_resnet18,rand,phisNone,none
XGBClassifier,1.0,1.0,1.0,1.0,tiny-imagenet_resnet18_x17,22,5,5,17,tiny-imagenet_resnet18,rand,phisNone,none
XGBClassifier,0.9913793103448276,0.4956896551724138,0.5,0.49783549783549785,tiny-imagenet_resnet18_x18,22,5,5,17,tiny-imagenet_resnet18,rand,phisNone,none
XGBClassifier,1.0,1.0,1.0,1.0,tiny-imagenet_resnet18_x19,22,5,5,17,tiny-imagenet_resnet18,rand,phisNone,none
XGBClassifier,0.9913793103448276,0.4956896551724138,0.5,0.49783549783549785,tiny-imagenet_resnet18_x20,22,5,5,17,tiny-imagenet_resnet18,rand,phisNone,none
XGBClassifier,1.0,1.0,1.0,1.0,tiny-imagenet_resnet18_x21,22,5,5,17,tiny-imagenet_resnet18,rand,phisNone,none
XGBClassifier,0.9827586206896551,0.49137931034482757,0.5,0.4956521739130435,tiny-imagenet_resnet18_x22,22,5,5,17,tiny-imagenet_resnet18,rand,phisNone,none
XGBClassifier,0.9827586206896551,0.49137931034482757,0.5,0.4956521739130435,tiny-imagenet_resnet18_x23,22,5,5,17,tiny-imagenet_resnet18,rand,phisNone,none
XGBClassifier,0.9782608695652174,0.9782608695652174,0.9791666666666667,0.9782505910165484,iid_test,23,5,5,17,tiny-imagenet_resnet18,rand,phisNone,none
XGBClassifier,1.0,1.0,1.0,1.0,iid_train,23,5,5,17,tiny-imagenet_resnet18,rand,phisNone,none
XGBClassifier,0.9913793103448276,0.4956896551724138,0.5,0.49783549783549785,tiny-imagenet_resnet18_x0,23,5,5,17,tiny-imagenet_resnet18,rand,phisNone,none
XGBClassifier,0.008620689655172414,0.004310344827586207,0.5,0.008547008547008548,tiny-imagenet_resnet18_x1,23,5,5,17,tiny-imagenet_resnet18,rand,phisNone,none
XGBClassifier,0.008620689655172414,0.004310344827586207,0.5,0.008547008547008548,tiny-imagenet_resnet18_x2,23,5,5,17,tiny-imagenet_resnet18,rand,phisNone,none
XGBClassifier,0.008620689655172414,0.004310344827586207,0.5,0.008547008547008548,tiny-imagenet_resnet18_x3,23,5,5,17,tiny-imagenet_resnet18,rand,phisNone,none
XGBClassifier,0.008620689655172414,0.004310344827586207,0.5,0.008547008547008548,tiny-imagenet_resnet18_x4,23,5,5,17,tiny-imagenet_resnet18,rand,phisNone,none
XGBClassifier,0.008620689655172414,0.004310344827586207,0.5,0.008547008547008548,tiny-imagenet_resnet18_x5,23,5,5,17,tiny-imagenet_resnet18,rand,phisNone,none
XGBClassifier,0.008620689655172414,0.004310344827586207,0.5,0.008547008547008548,tiny-imagenet_resnet18_x6,23,5,5,17,tiny-imagenet_resnet18,rand,phisNone,none
XGBClassifier,0.008620689655172414,0.004310344827586207,0.5,0.008547008547008548,tiny-imagenet_resnet18_x7,23,5,5,17,tiny-imagenet_resnet18,rand,phisNone,none
XGBClassifier,0.008620689655172414,0.004310344827586207,0.5,0.008547008547008548,tiny-imagenet_resnet18_x8,23,5,5,17,tiny-imagenet_resnet18,rand,phisNone,none
XGBClassifier,0.008620689655172414,0.004310344827586207,0.5,0.008547008547008548,tiny-imagenet_resnet18_x9,23,5,5,17,tiny-imagenet_resnet18,rand,phisNone,none
XGBClassifier,0.008620689655172414,0.004310344827586207,0.5,0.008547008547008548,tiny-imagenet_resnet18_x10,23,5,5,17,tiny-imagenet_resnet18,rand,phisNone,none
XGBClassifier,0.008620689655172414,0.004310344827586207,0.5,0.008547008547008548,tiny-imagenet_resnet18_x11,23,5,5,17,tiny-imagenet_resnet18,rand,phisNone,none
XGBClassifier,0.008620689655172414,0.004310344827586207,0.5,0.008547008547008548,tiny-imagenet_resnet18_x12,23,5,5,17,tiny-imagenet_resnet18,rand,phisNone,none
XGBClassifier,0.008620689655172414,0.004310344827586207,0.5,0.008547008547008548,tiny-imagenet_resnet18_x13,23,5,5,17,tiny-imagenet_resnet18,rand,phisNone,none
XGBClassifier,0.008620689655172414,0.004310344827586207,0.5,0.008547008547008548,tiny-imagenet_resnet18_x14,23,5,5,17,tiny-imagenet_resnet18,rand,phisNone,none
XGBClassifier,0.008620689655172414,0.004310344827586207,0.5,0.008547008547008548,tiny-imagenet_resnet18_x15,23,5,5,17,tiny-imagenet_resnet18,rand,phisNone,none
XGBClassifier,0.008620689655172414,0.004310344827586207,0.5,0.008547008547008548,tiny-imagenet_resnet18_x16,23,5,5,17,tiny-imagenet_resnet18,rand,phisNone,none
XGBClassifier,1.0,1.0,1.0,1.0,tiny-imagenet_resnet18_x17,23,5,5,17,tiny-imagenet_resnet18,rand,phisNone,none
XGBClassifier,0.9913793103448276,0.4956896551724138,0.5,0.49783549783549785,tiny-imagenet_resnet18_x18,23,5,5,17,tiny-imagenet_resnet18,rand,phisNone,none
XGBClassifier,0.9913793103448276,0.4956896551724138,0.5,0.49783549783549785,tiny-imagenet_resnet18_x19,23,5,5,17,tiny-imagenet_resnet18,rand,phisNone,none
XGBClassifier,0.9913793103448276,0.4956896551724138,0.5,0.49783549783549785,tiny-imagenet_resnet18_x20,23,5,5,17,tiny-imagenet_resnet18,rand,phisNone,none
XGBClassifier,0.9913793103448276,0.4956896551724138,0.5,0.49783549783549785,tiny-imagenet_resnet18_x21,23,5,5,17,tiny-imagenet_resnet18,rand,phisNone,none
XGBClassifier,0.9827586206896551,0.49137931034482757,0.5,0.4956521739130435,tiny-imagenet_resnet18_x22,23,5,5,17,tiny-imagenet_resnet18,rand,phisNone,none
XGBClassifier,0.9827586206896551,0.49137931034482757,0.5,0.4956521739130435,tiny-imagenet_resnet18_x23,23,5,5,17,tiny-imagenet_resnet18,rand,phisNone,none
XGBClassifier,1.0,1.0,1.0,1.0,iid_test,24,5,5,17,tiny-imagenet_resnet18,rand,phisNone,none
XGBClassifier,1.0,1.0,1.0,1.0,iid_train,24,5,5,17,tiny-imagenet_resnet18,rand,phisNone,none
XGBClassifier,1.0,1.0,1.0,1.0,tiny-imagenet_resnet18_x0,24,5,5,17,tiny-imagenet_resnet18,rand,phisNone,none
XGBClassifier,0.0,0.0,0.0,0.0,tiny-imagenet_resnet18_x1,24,5,5,17,tiny-imagenet_resnet18,rand,phisNone,none
XGBClassifier,0.0,0.0,0.0,0.0,tiny-imagenet_resnet18_x2,24,5,5,17,tiny-imagenet_resnet18,rand,phisNone,none
XGBClassifier,0.0,0.0,0.0,0.0,tiny-imagenet_resnet18_x3,24,5,5,17,tiny-imagenet_resnet18,rand,phisNone,none
XGBClassifier,0.0,0.0,0.0,0.0,tiny-imagenet_resnet18_x4,24,5,5,17,tiny-imagenet_resnet18,rand,phisNone,none
XGBClassifier,0.0,0.0,0.0,0.0,tiny-imagenet_resnet18_x5,24,5,5,17,tiny-imagenet_resnet18,rand,phisNone,none
XGBClassifier,0.0,0.0,0.0,0.0,tiny-imagenet_resnet18_x6,24,5,5,17,tiny-imagenet_resnet18,rand,phisNone,none
XGBClassifier,0.0,0.0,0.0,0.0,tiny-imagenet_resnet18_x7,24,5,5,17,tiny-imagenet_resnet18,rand,phisNone,none
XGBClassifier,0.0,0.0,0.0,0.0,tiny-imagenet_resnet18_x8,24,5,5,17,tiny-imagenet_resnet18,rand,phisNone,none
XGBClassifier,0.0,0.0,0.0,0.0,tiny-imagenet_resnet18_x9,24,5,5,17,tiny-imagenet_resnet18,rand,phisNone,none
XGBClassifier,0.0,0.0,0.0,0.0,tiny-imagenet_resnet18_x10,24,5,5,17,tiny-imagenet_resnet18,rand,phisNone,none
XGBClassifier,0.0,0.0,0.0,0.0,tiny-imagenet_resnet18_x11,24,5,5,17,tiny-imagenet_resnet18,rand,phisNone,none
XGBClassifier,0.0,0.0,0.0,0.0,tiny-imagenet_resnet18_x12,24,5,5,17,tiny-imagenet_resnet18,rand,phisNone,none
XGBClassifier,0.0,0.0,0.0,0.0,tiny-imagenet_resnet18_x13,24,5,5,17,tiny-imagenet_resnet18,rand,phisNone,none
XGBClassifier,0.0,0.0,0.0,0.0,tiny-imagenet_resnet18_x14,24,5,5,17,tiny-imagenet_resnet18,rand,phisNone,none
XGBClassifier,0.0,0.0,0.0,0.0,tiny-imagenet_resnet18_x15,24,5,5,17,tiny-imagenet_resnet18,rand,phisNone,none
XGBClassifier,0.0,0.0,0.0,0.0,tiny-imagenet_resnet18_x16,24,5,5,17,tiny-imagenet_resnet18,rand,phisNone,none
XGBClassifier,1.0,1.0,1.0,1.0,tiny-imagenet_resnet18_x17,24,5,5,17,tiny-imagenet_resnet18,rand,phisNone,none
XGBClassifier,0.9913793103448276,0.4956896551724138,0.5,0.49783549783549785,tiny-imagenet_resnet18_x18,24,5,5,17,tiny-imagenet_resnet18,rand,phisNone,none
XGBClassifier,0.9913793103448276,0.4956896551724138,0.5,0.49783549783549785,tiny-imagenet_resnet18_x19,24,5,5,17,tiny-imagenet_resnet18,rand,phisNone,none
XGBClassifier,0.9913793103448276,0.4956896551724138,0.5,0.49783549783549785,tiny-imagenet_resnet18_x20,24,5,5,17,tiny-imagenet_resnet18,rand,phisNone,none
XGBClassifier,0.9913793103448276,0.4956896551724138,0.5,0.49783549783549785,tiny-imagenet_resnet18_x21,24,5,5,17,tiny-imagenet_resnet18,rand,phisNone,none
XGBClassifier,0.9827586206896551,0.49137931034482757,0.5,0.4956521739130435,tiny-imagenet_resnet18_x22,24,5,5,17,tiny-imagenet_resnet18,rand,phisNone,none
XGBClassifier,0.9827586206896551,0.49137931034482757,0.5,0.4956521739130435,tiny-imagenet_resnet18_x23,24,5,5,17,tiny-imagenet_resnet18,rand,phisNone,none
