repeat,baseline,X,accuracy,fold
0,XGBClassifier,1,0.2340425531914893,0
1,XGBClassifier,1,0.2765957446808511,1
2,XGBClassifier,1,0.2608695652173913,2
3,XGBClassifier,1,0.3043478260869565,3
4,XGBClassifier,1,0.2608695652173913,4
5,XGBClassifier,1,0.3404255319148936,5
6,XGBClassifier,1,0.2978723404255319,6
7,XGBClassifier,1,0.2391304347826087,7
8,XGBClassifier,1,0.3260869565217391,8
9,XGBClassifier,1,0.217391304347826,9
10,XGBClassifier,1,0.2978723404255319,10
11,XGBClassifier,1,0.1914893617021276,11
12,XGBClassifier,1,0.1739130434782608,12
13,XGBClassifier,1,0.2391304347826087,13
14,XGBClassifier,1,0.108695652173913,14
15,XGBClassifier,1,0.2553191489361702,15
16,XGBClassifier,1,0.2553191489361702,16
17,XGBClassifier,1,0.391304347826087,17
18,XGBClassifier,1,0.3260869565217391,18
19,XGBClassifier,1,0.1956521739130435,19
20,XGBClassifier,1,0.1276595744680851,20
21,XGBClassifier,1,0.2340425531914893,21
22,XGBClassifier,1,0.2826086956521739,22
23,XGBClassifier,1,0.217391304347826,23
24,XGBClassifier,1,0.1956521739130435,24
0,XGBClassifier,10,0.425531914893617,0
1,XGBClassifier,10,0.2553191489361702,1
2,XGBClassifier,10,0.3260869565217391,2
3,XGBClassifier,10,0.3260869565217391,3
4,XGBClassifier,10,0.4565217391304347,4
5,XGBClassifier,10,0.425531914893617,5
6,XGBClassifier,10,0.4680851063829787,6
7,XGBClassifier,10,0.3695652173913043,7
8,XGBClassifier,10,0.3695652173913043,8
9,XGBClassifier,10,0.3478260869565217,9
10,XGBClassifier,10,0.2978723404255319,10
11,XGBClassifier,10,0.3191489361702128,11
12,XGBClassifier,10,0.4130434782608695,12
13,XGBClassifier,10,0.4347826086956521,13
14,XGBClassifier,10,0.3043478260869565,14
15,XGBClassifier,10,0.3191489361702128,15
16,XGBClassifier,10,0.3191489361702128,16
17,XGBClassifier,10,0.4130434782608695,17
18,XGBClassifier,10,0.4565217391304347,18
19,XGBClassifier,10,0.3260869565217391,19
20,XGBClassifier,10,0.3404255319148936,20
21,XGBClassifier,10,0.2978723404255319,21
22,XGBClassifier,10,0.4565217391304347,22
23,XGBClassifier,10,0.3260869565217391,23
24,XGBClassifier,10,0.3695652173913043,24
0,XGBClassifier,11,0.5319148936170213,0
1,XGBClassifier,11,0.4680851063829787,1
2,XGBClassifier,11,0.4130434782608695,2
3,XGBClassifier,11,0.4565217391304347,3
4,XGBClassifier,11,0.4565217391304347,4
5,XGBClassifier,11,0.5531914893617021,5
6,XGBClassifier,11,0.4893617021276595,6
7,XGBClassifier,11,0.391304347826087,7
8,XGBClassifier,11,0.5217391304347826,8
9,XGBClassifier,11,0.4565217391304347,9
10,XGBClassifier,11,0.4468085106382978,10
11,XGBClassifier,11,0.574468085106383,11
12,XGBClassifier,11,0.4130434782608695,12
13,XGBClassifier,11,0.3478260869565217,13
14,XGBClassifier,11,0.391304347826087,14
15,XGBClassifier,11,0.2978723404255319,15
16,XGBClassifier,11,0.4468085106382978,16
17,XGBClassifier,11,0.6304347826086957,17
18,XGBClassifier,11,0.5,18
19,XGBClassifier,11,0.4130434782608695,19
20,XGBClassifier,11,0.4680851063829787,20
21,XGBClassifier,11,0.4468085106382978,21
22,XGBClassifier,11,0.3260869565217391,22
23,XGBClassifier,11,0.3695652173913043,23
24,XGBClassifier,11,0.391304347826087,24
0,XGBClassifier,12,0.4042553191489361,0
1,XGBClassifier,12,0.4893617021276595,1
2,XGBClassifier,12,0.391304347826087,2
3,XGBClassifier,12,0.4130434782608695,3
4,XGBClassifier,12,0.4565217391304347,4
5,XGBClassifier,12,0.3617021276595745,5
6,XGBClassifier,12,0.5957446808510638,6
7,XGBClassifier,12,0.4130434782608695,7
8,XGBClassifier,12,0.3260869565217391,8
9,XGBClassifier,12,0.4782608695652174,9
10,XGBClassifier,12,0.4468085106382978,10
11,XGBClassifier,12,0.4042553191489361,11
12,XGBClassifier,12,0.391304347826087,12
13,XGBClassifier,12,0.4130434782608695,13
14,XGBClassifier,12,0.391304347826087,14
15,XGBClassifier,12,0.3617021276595745,15
16,XGBClassifier,12,0.4893617021276595,16
17,XGBClassifier,12,0.4130434782608695,17
18,XGBClassifier,12,0.5217391304347826,18
19,XGBClassifier,12,0.4782608695652174,19
20,XGBClassifier,12,0.3829787234042553,20
21,XGBClassifier,12,0.4893617021276595,21
22,XGBClassifier,12,0.4347826086956521,22
23,XGBClassifier,12,0.4130434782608695,23
24,XGBClassifier,12,0.5652173913043478,24
0,XGBClassifier,13,0.4893617021276595,0
1,XGBClassifier,13,0.5319148936170213,1
2,XGBClassifier,13,0.5217391304347826,2
3,XGBClassifier,13,0.4347826086956521,3
4,XGBClassifier,13,0.6086956521739131,4
5,XGBClassifier,13,0.5319148936170213,5
6,XGBClassifier,13,0.5957446808510638,6
7,XGBClassifier,13,0.4130434782608695,7
8,XGBClassifier,13,0.4565217391304347,8
9,XGBClassifier,13,0.5217391304347826,9
10,XGBClassifier,13,0.4893617021276595,10
11,XGBClassifier,13,0.4680851063829787,11
12,XGBClassifier,13,0.5869565217391305,12
13,XGBClassifier,13,0.6086956521739131,13
14,XGBClassifier,13,0.5652173913043478,14
15,XGBClassifier,13,0.5957446808510638,15
16,XGBClassifier,13,0.4893617021276595,16
17,XGBClassifier,13,0.5434782608695652,17
18,XGBClassifier,13,0.5,18
19,XGBClassifier,13,0.4565217391304347,19
20,XGBClassifier,13,0.5531914893617021,20
21,XGBClassifier,13,0.3617021276595745,21
22,XGBClassifier,13,0.5,22
23,XGBClassifier,13,0.6304347826086957,23
24,XGBClassifier,13,0.5652173913043478,24
0,XGBClassifier,14,0.7021276595744681,0
1,XGBClassifier,14,0.7021276595744681,1
2,XGBClassifier,14,0.6304347826086957,2
3,XGBClassifier,14,0.5434782608695652,3
4,XGBClassifier,14,0.6521739130434783,4
5,XGBClassifier,14,0.7021276595744681,5
6,XGBClassifier,14,0.6170212765957447,6
7,XGBClassifier,14,0.6086956521739131,7
8,XGBClassifier,14,0.6739130434782609,8
9,XGBClassifier,14,0.5652173913043478,9
10,XGBClassifier,14,0.5957446808510638,10
11,XGBClassifier,14,0.6595744680851063,11
12,XGBClassifier,14,0.5434782608695652,12
13,XGBClassifier,14,0.5217391304347826,13
14,XGBClassifier,14,0.6521739130434783,14
15,XGBClassifier,14,0.5531914893617021,15
16,XGBClassifier,14,0.5531914893617021,16
17,XGBClassifier,14,0.5869565217391305,17
18,XGBClassifier,14,0.6739130434782609,18
19,XGBClassifier,14,0.5869565217391305,19
20,XGBClassifier,14,0.5531914893617021,20
21,XGBClassifier,14,0.574468085106383,21
22,XGBClassifier,14,0.5652173913043478,22
23,XGBClassifier,14,0.6086956521739131,23
24,XGBClassifier,14,0.717391304347826,24
0,XGBClassifier,15,0.7872340425531915,0
1,XGBClassifier,15,0.7659574468085106,1
2,XGBClassifier,15,0.782608695652174,2
3,XGBClassifier,15,0.7391304347826086,3
4,XGBClassifier,15,0.8478260869565217,4
5,XGBClassifier,15,0.7872340425531915,5
6,XGBClassifier,15,0.7659574468085106,6
7,XGBClassifier,15,0.7608695652173914,7
8,XGBClassifier,15,0.782608695652174,8
9,XGBClassifier,15,0.782608695652174,9
10,XGBClassifier,15,0.7872340425531915,10
11,XGBClassifier,15,0.723404255319149,11
12,XGBClassifier,15,0.8043478260869565,12
13,XGBClassifier,15,0.7391304347826086,13
14,XGBClassifier,15,0.8043478260869565,14
15,XGBClassifier,15,0.8297872340425532,15
16,XGBClassifier,15,0.7021276595744681,16
17,XGBClassifier,15,0.7391304347826086,17
18,XGBClassifier,15,0.7608695652173914,18
19,XGBClassifier,15,0.782608695652174,19
20,XGBClassifier,15,0.8297872340425532,20
21,XGBClassifier,15,0.7446808510638298,21
22,XGBClassifier,15,0.7391304347826086,22
23,XGBClassifier,15,0.782608695652174,23
24,XGBClassifier,15,0.782608695652174,24
0,XGBClassifier,16,0.8723404255319149,0
1,XGBClassifier,16,0.9361702127659576,1
2,XGBClassifier,16,0.9565217391304348,2
3,XGBClassifier,16,0.9130434782608696,3
4,XGBClassifier,16,0.9130434782608696,4
5,XGBClassifier,16,0.9787234042553192,5
6,XGBClassifier,16,0.8297872340425532,6
7,XGBClassifier,16,0.9347826086956522,7
8,XGBClassifier,16,0.9347826086956522,8
9,XGBClassifier,16,0.8913043478260869,9
10,XGBClassifier,16,0.9574468085106383,10
11,XGBClassifier,16,0.9148936170212766,11
12,XGBClassifier,16,0.9565217391304348,12
13,XGBClassifier,16,0.8478260869565217,13
14,XGBClassifier,16,0.9565217391304348,14
15,XGBClassifier,16,0.9148936170212766,15
16,XGBClassifier,16,0.8936170212765957,16
17,XGBClassifier,16,0.8260869565217391,17
18,XGBClassifier,16,0.9565217391304348,18
19,XGBClassifier,16,0.9347826086956522,19
20,XGBClassifier,16,0.8723404255319149,20
21,XGBClassifier,16,0.8723404255319149,21
22,XGBClassifier,16,0.9565217391304348,22
23,XGBClassifier,16,0.9565217391304348,23
24,XGBClassifier,16,0.9347826086956522,24
0,XGBClassifier,17,1.0,0
1,XGBClassifier,17,1.0,1
2,XGBClassifier,17,1.0,2
3,XGBClassifier,17,1.0,3
4,XGBClassifier,17,0.9782608695652174,4
5,XGBClassifier,17,1.0,5
6,XGBClassifier,17,1.0,6
7,XGBClassifier,17,0.9782608695652174,7
8,XGBClassifier,17,1.0,8
9,XGBClassifier,17,1.0,9
10,XGBClassifier,17,1.0,10
11,XGBClassifier,17,1.0,11
12,XGBClassifier,17,0.9782608695652174,12
13,XGBClassifier,17,0.9565217391304348,13
14,XGBClassifier,17,1.0,14
15,XGBClassifier,17,1.0,15
16,XGBClassifier,17,1.0,16
17,XGBClassifier,17,0.9565217391304348,17
18,XGBClassifier,17,0.9782608695652174,18
19,XGBClassifier,17,1.0,19
20,XGBClassifier,17,1.0,20
21,XGBClassifier,17,1.0,21
22,XGBClassifier,17,1.0,22
23,XGBClassifier,17,0.9782608695652174,23
24,XGBClassifier,17,1.0,24
0,XGBClassifier,18,0.9574468085106383,0
1,XGBClassifier,18,1.0,1
2,XGBClassifier,18,1.0,2
3,XGBClassifier,18,1.0,3
4,XGBClassifier,18,1.0,4
5,XGBClassifier,18,1.0,5
6,XGBClassifier,18,1.0,6
7,XGBClassifier,18,1.0,7
8,XGBClassifier,18,0.9782608695652174,8
9,XGBClassifier,18,1.0,9
10,XGBClassifier,18,1.0,10
11,XGBClassifier,18,0.9787234042553192,11
12,XGBClassifier,18,0.9565217391304348,12
13,XGBClassifier,18,1.0,13
14,XGBClassifier,18,1.0,14
15,XGBClassifier,18,1.0,15
16,XGBClassifier,18,1.0,16
17,XGBClassifier,18,1.0,17
18,XGBClassifier,18,0.9782608695652174,18
19,XGBClassifier,18,1.0,19
20,XGBClassifier,18,1.0,20
21,XGBClassifier,18,1.0,21
22,XGBClassifier,18,0.9782608695652174,22
23,XGBClassifier,18,1.0,23
24,XGBClassifier,18,1.0,24
0,XGBClassifier,19,0.9574468085106383,0
1,XGBClassifier,19,1.0,1
2,XGBClassifier,19,0.9782608695652174,2
3,XGBClassifier,19,1.0,3
4,XGBClassifier,19,1.0,4
5,XGBClassifier,19,1.0,5
6,XGBClassifier,19,1.0,6
7,XGBClassifier,19,1.0,7
8,XGBClassifier,19,0.9782608695652174,8
9,XGBClassifier,19,0.9782608695652174,9
10,XGBClassifier,19,1.0,10
11,XGBClassifier,19,0.9787234042553192,11
12,XGBClassifier,19,0.9565217391304348,12
13,XGBClassifier,19,0.9782608695652174,13
14,XGBClassifier,19,1.0,14
15,XGBClassifier,19,1.0,15
16,XGBClassifier,19,1.0,16
17,XGBClassifier,19,0.9565217391304348,17
18,XGBClassifier,19,0.9782608695652174,18
19,XGBClassifier,19,1.0,19
20,XGBClassifier,19,1.0,20
21,XGBClassifier,19,1.0,21
22,XGBClassifier,19,0.9565217391304348,22
23,XGBClassifier,19,1.0,23
24,XGBClassifier,19,1.0,24
0,XGBClassifier,2,0.2978723404255319,0
1,XGBClassifier,2,0.1914893617021276,1
2,XGBClassifier,2,0.1739130434782608,2
3,XGBClassifier,2,0.3478260869565217,3
4,XGBClassifier,2,0.217391304347826,4
5,XGBClassifier,2,0.2978723404255319,5
6,XGBClassifier,2,0.0851063829787234,6
7,XGBClassifier,2,0.3260869565217391,7
8,XGBClassifier,2,0.2608695652173913,8
9,XGBClassifier,2,0.2826086956521739,9
10,XGBClassifier,2,0.3191489361702128,10
11,XGBClassifier,2,0.0638297872340425,11
12,XGBClassifier,2,0.1956521739130435,12
13,XGBClassifier,2,0.2391304347826087,13
14,XGBClassifier,2,0.1521739130434782,14
15,XGBClassifier,2,0.2978723404255319,15
16,XGBClassifier,2,0.3829787234042553,16
17,XGBClassifier,2,0.3043478260869565,17
18,XGBClassifier,2,0.3478260869565217,18
19,XGBClassifier,2,0.2391304347826087,19
20,XGBClassifier,2,0.2127659574468085,20
21,XGBClassifier,2,0.2553191489361702,21
22,XGBClassifier,2,0.3478260869565217,22
23,XGBClassifier,2,0.1956521739130435,23
24,XGBClassifier,2,0.217391304347826,24
0,XGBClassifier,20,0.9574468085106383,0
1,XGBClassifier,20,1.0,1
2,XGBClassifier,20,1.0,2
3,XGBClassifier,20,1.0,3
4,XGBClassifier,20,0.9565217391304348,4
5,XGBClassifier,20,1.0,5
6,XGBClassifier,20,1.0,6
7,XGBClassifier,20,1.0,7
8,XGBClassifier,20,0.9782608695652174,8
9,XGBClassifier,20,1.0,9
10,XGBClassifier,20,1.0,10
11,XGBClassifier,20,0.9787234042553192,11
12,XGBClassifier,20,1.0,12
13,XGBClassifier,20,1.0,13
14,XGBClassifier,20,1.0,14
15,XGBClassifier,20,1.0,15
16,XGBClassifier,20,1.0,16
17,XGBClassifier,20,0.9565217391304348,17
18,XGBClassifier,20,0.9782608695652174,18
19,XGBClassifier,20,1.0,19
20,XGBClassifier,20,1.0,20
21,XGBClassifier,20,1.0,21
22,XGBClassifier,20,0.9565217391304348,22
23,XGBClassifier,20,0.9565217391304348,23
24,XGBClassifier,20,1.0,24
0,XGBClassifier,21,0.9574468085106383,0
1,XGBClassifier,21,1.0,1
2,XGBClassifier,21,0.9782608695652174,2
3,XGBClassifier,21,1.0,3
4,XGBClassifier,21,1.0,4
5,XGBClassifier,21,1.0,5
6,XGBClassifier,21,1.0,6
7,XGBClassifier,21,0.9565217391304348,7
8,XGBClassifier,21,0.9782608695652174,8
9,XGBClassifier,21,0.9782608695652174,9
10,XGBClassifier,21,1.0,10
11,XGBClassifier,21,0.9787234042553192,11
12,XGBClassifier,21,1.0,12
13,XGBClassifier,21,0.9782608695652174,13
14,XGBClassifier,21,1.0,14
15,XGBClassifier,21,1.0,15
16,XGBClassifier,21,1.0,16
17,XGBClassifier,21,0.9565217391304348,17
18,XGBClassifier,21,0.9565217391304348,18
19,XGBClassifier,21,1.0,19
20,XGBClassifier,21,1.0,20
21,XGBClassifier,21,1.0,21
22,XGBClassifier,21,0.9565217391304348,22
23,XGBClassifier,21,1.0,23
24,XGBClassifier,21,1.0,24
0,XGBClassifier,22,0.9574468085106383,0
1,XGBClassifier,22,1.0,1
2,XGBClassifier,22,1.0,2
3,XGBClassifier,22,1.0,3
4,XGBClassifier,22,1.0,4
5,XGBClassifier,22,1.0,5
6,XGBClassifier,22,1.0,6
7,XGBClassifier,22,1.0,7
8,XGBClassifier,22,0.9782608695652174,8
9,XGBClassifier,22,1.0,9
10,XGBClassifier,22,1.0,10
11,XGBClassifier,22,0.9787234042553192,11
12,XGBClassifier,22,1.0,12
13,XGBClassifier,22,1.0,13
14,XGBClassifier,22,1.0,14
15,XGBClassifier,22,1.0,15
16,XGBClassifier,22,1.0,16
17,XGBClassifier,22,1.0,17
18,XGBClassifier,22,0.9782608695652174,18
19,XGBClassifier,22,1.0,19
20,XGBClassifier,22,1.0,20
21,XGBClassifier,22,1.0,21
22,XGBClassifier,22,0.9782608695652174,22
23,XGBClassifier,22,1.0,23
24,XGBClassifier,22,1.0,24
0,XGBClassifier,23,0.9574468085106383,0
1,XGBClassifier,23,1.0,1
2,XGBClassifier,23,1.0,2
3,XGBClassifier,23,1.0,3
4,XGBClassifier,23,1.0,4
5,XGBClassifier,23,1.0,5
6,XGBClassifier,23,1.0,6
7,XGBClassifier,23,1.0,7
8,XGBClassifier,23,0.9782608695652174,8
9,XGBClassifier,23,1.0,9
10,XGBClassifier,23,1.0,10
11,XGBClassifier,23,0.9787234042553192,11
12,XGBClassifier,23,1.0,12
13,XGBClassifier,23,1.0,13
14,XGBClassifier,23,1.0,14
15,XGBClassifier,23,1.0,15
16,XGBClassifier,23,1.0,16
17,XGBClassifier,23,0.9565217391304348,17
18,XGBClassifier,23,0.9782608695652174,18
19,XGBClassifier,23,1.0,19
20,XGBClassifier,23,1.0,20
21,XGBClassifier,23,1.0,21
22,XGBClassifier,23,0.9565217391304348,22
23,XGBClassifier,23,1.0,23
24,XGBClassifier,23,1.0,24
0,XGBClassifier,3,0.3617021276595745,0
1,XGBClassifier,3,0.3617021276595745,1
2,XGBClassifier,3,0.3695652173913043,2
3,XGBClassifier,3,0.3260869565217391,3
4,XGBClassifier,3,0.391304347826087,4
5,XGBClassifier,3,0.2978723404255319,5
6,XGBClassifier,3,0.3829787234042553,6
7,XGBClassifier,3,0.4782608695652174,7
8,XGBClassifier,3,0.3695652173913043,8
9,XGBClassifier,3,0.4130434782608695,9
10,XGBClassifier,3,0.2765957446808511,10
11,XGBClassifier,3,0.2765957446808511,11
12,XGBClassifier,3,0.217391304347826,12
13,XGBClassifier,3,0.3260869565217391,13
14,XGBClassifier,3,0.3478260869565217,14
15,XGBClassifier,3,0.3404255319148936,15
16,XGBClassifier,3,0.4468085106382978,16
17,XGBClassifier,3,0.4347826086956521,17
18,XGBClassifier,3,0.3695652173913043,18
19,XGBClassifier,3,0.217391304347826,19
20,XGBClassifier,3,0.3191489361702128,20
21,XGBClassifier,3,0.3617021276595745,21
22,XGBClassifier,3,0.3043478260869565,22
23,XGBClassifier,3,0.3260869565217391,23
24,XGBClassifier,3,0.3478260869565217,24
0,XGBClassifier,4,0.2127659574468085,0
1,XGBClassifier,4,0.3829787234042553,1
2,XGBClassifier,4,0.2608695652173913,2
3,XGBClassifier,4,0.2826086956521739,3
4,XGBClassifier,4,0.3260869565217391,4
5,XGBClassifier,4,0.3617021276595745,5
6,XGBClassifier,4,0.425531914893617,6
7,XGBClassifier,4,0.2826086956521739,7
8,XGBClassifier,4,0.3260869565217391,8
9,XGBClassifier,4,0.4130434782608695,9
10,XGBClassifier,4,0.3617021276595745,10
11,XGBClassifier,4,0.1063829787234042,11
12,XGBClassifier,4,0.3043478260869565,12
13,XGBClassifier,4,0.3478260869565217,13
14,XGBClassifier,4,0.1956521739130435,14
15,XGBClassifier,4,0.3829787234042553,15
16,XGBClassifier,4,0.3404255319148936,16
17,XGBClassifier,4,0.391304347826087,17
18,XGBClassifier,4,0.4782608695652174,18
19,XGBClassifier,4,0.3695652173913043,19
20,XGBClassifier,4,0.3404255319148936,20
21,XGBClassifier,4,0.2340425531914893,21
22,XGBClassifier,4,0.3695652173913043,22
23,XGBClassifier,4,0.3478260869565217,23
24,XGBClassifier,4,0.2391304347826087,24
0,XGBClassifier,5,0.3829787234042553,0
1,XGBClassifier,5,0.3829787234042553,1
2,XGBClassifier,5,0.4130434782608695,2
3,XGBClassifier,5,0.4347826086956521,3
4,XGBClassifier,5,0.5217391304347826,4
5,XGBClassifier,5,0.3617021276595745,5
6,XGBClassifier,5,0.4680851063829787,6
7,XGBClassifier,5,0.4130434782608695,7
8,XGBClassifier,5,0.391304347826087,8
9,XGBClassifier,5,0.391304347826087,9
10,XGBClassifier,5,0.4468085106382978,10
11,XGBClassifier,5,0.5106382978723404,11
12,XGBClassifier,5,0.5652173913043478,12
13,XGBClassifier,5,0.4130434782608695,13
14,XGBClassifier,5,0.4782608695652174,14
15,XGBClassifier,5,0.4042553191489361,15
16,XGBClassifier,5,0.4042553191489361,16
17,XGBClassifier,5,0.4782608695652174,17
18,XGBClassifier,5,0.4130434782608695,18
19,XGBClassifier,5,0.3478260869565217,19
20,XGBClassifier,5,0.3191489361702128,20
21,XGBClassifier,5,0.3191489361702128,21
22,XGBClassifier,5,0.3478260869565217,22
23,XGBClassifier,5,0.391304347826087,23
24,XGBClassifier,5,0.3478260869565217,24
0,XGBClassifier,6,0.2765957446808511,0
1,XGBClassifier,6,0.2553191489361702,1
2,XGBClassifier,6,0.2826086956521739,2
3,XGBClassifier,6,0.391304347826087,3
4,XGBClassifier,6,0.1956521739130435,4
5,XGBClassifier,6,0.4468085106382978,5
6,XGBClassifier,6,0.3404255319148936,6
7,XGBClassifier,6,0.4782608695652174,7
8,XGBClassifier,6,0.3695652173913043,8
9,XGBClassifier,6,0.3260869565217391,9
10,XGBClassifier,6,0.4468085106382978,10
11,XGBClassifier,6,0.1914893617021276,11
12,XGBClassifier,6,0.2826086956521739,12
13,XGBClassifier,6,0.3695652173913043,13
14,XGBClassifier,6,0.2826086956521739,14
15,XGBClassifier,6,0.2978723404255319,15
16,XGBClassifier,6,0.3404255319148936,16
17,XGBClassifier,6,0.391304347826087,17
18,XGBClassifier,6,0.3260869565217391,18
19,XGBClassifier,6,0.3260869565217391,19
20,XGBClassifier,6,0.3617021276595745,20
21,XGBClassifier,6,0.3617021276595745,21
22,XGBClassifier,6,0.2608695652173913,22
23,XGBClassifier,6,0.391304347826087,23
24,XGBClassifier,6,0.3260869565217391,24
0,XGBClassifier,7,0.3617021276595745,0
1,XGBClassifier,7,0.3404255319148936,1
2,XGBClassifier,7,0.2826086956521739,2
3,XGBClassifier,7,0.4130434782608695,3
4,XGBClassifier,7,0.4782608695652174,4
5,XGBClassifier,7,0.5106382978723404,5
6,XGBClassifier,7,0.4680851063829787,6
7,XGBClassifier,7,0.5434782608695652,7
8,XGBClassifier,7,0.3478260869565217,8
9,XGBClassifier,7,0.5,9
10,XGBClassifier,7,0.574468085106383,10
11,XGBClassifier,7,0.2765957446808511,11
12,XGBClassifier,7,0.4130434782608695,12
13,XGBClassifier,7,0.3695652173913043,13
14,XGBClassifier,7,0.3260869565217391,14
15,XGBClassifier,7,0.3191489361702128,15
16,XGBClassifier,7,0.3829787234042553,16
17,XGBClassifier,7,0.3695652173913043,17
18,XGBClassifier,7,0.4347826086956521,18
19,XGBClassifier,7,0.3478260869565217,19
20,XGBClassifier,7,0.425531914893617,20
21,XGBClassifier,7,0.2553191489361702,21
22,XGBClassifier,7,0.2826086956521739,22
23,XGBClassifier,7,0.3478260869565217,23
24,XGBClassifier,7,0.391304347826087,24
0,XGBClassifier,8,0.2340425531914893,0
1,XGBClassifier,8,0.3829787234042553,1
2,XGBClassifier,8,0.2608695652173913,2
3,XGBClassifier,8,0.4782608695652174,3
4,XGBClassifier,8,0.2608695652173913,4
5,XGBClassifier,8,0.3404255319148936,5
6,XGBClassifier,8,0.4042553191489361,6
7,XGBClassifier,8,0.2391304347826087,7
8,XGBClassifier,8,0.3043478260869565,8
9,XGBClassifier,8,0.391304347826087,9
10,XGBClassifier,8,0.4468085106382978,10
11,XGBClassifier,8,0.3404255319148936,11
12,XGBClassifier,8,0.2391304347826087,12
13,XGBClassifier,8,0.4347826086956521,13
14,XGBClassifier,8,0.3043478260869565,14
15,XGBClassifier,8,0.2553191489361702,15
16,XGBClassifier,8,0.3191489361702128,16
17,XGBClassifier,8,0.3695652173913043,17
18,XGBClassifier,8,0.4130434782608695,18
19,XGBClassifier,8,0.2826086956521739,19
20,XGBClassifier,8,0.1914893617021276,20
21,XGBClassifier,8,0.3617021276595745,21
22,XGBClassifier,8,0.4347826086956521,22
23,XGBClassifier,8,0.3695652173913043,23
24,XGBClassifier,8,0.3695652173913043,24
0,XGBClassifier,9,0.3829787234042553,0
1,XGBClassifier,9,0.3191489361702128,1
2,XGBClassifier,9,0.2826086956521739,2
3,XGBClassifier,9,0.4347826086956521,3
4,XGBClassifier,9,0.4130434782608695,4
5,XGBClassifier,9,0.2978723404255319,5
6,XGBClassifier,9,0.3191489361702128,6
7,XGBClassifier,9,0.3695652173913043,7
8,XGBClassifier,9,0.4565217391304347,8
9,XGBClassifier,9,0.4130434782608695,9
10,XGBClassifier,9,0.3404255319148936,10
11,XGBClassifier,9,0.2978723404255319,11
12,XGBClassifier,9,0.3260869565217391,12
13,XGBClassifier,9,0.3695652173913043,13
14,XGBClassifier,9,0.391304347826087,14
15,XGBClassifier,9,0.3191489361702128,15
16,XGBClassifier,9,0.3829787234042553,16
17,XGBClassifier,9,0.391304347826087,17
18,XGBClassifier,9,0.4130434782608695,18
19,XGBClassifier,9,0.3478260869565217,19
20,XGBClassifier,9,0.425531914893617,20
21,XGBClassifier,9,0.4042553191489361,21
22,XGBClassifier,9,0.3478260869565217,22
23,XGBClassifier,9,0.3478260869565217,23
24,XGBClassifier,9,0.3260869565217391,24
