baseline,X,split_idx,n_splits,n_benign_test,n_malicious_test,threshold,acc_benign_test,acc_malicious_test,acc_mean_test,mz_name,payload
byte_entropy,1,0,5,24,24,4.850959852614068e-05,0.0,1.0,0.5,tiny-imagenet_resnet18,rand
byte_entropy,2,0,5,24,24,4.851642788924871e-05,0.0,1.0,0.5,tiny-imagenet_resnet18,rand
byte_entropy,3,0,5,24,24,4.852500705487765e-05,0.0,1.0,0.5,tiny-imagenet_resnet18,rand
byte_entropy,4,0,5,24,24,4.8509540299878994e-05,0.0,1.0,0.5,tiny-imagenet_resnet18,rand
byte_entropy,5,0,5,24,24,4.8509065637116584e-05,0.0,1.0,0.5,tiny-imagenet_resnet18,rand
byte_entropy,6,0,5,24,24,0.00017497724089634607,0.08333333333333333,0.9166666666666666,0.5,tiny-imagenet_resnet18,rand
byte_entropy,7,0,5,24,24,5.357828310234115e-05,0.0,1.0,0.5,tiny-imagenet_resnet18,rand
byte_entropy,8,0,5,24,24,4.851472384761297e-05,0.0,1.0,0.5,tiny-imagenet_resnet18,rand
byte_entropy,9,0,5,24,24,9.181868667768213e-05,0.0,1.0,0.5,tiny-imagenet_resnet18,rand
byte_entropy,10,0,5,24,24,5.3609076249464893e-05,0.0,1.0,0.5,tiny-imagenet_resnet18,rand
byte_entropy,11,0,5,24,24,5.3580387325423896e-05,0.0,1.0,0.5,tiny-imagenet_resnet18,rand
byte_entropy,12,0,5,24,24,5.3654744536282593e-05,0.0,1.0,0.5,tiny-imagenet_resnet18,rand
byte_entropy,13,0,5,24,24,5.357460214051264e-05,0.0,1.0,0.5,tiny-imagenet_resnet18,rand
byte_entropy,14,0,5,24,24,4.850993598702491e-05,0.0,1.0,0.5,tiny-imagenet_resnet18,rand
byte_entropy,15,0,5,24,24,9.061702552119183e-05,0.0,1.0,0.5,tiny-imagenet_resnet18,rand
byte_entropy,16,0,5,24,24,5.3620417047625904e-05,0.0,1.0,0.5,tiny-imagenet_resnet18,rand
byte_entropy,17,0,5,24,24,0.0007479702136244434,0.4166666666666667,0.5833333333333334,0.5,tiny-imagenet_resnet18,rand
byte_entropy,18,0,5,24,24,0.00022971195096457294,0.08333333333333333,0.9166666666666666,0.5,tiny-imagenet_resnet18,rand
byte_entropy,19,0,5,24,24,0.0002281964750420786,0.08333333333333333,0.875,0.4791666666666667,tiny-imagenet_resnet18,rand
byte_entropy,20,0,5,24,24,0.00038475134493612444,0.25,1.0,0.625,tiny-imagenet_resnet18,rand
byte_entropy,21,0,5,24,24,0.0018886828674866438,0.7916666666666666,1.0,0.8958333333333333,tiny-imagenet_resnet18,rand
byte_entropy,22,0,5,24,24,0.005669697836258606,1.0,1.0,1.0,tiny-imagenet_resnet18,rand
byte_entropy,23,0,5,24,24,0.016229723298698127,1.0,1.0,1.0,tiny-imagenet_resnet18,rand
histogram_kl,1,0,5,24,24,1.0452722469159477e-05,0.16666666666666666,0.875,0.5208333333333334,tiny-imagenet_resnet18,rand
histogram_kl,2,0,5,24,24,1.1289039976515215e-05,0.4583333333333333,0.6666666666666666,0.5625,tiny-imagenet_resnet18,rand
histogram_kl,3,0,5,24,24,1.0465327538227567e-05,0.16666666666666666,0.875,0.5208333333333334,tiny-imagenet_resnet18,rand
histogram_kl,4,0,5,24,24,1.1249061116514986e-05,0.4583333333333333,0.625,0.5416666666666666,tiny-imagenet_resnet18,rand
histogram_kl,5,0,5,24,24,1.0865636592625651e-05,0.2916666666666667,0.7916666666666666,0.5416666666666666,tiny-imagenet_resnet18,rand
histogram_kl,6,0,5,24,24,1.0864671289584002e-05,0.2916666666666667,0.7083333333333334,0.5,tiny-imagenet_resnet18,rand
histogram_kl,7,0,5,24,24,1.0484168813783417e-05,0.16666666666666666,0.8333333333333334,0.5,tiny-imagenet_resnet18,rand
histogram_kl,8,0,5,24,24,1.0893408265344944e-05,0.2916666666666667,0.5416666666666666,0.41666666666666663,tiny-imagenet_resnet18,rand
histogram_kl,9,0,5,24,24,1.128349071826622e-05,0.4583333333333333,0.6666666666666666,0.5625,tiny-imagenet_resnet18,rand
histogram_kl,10,0,5,24,24,1.0451310087804608e-05,0.16666666666666666,0.8333333333333334,0.5,tiny-imagenet_resnet18,rand
histogram_kl,11,0,5,24,24,1.0872164914843358e-05,0.2916666666666667,0.75,0.5208333333333334,tiny-imagenet_resnet18,rand
histogram_kl,12,0,5,24,24,1.0458858070008982e-05,0.16666666666666666,0.8333333333333334,0.5,tiny-imagenet_resnet18,rand
histogram_kl,13,0,5,24,24,1.0459567035229574e-05,0.16666666666666666,0.9166666666666666,0.5416666666666666,tiny-imagenet_resnet18,rand
histogram_kl,14,0,5,24,24,1.0805728355867222e-05,0.2916666666666667,0.75,0.5208333333333334,tiny-imagenet_resnet18,rand
histogram_kl,15,0,5,24,24,1.0443224754247719e-05,0.125,0.7083333333333334,0.4166666666666667,tiny-imagenet_resnet18,rand
histogram_kl,16,0,5,24,24,1.0476539324772538e-05,0.16666666666666666,0.9166666666666666,0.5416666666666666,tiny-imagenet_resnet18,rand
histogram_kl,17,0,5,24,24,1.1252537488470181e-05,0.4583333333333333,0.4166666666666667,0.4375,tiny-imagenet_resnet18,rand
histogram_kl,18,0,5,24,24,1.0477765822766992e-05,0.16666666666666666,0.9166666666666666,0.5416666666666666,tiny-imagenet_resnet18,rand
histogram_kl,19,0,5,24,24,1.134564448670411e-05,0.4583333333333333,0.3333333333333333,0.3958333333333333,tiny-imagenet_resnet18,rand
histogram_kl,20,0,5,24,24,1.1299870200698299e-05,0.4583333333333333,0.5416666666666666,0.5,tiny-imagenet_resnet18,rand
histogram_kl,21,0,5,24,24,1.114263230633174e-05,0.4166666666666667,0.5,0.45833333333333337,tiny-imagenet_resnet18,rand
histogram_kl,22,0,5,24,24,1.1327279856270287e-05,0.4583333333333333,0.4583333333333333,0.4583333333333333,tiny-imagenet_resnet18,rand
histogram_kl,23,0,5,24,24,1.1350411822302562e-05,0.4583333333333333,0.5416666666666666,0.5,tiny-imagenet_resnet18,rand
weight_value_dist,1,0,5,24,24,9.323583522744288,0.25,0.75,0.5,tiny-imagenet_resnet18,rand
weight_value_dist,2,0,5,24,24,8.330153957437087,0.0,1.0,0.5,tiny-imagenet_resnet18,rand
weight_value_dist,3,0,5,24,24,9.323588985890913,0.25,0.75,0.5,tiny-imagenet_resnet18,rand
weight_value_dist,4,0,5,24,24,9.323589275961389,0.25,0.75,0.5,tiny-imagenet_resnet18,rand
weight_value_dist,5,0,5,24,24,8.998324446091898,0.16666666666666666,0.8333333333333334,0.5,tiny-imagenet_resnet18,rand
weight_value_dist,6,0,5,24,24,8.998292740630863,0.16666666666666666,0.8333333333333334,0.5,tiny-imagenet_resnet18,rand
weight_value_dist,7,0,5,24,24,8.943491361536829,0.16666666666666666,0.8333333333333334,0.5,tiny-imagenet_resnet18,rand
weight_value_dist,8,0,5,24,24,8.97959093675178,0.16666666666666666,0.8333333333333334,0.5,tiny-imagenet_resnet18,rand
weight_value_dist,9,0,5,24,24,8.946310131681994,0.16666666666666666,0.8333333333333334,0.5,tiny-imagenet_resnet18,rand
weight_value_dist,10,0,5,24,24,8.985487968226757,0.16666666666666666,0.8333333333333334,0.5,tiny-imagenet_resnet18,rand
weight_value_dist,11,0,5,24,24,9.947522760919288,0.5416666666666666,0.4583333333333333,0.5,tiny-imagenet_resnet18,rand
weight_value_dist,12,0,5,24,24,9.382054368236965,0.3333333333333333,0.75,0.5416666666666666,tiny-imagenet_resnet18,rand
weight_value_dist,13,0,5,24,24,9.037987494384641,0.20833333333333334,0.8333333333333334,0.5208333333333334,tiny-imagenet_resnet18,rand
weight_value_dist,14,0,5,24,24,9.336196395097765,0.25,0.75,0.5,tiny-imagenet_resnet18,rand
weight_value_dist,15,0,5,24,24,9.549405960104128,0.375,0.625,0.5,tiny-imagenet_resnet18,rand
weight_value_dist,16,0,5,24,24,9.008572859686609,0.16666666666666666,0.9166666666666666,0.5416666666666666,tiny-imagenet_resnet18,rand
weight_value_dist,17,0,5,24,24,9.54324387657655,0.3333333333333333,0.7083333333333334,0.5208333333333334,tiny-imagenet_resnet18,rand
weight_value_dist,18,0,5,24,24,9.544218590113339,0.3333333333333333,0.625,0.47916666666666663,tiny-imagenet_resnet18,rand
weight_value_dist,19,0,5,24,24,9.548136798407349,0.3333333333333333,0.6666666666666666,0.5,tiny-imagenet_resnet18,rand
weight_value_dist,20,0,5,24,24,10.490083916077086,0.7916666666666666,0.8333333333333334,0.8125,tiny-imagenet_resnet18,rand
weight_value_dist,21,0,5,24,24,13.471914211232267,1.0,1.0,1.0,tiny-imagenet_resnet18,rand
weight_value_dist,22,0,5,24,24,61.07736095856275,1.0,1.0,1.0,tiny-imagenet_resnet18,rand
weight_value_dist,23,0,5,24,24,132.6995080780026,1.0,1.0,1.0,tiny-imagenet_resnet18,rand
byte_autocorr,1,0,5,24,24,0.00016794269941545134,0.2916666666666667,0.7083333333333334,0.5,tiny-imagenet_resnet18,rand
byte_autocorr,2,0,5,24,24,8.419236128041795e-05,0.16666666666666666,0.8333333333333334,0.5,tiny-imagenet_resnet18,rand
byte_autocorr,3,0,5,24,24,0.0002485610085030932,0.5,0.5,0.5,tiny-imagenet_resnet18,rand
byte_autocorr,4,0,5,24,24,0.00024536401881305645,0.5,0.5416666666666666,0.5208333333333333,tiny-imagenet_resnet18,rand
byte_autocorr,5,0,5,24,24,0.0002779415604306461,0.5833333333333334,0.5,0.5416666666666667,tiny-imagenet_resnet18,rand
byte_autocorr,6,0,5,24,24,0.0002167141372394493,0.4166666666666667,0.5833333333333334,0.5,tiny-imagenet_resnet18,rand
byte_autocorr,7,0,5,24,24,0.0002745607739017209,0.5833333333333334,0.3333333333333333,0.45833333333333337,tiny-imagenet_resnet18,rand
byte_autocorr,8,0,5,24,24,0.0002773449247559306,0.5833333333333334,0.375,0.4791666666666667,tiny-imagenet_resnet18,rand
byte_autocorr,9,0,5,24,24,0.00024594626112542454,0.5,0.4583333333333333,0.47916666666666663,tiny-imagenet_resnet18,rand
byte_autocorr,10,0,5,24,24,0.00027674370526580043,0.5833333333333334,0.375,0.4791666666666667,tiny-imagenet_resnet18,rand
byte_autocorr,11,0,5,24,24,0.00027458349261582244,0.5833333333333334,0.4166666666666667,0.5,tiny-imagenet_resnet18,rand
byte_autocorr,12,0,5,24,24,0.00024739723180771365,0.5,0.5,0.5,tiny-imagenet_resnet18,rand
byte_autocorr,13,0,5,24,24,0.0002792724043043112,0.5833333333333334,0.4583333333333333,0.5208333333333334,tiny-imagenet_resnet18,rand
byte_autocorr,14,0,5,24,24,0.00028218768320560726,0.5833333333333334,0.2916666666666667,0.4375,tiny-imagenet_resnet18,rand
byte_autocorr,15,0,5,24,24,0.0002457930348138842,0.5,0.3333333333333333,0.41666666666666663,tiny-imagenet_resnet18,rand
byte_autocorr,16,0,5,24,24,0.000282429676574175,0.5833333333333334,0.3333333333333333,0.45833333333333337,tiny-imagenet_resnet18,rand
byte_autocorr,17,0,5,24,24,0.00018585190969993564,0.2916666666666667,0.5416666666666666,0.41666666666666663,tiny-imagenet_resnet18,rand
byte_autocorr,18,0,5,24,24,0.00018196170395512319,0.2916666666666667,0.5,0.39583333333333337,tiny-imagenet_resnet18,rand
byte_autocorr,19,0,5,24,24,0.0002698203076892602,0.5833333333333334,0.5416666666666666,0.5625,tiny-imagenet_resnet18,rand
byte_autocorr,20,0,5,24,24,0.0002764078988468084,0.5833333333333334,0.3333333333333333,0.45833333333333337,tiny-imagenet_resnet18,rand
byte_autocorr,21,0,5,24,24,0.00023566144776872744,0.4583333333333333,0.3333333333333333,0.3958333333333333,tiny-imagenet_resnet18,rand
byte_autocorr,22,0,5,24,24,0.0002479079810642339,0.5,0.5,0.5,tiny-imagenet_resnet18,rand
byte_autocorr,23,0,5,24,24,0.0002766085716118916,0.5833333333333334,0.375,0.4791666666666667,tiny-imagenet_resnet18,rand
byte_entropy,1,1,5,23,23,5.911642064710588e-05,0.08695652173913043,0.9130434782608695,0.5,tiny-imagenet_resnet18,rand
byte_entropy,2,1,5,23,23,5.911356017250896e-05,0.08695652173913043,0.9130434782608695,0.5,tiny-imagenet_resnet18,rand
byte_entropy,3,1,5,23,23,2.018711907968106e-05,0.043478260869565216,0.9565217391304348,0.5,tiny-imagenet_resnet18,rand
byte_entropy,4,1,5,23,23,0.00011928799696384182,0.17391304347826086,0.8260869565217391,0.5,tiny-imagenet_resnet18,rand
byte_entropy,5,1,5,23,23,5.912762350044503e-05,0.08695652173913043,0.9130434782608695,0.5,tiny-imagenet_resnet18,rand
byte_entropy,6,1,5,23,23,0.00011929581934637729,0.17391304347826086,0.8260869565217391,0.5,tiny-imagenet_resnet18,rand
byte_entropy,7,1,5,23,23,2.012995322207492e-05,0.043478260869565216,0.9565217391304348,0.5,tiny-imagenet_resnet18,rand
byte_entropy,8,1,5,23,23,5.911664174883544e-05,0.08695652173913043,0.9130434782608695,0.5,tiny-imagenet_resnet18,rand
byte_entropy,9,1,5,23,23,5.9127354670048815e-05,0.08695652173913043,0.9130434782608695,0.5,tiny-imagenet_resnet18,rand
byte_entropy,10,1,5,23,23,0.0001683986460318805,0.17391304347826086,0.8260869565217391,0.5,tiny-imagenet_resnet18,rand
byte_entropy,11,1,5,23,23,2.0148038342688356e-05,0.043478260869565216,1.0,0.5217391304347826,tiny-imagenet_resnet18,rand
byte_entropy,12,1,5,23,23,2.0142169032703068e-05,0.043478260869565216,0.9565217391304348,0.5,tiny-imagenet_resnet18,rand
byte_entropy,13,1,5,23,23,2.016699092825749e-05,0.043478260869565216,0.9565217391304348,0.5,tiny-imagenet_resnet18,rand
byte_entropy,14,1,5,23,23,2.014412636671532e-05,0.043478260869565216,0.9565217391304348,0.5,tiny-imagenet_resnet18,rand
byte_entropy,15,1,5,23,23,2.0128490134225437e-05,0.043478260869565216,0.9565217391304348,0.5,tiny-imagenet_resnet18,rand
byte_entropy,16,1,5,23,23,2.0118353367545863e-05,0.043478260869565216,0.9565217391304348,0.5,tiny-imagenet_resnet18,rand
byte_entropy,17,1,5,23,23,2.1937510694521648e-05,0.043478260869565216,0.9565217391304348,0.5,tiny-imagenet_resnet18,rand
byte_entropy,18,1,5,23,23,0.00022826598835610514,0.21739130434782608,0.782608695652174,0.5,tiny-imagenet_resnet18,rand
byte_entropy,19,1,5,23,23,0.00022698377398332168,0.21739130434782608,0.8260869565217391,0.5217391304347826,tiny-imagenet_resnet18,rand
byte_entropy,20,1,5,23,23,0.0005126416793333302,0.34782608695652173,0.8695652173913043,0.6086956521739131,tiny-imagenet_resnet18,rand
byte_entropy,21,1,5,23,23,0.0018666843590451395,0.6956521739130435,1.0,0.8478260869565217,tiny-imagenet_resnet18,rand
byte_entropy,22,1,5,23,23,0.005697705227351184,1.0,1.0,1.0,tiny-imagenet_resnet18,rand
byte_entropy,23,1,5,23,23,0.016263291398284842,1.0,1.0,1.0,tiny-imagenet_resnet18,rand
histogram_kl,1,1,5,23,23,1.0483959735814822e-05,0.13043478260869565,0.9565217391304348,0.5434782608695652,tiny-imagenet_resnet18,rand
histogram_kl,2,1,5,23,23,1.0483355302554855e-05,0.13043478260869565,0.782608695652174,0.4565217391304348,tiny-imagenet_resnet18,rand
histogram_kl,3,1,5,23,23,1.048685435554682e-05,0.13043478260869565,0.6956521739130435,0.41304347826086957,tiny-imagenet_resnet18,rand
histogram_kl,4,1,5,23,23,1.1586329608712483e-05,0.43478260869565216,0.6086956521739131,0.5217391304347826,tiny-imagenet_resnet18,rand
histogram_kl,5,1,5,23,23,1.0888921308028899e-05,0.21739130434782608,0.5217391304347826,0.3695652173913043,tiny-imagenet_resnet18,rand
histogram_kl,6,1,5,23,23,1.0880421326105709e-05,0.21739130434782608,0.9130434782608695,0.5652173913043478,tiny-imagenet_resnet18,rand
histogram_kl,7,1,5,23,23,1.1238515071459527e-05,0.34782608695652173,0.6086956521739131,0.4782608695652174,tiny-imagenet_resnet18,rand
histogram_kl,8,1,5,23,23,1.0357104000620964e-05,0.043478260869565216,0.9130434782608695,0.47826086956521735,tiny-imagenet_resnet18,rand
histogram_kl,9,1,5,23,23,1.1151176178579726e-05,0.30434782608695654,0.7391304347826086,0.5217391304347826,tiny-imagenet_resnet18,rand
histogram_kl,10,1,5,23,23,1.0491287939120984e-05,0.13043478260869565,0.782608695652174,0.4565217391304348,tiny-imagenet_resnet18,rand
histogram_kl,11,1,5,23,23,1.0489998491348157e-05,0.13043478260869565,0.6956521739130435,0.41304347826086957,tiny-imagenet_resnet18,rand
histogram_kl,12,1,5,23,23,1.1107239036054402e-05,0.30434782608695654,0.5652173913043478,0.43478260869565216,tiny-imagenet_resnet18,rand
histogram_kl,13,1,5,23,23,1.0510762128940699e-05,0.13043478260869565,0.8260869565217391,0.4782608695652174,tiny-imagenet_resnet18,rand
histogram_kl,14,1,5,23,23,1.0695816548726562e-05,0.13043478260869565,0.782608695652174,0.4565217391304348,tiny-imagenet_resnet18,rand
histogram_kl,15,1,5,23,23,1.1205505686332552e-05,0.34782608695652173,0.5652173913043478,0.45652173913043476,tiny-imagenet_resnet18,rand
histogram_kl,16,1,5,23,23,1.0507360951615591e-05,0.13043478260869565,0.9130434782608695,0.5217391304347826,tiny-imagenet_resnet18,rand
histogram_kl,17,1,5,23,23,1.0456537672361233e-05,0.13043478260869565,0.9130434782608695,0.5217391304347826,tiny-imagenet_resnet18,rand
histogram_kl,18,1,5,23,23,1.0482244971420975e-05,0.13043478260869565,0.9565217391304348,0.5434782608695652,tiny-imagenet_resnet18,rand
histogram_kl,19,1,5,23,23,1.0696510979745638e-05,0.13043478260869565,0.6956521739130435,0.41304347826086957,tiny-imagenet_resnet18,rand
histogram_kl,20,1,5,23,23,1.1211243454498597e-05,0.34782608695652173,0.7391304347826086,0.5434782608695652,tiny-imagenet_resnet18,rand
histogram_kl,21,1,5,23,23,1.1147380179234269e-05,0.30434782608695654,0.5652173913043478,0.43478260869565216,tiny-imagenet_resnet18,rand
histogram_kl,22,1,5,23,23,1.0488130891275325e-05,0.13043478260869565,0.8695652173913043,0.5,tiny-imagenet_resnet18,rand
histogram_kl,23,1,5,23,23,1.1209937887191596e-05,0.34782608695652173,0.5652173913043478,0.45652173913043476,tiny-imagenet_resnet18,rand
weight_value_dist,1,1,5,23,23,8.344144821173497,0.0,1.0,0.5,tiny-imagenet_resnet18,rand
weight_value_dist,2,1,5,23,23,8.41643529780723,0.0,1.0,0.5,tiny-imagenet_resnet18,rand
weight_value_dist,3,1,5,23,23,8.344313285341208,0.0,1.0,0.5,tiny-imagenet_resnet18,rand
weight_value_dist,4,1,5,23,23,8.344489969520433,0.0,1.0,0.5,tiny-imagenet_resnet18,rand
weight_value_dist,5,1,5,23,23,8.966806292270178,0.043478260869565216,0.9565217391304348,0.5,tiny-imagenet_resnet18,rand
weight_value_dist,6,1,5,23,23,8.966819185559519,0.043478260869565216,0.9565217391304348,0.5,tiny-imagenet_resnet18,rand
weight_value_dist,7,1,5,23,23,8.96078931053545,0.043478260869565216,0.9565217391304348,0.5,tiny-imagenet_resnet18,rand
weight_value_dist,8,1,5,23,23,8.960851353123733,0.043478260869565216,0.9565217391304348,0.5,tiny-imagenet_resnet18,rand
weight_value_dist,9,1,5,23,23,9.786173986417133,0.6086956521739131,0.391304347826087,0.5,tiny-imagenet_resnet18,rand
weight_value_dist,10,1,5,23,23,8.795325525298306,0.0,1.0,0.5,tiny-imagenet_resnet18,rand
weight_value_dist,11,1,5,23,23,9.941666506949208,0.6086956521739131,0.391304347826087,0.5,tiny-imagenet_resnet18,rand
weight_value_dist,12,1,5,23,23,9.680951113516048,0.5652173913043478,0.5652173913043478,0.5652173913043478,tiny-imagenet_resnet18,rand
weight_value_dist,13,1,5,23,23,9.482815643776327,0.2608695652173913,0.6956521739130435,0.4782608695652174,tiny-imagenet_resnet18,rand
weight_value_dist,14,1,5,23,23,10.20896441647173,0.6086956521739131,0.34782608695652173,0.4782608695652174,tiny-imagenet_resnet18,rand
weight_value_dist,15,1,5,23,23,8.967381224289833,0.043478260869565216,0.9565217391304348,0.5,tiny-imagenet_resnet18,rand
weight_value_dist,16,1,5,23,23,8.823912969492099,0.0,1.0,0.5,tiny-imagenet_resnet18,rand
weight_value_dist,17,1,5,23,23,8.593013672641817,0.0,0.9565217391304348,0.4782608695652174,tiny-imagenet_resnet18,rand
weight_value_dist,18,1,5,23,23,9.105210088285606,0.08695652173913043,0.8260869565217391,0.4565217391304348,tiny-imagenet_resnet18,rand
weight_value_dist,19,1,5,23,23,10.156734393485472,0.6086956521739131,0.6956521739130435,0.6521739130434783,tiny-imagenet_resnet18,rand
weight_value_dist,20,1,5,23,23,10.300287071059358,0.6521739130434783,0.9565217391304348,0.8043478260869565,tiny-imagenet_resnet18,rand
weight_value_dist,21,1,5,23,23,13.45727458864744,1.0,1.0,1.0,tiny-imagenet_resnet18,rand
weight_value_dist,22,1,5,23,23,60.79421925104629,1.0,1.0,1.0,tiny-imagenet_resnet18,rand
weight_value_dist,23,1,5,23,23,132.27770534413344,1.0,1.0,1.0,tiny-imagenet_resnet18,rand
byte_autocorr,1,1,5,23,23,0.00018106896745124167,0.4782608695652174,0.5652173913043478,0.5217391304347826,tiny-imagenet_resnet18,rand
byte_autocorr,2,1,5,23,23,0.00012199051735549837,0.34782608695652173,0.6956521739130435,0.5217391304347826,tiny-imagenet_resnet18,rand
byte_autocorr,3,1,5,23,23,0.00022488990399765026,0.5652173913043478,0.43478260869565216,0.5,tiny-imagenet_resnet18,rand
byte_autocorr,4,1,5,23,23,0.00024469920634630064,0.6521739130434783,0.30434782608695654,0.4782608695652174,tiny-imagenet_resnet18,rand
byte_autocorr,5,1,5,23,23,0.00024557834438814386,0.6521739130434783,0.30434782608695654,0.4782608695652174,tiny-imagenet_resnet18,rand
byte_autocorr,6,1,5,23,23,0.00022564092386891647,0.5652173913043478,0.4782608695652174,0.5217391304347826,tiny-imagenet_resnet18,rand
byte_autocorr,7,1,5,23,23,0.00022493947622510282,0.5652173913043478,0.391304347826087,0.4782608695652174,tiny-imagenet_resnet18,rand
byte_autocorr,8,1,5,23,23,0.0002488888168490517,0.6521739130434783,0.391304347826087,0.5217391304347826,tiny-imagenet_resnet18,rand
byte_autocorr,9,1,5,23,23,0.00024711703843733116,0.6521739130434783,0.34782608695652173,0.5,tiny-imagenet_resnet18,rand
byte_autocorr,10,1,5,23,23,0.00024676592514515544,0.6521739130434783,0.5217391304347826,0.5869565217391304,tiny-imagenet_resnet18,rand
byte_autocorr,11,1,5,23,23,0.0002721461816580017,0.6956521739130435,0.4782608695652174,0.5869565217391304,tiny-imagenet_resnet18,rand
byte_autocorr,12,1,5,23,23,0.00024525390800726873,0.6521739130434783,0.391304347826087,0.5217391304347826,tiny-imagenet_resnet18,rand
byte_autocorr,13,1,5,23,23,0.000279135335743744,0.782608695652174,0.21739130434782608,0.5,tiny-imagenet_resnet18,rand
byte_autocorr,14,1,5,23,23,0.0002750123443028797,0.6956521739130435,0.30434782608695654,0.5,tiny-imagenet_resnet18,rand
byte_autocorr,15,1,5,23,23,0.00024603982863549765,0.6521739130434783,0.4782608695652174,0.5652173913043479,tiny-imagenet_resnet18,rand
byte_autocorr,16,1,5,23,23,0.0002785149253676513,0.7391304347826086,0.34782608695652173,0.5434782608695652,tiny-imagenet_resnet18,rand
byte_autocorr,17,1,5,23,23,0.00018259456190249513,0.4782608695652174,0.4782608695652174,0.4782608695652174,tiny-imagenet_resnet18,rand
byte_autocorr,18,1,5,23,23,1.4527768233713842e-05,0.0,0.9130434782608695,0.45652173913043476,tiny-imagenet_resnet18,rand
byte_autocorr,19,1,5,23,23,0.00027236254221678954,0.6956521739130435,0.34782608695652173,0.5217391304347826,tiny-imagenet_resnet18,rand
byte_autocorr,20,1,5,23,23,0.00027627083028624114,0.6956521739130435,0.21739130434782608,0.45652173913043476,tiny-imagenet_resnet18,rand
byte_autocorr,21,1,5,23,23,0.00022569897310460078,0.5652173913043478,0.391304347826087,0.4782608695652174,tiny-imagenet_resnet18,rand
byte_autocorr,22,1,5,23,23,0.0002481657006328765,0.6521739130434783,0.5217391304347826,0.5869565217391304,tiny-imagenet_resnet18,rand
byte_autocorr,23,1,5,23,23,0.0002456035461265561,0.6521739130434783,0.5652173913043478,0.6086956521739131,tiny-imagenet_resnet18,rand
byte_entropy,1,2,5,23,23,4.324131663959929e-05,0.0,1.0,0.5,tiny-imagenet_resnet18,rand
byte_entropy,2,2,5,23,23,4.3241059101500605e-05,0.0,1.0,0.5,tiny-imagenet_resnet18,rand
byte_entropy,3,2,5,23,23,4.329456636803829e-05,0.0,1.0,0.5,tiny-imagenet_resnet18,rand
byte_entropy,4,2,5,23,23,4.323355444726543e-05,0.0,1.0,0.5,tiny-imagenet_resnet18,rand
byte_entropy,5,2,5,23,23,4.323084466212056e-05,0.0,1.0,0.5,tiny-imagenet_resnet18,rand
byte_entropy,6,2,5,23,23,0.00017161889791145847,0.08695652173913043,0.9130434782608695,0.5,tiny-imagenet_resnet18,rand
byte_entropy,7,2,5,23,23,4.323660784698693e-05,0.0,1.0,0.5,tiny-imagenet_resnet18,rand
byte_entropy,8,2,5,23,23,5.2607249030367684e-05,0.0,1.0,0.5,tiny-imagenet_resnet18,rand
byte_entropy,9,2,5,23,23,8.168865064591877e-05,0.0,1.0,0.5,tiny-imagenet_resnet18,rand
byte_entropy,10,2,5,23,23,4.327333449352136e-05,0.0,1.0,0.5,tiny-imagenet_resnet18,rand
byte_entropy,11,2,5,23,23,4.323960854048666e-05,0.0,1.0,0.5,tiny-imagenet_resnet18,rand
byte_entropy,12,2,5,23,23,4.3335972311431006e-05,0.0,1.0,0.5,tiny-imagenet_resnet18,rand
byte_entropy,13,2,5,23,23,4.3230470875193835e-05,0.0,1.0,0.5,tiny-imagenet_resnet18,rand
byte_entropy,14,2,5,23,23,4.329108619823483e-05,0.0,1.0,0.5,tiny-imagenet_resnet18,rand
byte_entropy,15,2,5,23,23,8.54034797466426e-05,0.0,1.0,0.5,tiny-imagenet_resnet18,rand
byte_entropy,16,2,5,23,23,4.328394472824575e-05,0.0,1.0,0.5,tiny-imagenet_resnet18,rand
byte_entropy,17,2,5,23,23,8.607813553330337e-05,0.0,1.0,0.5,tiny-imagenet_resnet18,rand
byte_entropy,18,2,5,23,23,9.3631569283695e-05,0.0,1.0,0.5,tiny-imagenet_resnet18,rand
byte_entropy,19,2,5,23,23,9.735229840037707e-05,0.0,1.0,0.5,tiny-imagenet_resnet18,rand
byte_entropy,20,2,5,23,23,0.0004395260916096468,0.2608695652173913,1.0,0.6304347826086957,tiny-imagenet_resnet18,rand
byte_entropy,21,2,5,23,23,0.001896850253223649,0.7391304347826086,1.0,0.8695652173913043,tiny-imagenet_resnet18,rand
byte_entropy,22,2,5,23,23,0.005668968964330855,1.0,1.0,1.0,tiny-imagenet_resnet18,rand
byte_entropy,23,2,5,23,23,0.016232832536882257,1.0,1.0,1.0,tiny-imagenet_resnet18,rand
histogram_kl,1,2,5,23,23,1.088985505247249e-05,0.43478260869565216,0.6086956521739131,0.5217391304347826,tiny-imagenet_resnet18,rand
histogram_kl,2,2,5,23,23,1.1191211751599414e-05,0.43478260869565216,0.5652173913043478,0.5,tiny-imagenet_resnet18,rand
histogram_kl,3,2,5,23,23,1.0861725016215409e-05,0.43478260869565216,0.5217391304347826,0.4782608695652174,tiny-imagenet_resnet18,rand
histogram_kl,4,2,5,23,23,1.0916064493366541e-05,0.43478260869565216,0.5217391304347826,0.4782608695652174,tiny-imagenet_resnet18,rand
histogram_kl,5,2,5,23,23,1.0900686991862975e-05,0.43478260869565216,0.782608695652174,0.6086956521739131,tiny-imagenet_resnet18,rand
histogram_kl,6,2,5,23,23,1.0865294673335813e-05,0.43478260869565216,0.7391304347826086,0.5869565217391304,tiny-imagenet_resnet18,rand
histogram_kl,7,2,5,23,23,1.0964932021816894e-05,0.43478260869565216,0.6086956521739131,0.5217391304347826,tiny-imagenet_resnet18,rand
histogram_kl,8,2,5,23,23,1.0831787168691183e-05,0.43478260869565216,0.782608695652174,0.6086956521739131,tiny-imagenet_resnet18,rand
histogram_kl,9,2,5,23,23,1.097011490796226e-05,0.43478260869565216,0.6956521739130435,0.5652173913043478,tiny-imagenet_resnet18,rand
histogram_kl,10,2,5,23,23,1.0895770483769278e-05,0.43478260869565216,0.6086956521739131,0.5217391304347826,tiny-imagenet_resnet18,rand
histogram_kl,11,2,5,23,23,1.0572400718553378e-05,0.2608695652173913,0.782608695652174,0.5217391304347826,tiny-imagenet_resnet18,rand
histogram_kl,12,2,5,23,23,1.0892636764433753e-05,0.43478260869565216,0.6956521739130435,0.5652173913043478,tiny-imagenet_resnet18,rand
histogram_kl,13,2,5,23,23,1.0857846157842342e-05,0.43478260869565216,0.8260869565217391,0.6304347826086957,tiny-imagenet_resnet18,rand
histogram_kl,14,2,5,23,23,1.0863196280143188e-05,0.43478260869565216,0.7391304347826086,0.5869565217391304,tiny-imagenet_resnet18,rand
histogram_kl,15,2,5,23,23,1.0377570390522533e-05,0.17391304347826086,0.9130434782608695,0.5434782608695652,tiny-imagenet_resnet18,rand
histogram_kl,16,2,5,23,23,1.0832178206555592e-05,0.43478260869565216,0.782608695652174,0.6086956521739131,tiny-imagenet_resnet18,rand
histogram_kl,17,2,5,23,23,1.0962776456768572e-05,0.43478260869565216,0.5217391304347826,0.4782608695652174,tiny-imagenet_resnet18,rand
histogram_kl,18,2,5,23,23,1.089767671326572e-05,0.43478260869565216,0.6521739130434783,0.5434782608695652,tiny-imagenet_resnet18,rand
histogram_kl,19,2,5,23,23,1.0859586722690938e-05,0.43478260869565216,0.5652173913043478,0.5,tiny-imagenet_resnet18,rand
histogram_kl,20,2,5,23,23,1.0893040670643867e-05,0.43478260869565216,0.6956521739130435,0.5652173913043478,tiny-imagenet_resnet18,rand
histogram_kl,21,2,5,23,23,1.0964758059828023e-05,0.43478260869565216,0.6086956521739131,0.5217391304347826,tiny-imagenet_resnet18,rand
histogram_kl,22,2,5,23,23,1.0875558479223174e-05,0.43478260869565216,0.6521739130434783,0.5434782608695652,tiny-imagenet_resnet18,rand
histogram_kl,23,2,5,23,23,1.0971844750309255e-05,0.43478260869565216,0.5652173913043478,0.5,tiny-imagenet_resnet18,rand
weight_value_dist,1,2,5,23,23,8.322768017445725,0.0,1.0,0.5,tiny-imagenet_resnet18,rand
weight_value_dist,2,2,5,23,23,8.372621446049267,0.0,1.0,0.5,tiny-imagenet_resnet18,rand
weight_value_dist,3,2,5,23,23,8.372621257921296,0.0,1.0,0.5,tiny-imagenet_resnet18,rand
weight_value_dist,4,2,5,23,23,8.390322338184873,0.0,1.0,0.5,tiny-imagenet_resnet18,rand
weight_value_dist,5,2,5,23,23,8.390137792395794,0.0,1.0,0.5,tiny-imagenet_resnet18,rand
weight_value_dist,6,2,5,23,23,8.390132901645089,0.0,1.0,0.5,tiny-imagenet_resnet18,rand
weight_value_dist,7,2,5,23,23,8.9850933605585,0.17391304347826086,0.8695652173913043,0.5217391304347826,tiny-imagenet_resnet18,rand
weight_value_dist,8,2,5,23,23,10.75538730913934,0.782608695652174,0.21739130434782608,0.5,tiny-imagenet_resnet18,rand
weight_value_dist,9,2,5,23,23,8.992817161630413,0.17391304347826086,0.8695652173913043,0.5217391304347826,tiny-imagenet_resnet18,rand
weight_value_dist,10,2,5,23,23,9.114184089536888,0.17391304347826086,0.8260869565217391,0.5,tiny-imagenet_resnet18,rand
weight_value_dist,11,2,5,23,23,9.268554028268131,0.21739130434782608,0.7391304347826086,0.47826086956521735,tiny-imagenet_resnet18,rand
weight_value_dist,12,2,5,23,23,9.010994318600972,0.17391304347826086,0.8260869565217391,0.5,tiny-imagenet_resnet18,rand
weight_value_dist,13,2,5,23,23,9.567397921692287,0.30434782608695654,0.6956521739130435,0.5,tiny-imagenet_resnet18,rand
weight_value_dist,14,2,5,23,23,8.80417104532609,0.08695652173913043,0.9130434782608695,0.5,tiny-imagenet_resnet18,rand
weight_value_dist,15,2,5,23,23,8.784985959078167,0.043478260869565216,0.9130434782608695,0.47826086956521735,tiny-imagenet_resnet18,rand
weight_value_dist,16,2,5,23,23,8.811539415725091,0.08695652173913043,0.9130434782608695,0.5,tiny-imagenet_resnet18,rand
weight_value_dist,17,2,5,23,23,9.428452537079341,0.30434782608695654,0.6521739130434783,0.4782608695652174,tiny-imagenet_resnet18,rand
weight_value_dist,18,2,5,23,23,9.259612172145506,0.21739130434782608,0.8260869565217391,0.5217391304347826,tiny-imagenet_resnet18,rand
weight_value_dist,19,2,5,23,23,9.699693201685676,0.391304347826087,0.6521739130434783,0.5217391304347826,tiny-imagenet_resnet18,rand
weight_value_dist,20,2,5,23,23,10.417299539539812,0.6956521739130435,0.782608695652174,0.7391304347826086,tiny-imagenet_resnet18,rand
weight_value_dist,21,2,5,23,23,13.587722340470208,0.9130434782608695,1.0,0.9565217391304348,tiny-imagenet_resnet18,rand
weight_value_dist,22,2,5,23,23,61.29878720431545,0.9130434782608695,1.0,0.9565217391304348,tiny-imagenet_resnet18,rand
weight_value_dist,23,2,5,23,23,131.63097295282674,1.0,1.0,1.0,tiny-imagenet_resnet18,rand
byte_autocorr,1,2,5,23,23,0.00025324146445619716,0.6956521739130435,0.30434782608695654,0.5,tiny-imagenet_resnet18,rand
byte_autocorr,2,2,5,23,23,5.906145198751508e-05,0.17391304347826086,0.782608695652174,0.4782608695652174,tiny-imagenet_resnet18,rand
byte_autocorr,3,2,5,23,23,2.9133596098549913e-05,0.043478260869565216,0.9565217391304348,0.5,tiny-imagenet_resnet18,rand
byte_autocorr,4,2,5,23,23,0.0002695320913980038,0.6956521739130435,0.30434782608695654,0.5,tiny-imagenet_resnet18,rand
byte_autocorr,5,2,5,23,23,0.0002560372476541227,0.6956521739130435,0.34782608695652173,0.5217391304347826,tiny-imagenet_resnet18,rand
byte_autocorr,6,2,5,23,23,0.0002541059434403371,0.6956521739130435,0.34782608695652173,0.5217391304347826,tiny-imagenet_resnet18,rand
byte_autocorr,7,2,5,23,23,0.00025176134116488506,0.6956521739130435,0.43478260869565216,0.5652173913043478,tiny-imagenet_resnet18,rand
byte_autocorr,8,2,5,23,23,0.00025752285590844003,0.6956521739130435,0.43478260869565216,0.5652173913043478,tiny-imagenet_resnet18,rand
byte_autocorr,9,2,5,23,23,0.0002590403059127481,0.6956521739130435,0.5217391304347826,0.6086956521739131,tiny-imagenet_resnet18,rand
byte_autocorr,10,2,5,23,23,0.0002535399969983626,0.6956521739130435,0.4782608695652174,0.5869565217391304,tiny-imagenet_resnet18,rand
byte_autocorr,11,2,5,23,23,0.0002569836151794067,0.6956521739130435,0.5217391304347826,0.6086956521739131,tiny-imagenet_resnet18,rand
byte_autocorr,12,2,5,23,23,0.00026982907349032935,0.6956521739130435,0.34782608695652173,0.5217391304347826,tiny-imagenet_resnet18,rand
byte_autocorr,13,2,5,23,23,0.00025443154843428394,0.6956521739130435,0.43478260869565216,0.5652173913043478,tiny-imagenet_resnet18,rand
byte_autocorr,14,2,5,23,23,0.0002542559392452045,0.6956521739130435,0.5217391304347826,0.6086956521739131,tiny-imagenet_resnet18,rand
byte_autocorr,15,2,5,23,23,0.00025576522088979726,0.6956521739130435,0.34782608695652173,0.5217391304347826,tiny-imagenet_resnet18,rand
byte_autocorr,16,2,5,23,23,0.0002587603541904702,0.6956521739130435,0.21739130434782608,0.45652173913043476,tiny-imagenet_resnet18,rand
byte_autocorr,17,2,5,23,23,-0.9999994315593003,0.0,1.0,0.5,tiny-imagenet_resnet18,rand
byte_autocorr,18,2,5,23,23,9.991032220685592e-06,0.0,1.0,0.5,tiny-imagenet_resnet18,rand
byte_autocorr,19,2,5,23,23,0.0002513409297302292,0.6956521739130435,0.34782608695652173,0.5217391304347826,tiny-imagenet_resnet18,rand
byte_autocorr,20,2,5,23,23,0.0002710119771706965,0.7391304347826086,0.34782608695652173,0.5434782608695652,tiny-imagenet_resnet18,rand
byte_autocorr,21,2,5,23,23,0.00025183742875967445,0.6956521739130435,0.6086956521739131,0.6521739130434783,tiny-imagenet_resnet18,rand
byte_autocorr,22,2,5,23,23,0.00025600491012323133,0.6956521739130435,0.34782608695652173,0.5217391304347826,tiny-imagenet_resnet18,rand
byte_autocorr,23,2,5,23,23,0.00025340486334445375,0.6956521739130435,0.34782608695652173,0.5217391304347826,tiny-imagenet_resnet18,rand
byte_entropy,1,3,5,23,23,4.143415508202683e-05,0.0,1.0,0.5,tiny-imagenet_resnet18,rand
byte_entropy,2,3,5,23,23,4.143299880346774e-05,0.0,1.0,0.5,tiny-imagenet_resnet18,rand
byte_entropy,3,3,5,23,23,4.1488240390612784e-05,0.0,1.0,0.5,tiny-imagenet_resnet18,rand
byte_entropy,4,3,5,23,23,4.142587587426048e-05,0.0,1.0,0.5,tiny-imagenet_resnet18,rand
byte_entropy,5,3,5,23,23,4.142261541943084e-05,0.0,1.0,0.5,tiny-imagenet_resnet18,rand
byte_entropy,6,3,5,23,23,0.0001662432382986942,0.043478260869565216,0.9565217391304348,0.5,tiny-imagenet_resnet18,rand
byte_entropy,7,3,5,23,23,4.142844584118173e-05,0.0,1.0,0.5,tiny-imagenet_resnet18,rand
byte_entropy,8,3,5,23,23,5.9321033231684084e-05,0.0,1.0,0.5,tiny-imagenet_resnet18,rand
byte_entropy,9,3,5,23,23,7.407153221138912e-05,0.0,1.0,0.5,tiny-imagenet_resnet18,rand
byte_entropy,10,3,5,23,23,4.1471834867724124e-05,0.0,1.0,0.5,tiny-imagenet_resnet18,rand
byte_entropy,11,3,5,23,23,4.143151442539011e-05,0.0,1.0,0.5,tiny-imagenet_resnet18,rand
byte_entropy,12,3,5,23,23,4.153341310966268e-05,0.0,1.0,0.5,tiny-imagenet_resnet18,rand
byte_entropy,13,3,5,23,23,4.1422194687610974e-05,0.0,1.0,0.5,tiny-imagenet_resnet18,rand
byte_entropy,14,3,5,23,23,4.1493686265647104e-05,0.0,1.0,0.5,tiny-imagenet_resnet18,rand
byte_entropy,15,3,5,23,23,7.820732575967358e-05,0.0,1.0,0.5,tiny-imagenet_resnet18,rand
byte_entropy,16,3,5,23,23,4.148520249255171e-05,0.0,1.0,0.5,tiny-imagenet_resnet18,rand
byte_entropy,17,3,5,23,23,0.00016971980245167147,0.043478260869565216,0.9565217391304348,0.5,tiny-imagenet_resnet18,rand
byte_entropy,18,3,5,23,23,0.00021842213536150262,0.08695652173913043,0.9130434782608695,0.5,tiny-imagenet_resnet18,rand
byte_entropy,19,3,5,23,23,0.000245745967926233,0.08695652173913043,0.9130434782608695,0.5,tiny-imagenet_resnet18,rand
byte_entropy,20,3,5,23,23,0.00042281707209081165,0.13043478260869565,0.9565217391304348,0.5434782608695652,tiny-imagenet_resnet18,rand
byte_entropy,21,3,5,23,23,0.0018901985204045628,0.8695652173913043,1.0,0.9347826086956521,tiny-imagenet_resnet18,rand
byte_entropy,22,3,5,23,23,0.005673145854611238,1.0,1.0,1.0,tiny-imagenet_resnet18,rand
byte_entropy,23,3,5,23,23,0.016237217410272314,1.0,1.0,1.0,tiny-imagenet_resnet18,rand
histogram_kl,1,3,5,23,23,1.0489123395170201e-05,0.17391304347826086,0.8260869565217391,0.5,tiny-imagenet_resnet18,rand
histogram_kl,2,3,5,23,23,1.0898374099497744e-05,0.30434782608695654,0.6086956521739131,0.4565217391304348,tiny-imagenet_resnet18,rand
histogram_kl,3,3,5,23,23,1.0419973999849619e-05,0.17391304347826086,0.8260869565217391,0.5,tiny-imagenet_resnet18,rand
histogram_kl,4,3,5,23,23,1.0439604181676748e-05,0.17391304347826086,0.8695652173913043,0.5217391304347826,tiny-imagenet_resnet18,rand
histogram_kl,5,3,5,23,23,1.0903294751585065e-05,0.30434782608695654,0.6956521739130435,0.5,tiny-imagenet_resnet18,rand
histogram_kl,6,3,5,23,23,1.0983709477321171e-05,0.34782608695652173,0.8695652173913043,0.6086956521739131,tiny-imagenet_resnet18,rand
histogram_kl,7,3,5,23,23,1.063515583844017e-05,0.30434782608695654,0.782608695652174,0.5434782608695652,tiny-imagenet_resnet18,rand
histogram_kl,8,3,5,23,23,1.0800921463431239e-05,0.30434782608695654,0.6086956521739131,0.4565217391304348,tiny-imagenet_resnet18,rand
histogram_kl,9,3,5,23,23,1.0905256026356492e-05,0.30434782608695654,0.7391304347826086,0.5217391304347826,tiny-imagenet_resnet18,rand
histogram_kl,10,3,5,23,23,1.048696019276847e-05,0.17391304347826086,0.8695652173913043,0.5217391304347826,tiny-imagenet_resnet18,rand
histogram_kl,11,3,5,23,23,1.0541104762907052e-05,0.21739130434782608,0.8260869565217391,0.5217391304347826,tiny-imagenet_resnet18,rand
histogram_kl,12,3,5,23,23,1.062597843983111e-05,0.30434782608695654,0.8260869565217391,0.5652173913043479,tiny-imagenet_resnet18,rand
histogram_kl,13,3,5,23,23,1.0443420862555961e-05,0.17391304347826086,0.8695652173913043,0.5217391304347826,tiny-imagenet_resnet18,rand
histogram_kl,14,3,5,23,23,1.0525968356903905e-05,0.21739130434782608,0.9565217391304348,0.5869565217391305,tiny-imagenet_resnet18,rand
histogram_kl,15,3,5,23,23,1.055207142781287e-05,0.21739130434782608,0.782608695652174,0.5,tiny-imagenet_resnet18,rand
histogram_kl,16,3,5,23,23,1.0527126736220249e-05,0.21739130434782608,0.782608695652174,0.5,tiny-imagenet_resnet18,rand
histogram_kl,17,3,5,23,23,1.0438962517816654e-05,0.17391304347826086,0.8695652173913043,0.5217391304347826,tiny-imagenet_resnet18,rand
histogram_kl,18,3,5,23,23,1.0538920098961749e-05,0.21739130434782608,0.9565217391304348,0.5869565217391305,tiny-imagenet_resnet18,rand
histogram_kl,19,3,5,23,23,1.0641873385720363e-05,0.30434782608695654,0.7391304347826086,0.5217391304347826,tiny-imagenet_resnet18,rand
histogram_kl,20,3,5,23,23,1.0864266065467438e-05,0.30434782608695654,0.6956521739130435,0.5,tiny-imagenet_resnet18,rand
histogram_kl,21,3,5,23,23,1.0346155939765555e-05,0.13043478260869565,0.9130434782608695,0.5217391304347826,tiny-imagenet_resnet18,rand
histogram_kl,22,3,5,23,23,1.054548503577786e-05,0.21739130434782608,0.6521739130434783,0.43478260869565216,tiny-imagenet_resnet18,rand
histogram_kl,23,3,5,23,23,1.0428945154534562e-05,0.17391304347826086,0.9565217391304348,0.5652173913043479,tiny-imagenet_resnet18,rand
weight_value_dist,1,3,5,23,23,8.340876120136272,0.043478260869565216,0.9565217391304348,0.5,tiny-imagenet_resnet18,rand
weight_value_dist,2,3,5,23,23,8.407804975950487,0.043478260869565216,0.9565217391304348,0.5,tiny-imagenet_resnet18,rand
weight_value_dist,3,3,5,23,23,8.407804829777403,0.043478260869565216,0.9565217391304348,0.5,tiny-imagenet_resnet18,rand
weight_value_dist,4,3,5,23,23,8.63502524129731,0.08695652173913043,0.9565217391304348,0.5217391304347826,tiny-imagenet_resnet18,rand
weight_value_dist,5,3,5,23,23,8.407798192577985,0.043478260869565216,0.9565217391304348,0.5,tiny-imagenet_resnet18,rand
weight_value_dist,6,3,5,23,23,8.550309031793763,0.043478260869565216,0.9565217391304348,0.5,tiny-imagenet_resnet18,rand
weight_value_dist,7,3,5,23,23,10.075720493236302,0.5217391304347826,0.4782608695652174,0.5,tiny-imagenet_resnet18,rand
weight_value_dist,8,3,5,23,23,9.447275528458954,0.30434782608695654,0.6956521739130435,0.5,tiny-imagenet_resnet18,rand
weight_value_dist,9,3,5,23,23,8.951073015112723,0.08695652173913043,0.9130434782608695,0.5,tiny-imagenet_resnet18,rand
weight_value_dist,10,3,5,23,23,8.664249817229656,0.08695652173913043,0.9130434782608695,0.5,tiny-imagenet_resnet18,rand
weight_value_dist,11,3,5,23,23,8.66789233198259,0.08695652173913043,0.9130434782608695,0.5,tiny-imagenet_resnet18,rand
weight_value_dist,12,3,5,23,23,9.390235683771124,0.30434782608695654,0.7391304347826086,0.5217391304347826,tiny-imagenet_resnet18,rand
weight_value_dist,13,3,5,23,23,9.452648320128326,0.30434782608695654,0.7391304347826086,0.5217391304347826,tiny-imagenet_resnet18,rand
weight_value_dist,14,3,5,23,23,9.455524351672544,0.30434782608695654,0.7391304347826086,0.5217391304347826,tiny-imagenet_resnet18,rand
weight_value_dist,15,3,5,23,23,8.666531342234762,0.08695652173913043,0.9130434782608695,0.5,tiny-imagenet_resnet18,rand
weight_value_dist,16,3,5,23,23,8.708630313524086,0.08695652173913043,0.9565217391304348,0.5217391304347826,tiny-imagenet_resnet18,rand
weight_value_dist,17,3,5,23,23,9.138827773951483,0.17391304347826086,0.8260869565217391,0.5,tiny-imagenet_resnet18,rand
weight_value_dist,18,3,5,23,23,9.612862842677764,0.34782608695652173,0.6956521739130435,0.5217391304347826,tiny-imagenet_resnet18,rand
weight_value_dist,19,3,5,23,23,9.601024298753178,0.34782608695652173,0.8260869565217391,0.5869565217391304,tiny-imagenet_resnet18,rand
weight_value_dist,20,3,5,23,23,10.731843917085726,0.782608695652174,0.782608695652174,0.782608695652174,tiny-imagenet_resnet18,rand
weight_value_dist,21,3,5,23,23,14.393488287486834,1.0,1.0,1.0,tiny-imagenet_resnet18,rand
weight_value_dist,22,3,5,23,23,62.893309788776094,1.0,1.0,1.0,tiny-imagenet_resnet18,rand
weight_value_dist,23,3,5,23,23,136.72789187816468,1.0,1.0,1.0,tiny-imagenet_resnet18,rand
byte_autocorr,1,3,5,23,23,2.3768606775100193e-06,0.0,1.0,0.5,tiny-imagenet_resnet18,rand
byte_autocorr,2,3,5,23,23,8.295575017969811e-05,0.08695652173913043,0.9130434782608695,0.5,tiny-imagenet_resnet18,rand
byte_autocorr,3,3,5,23,23,0.0002485610085030932,0.6956521739130435,0.30434782608695654,0.5,tiny-imagenet_resnet18,rand
byte_autocorr,4,3,5,23,23,0.00025386580503450134,0.6956521739130435,0.34782608695652173,0.5217391304347826,tiny-imagenet_resnet18,rand
byte_autocorr,5,3,5,23,23,0.00027670494932992626,0.7391304347826086,0.34782608695652173,0.5434782608695652,tiny-imagenet_resnet18,rand
byte_autocorr,6,3,5,23,23,0.00024668194613920497,0.6956521739130435,0.2608695652173913,0.4782608695652174,tiny-imagenet_resnet18,rand
byte_autocorr,7,3,5,23,23,0.0002512766295775425,0.6956521739130435,0.21739130434782608,0.45652173913043476,tiny-imagenet_resnet18,rand
byte_autocorr,8,3,5,23,23,0.0002773449247559306,0.7391304347826086,0.391304347826087,0.5652173913043478,tiny-imagenet_resnet18,rand
byte_autocorr,9,3,5,23,23,0.00024749415709843513,0.6956521739130435,0.4782608695652174,0.5869565217391304,tiny-imagenet_resnet18,rand
byte_autocorr,10,3,5,23,23,0.0002755070941650806,0.7391304347826086,0.34782608695652173,0.5434782608695652,tiny-imagenet_resnet18,rand
byte_autocorr,11,3,5,23,23,0.00027559527518652207,0.7391304347826086,0.30434782608695654,0.5217391304347826,tiny-imagenet_resnet18,rand
byte_autocorr,12,3,5,23,23,0.00024877503406687526,0.6956521739130435,0.34782608695652173,0.5217391304347826,tiny-imagenet_resnet18,rand
byte_autocorr,13,3,5,23,23,0.0002780357932035914,0.7391304347826086,0.43478260869565216,0.5869565217391304,tiny-imagenet_resnet18,rand
byte_autocorr,14,3,5,23,23,0.0002711307245089557,0.7391304347826086,0.391304347826087,0.5652173913043478,tiny-imagenet_resnet18,rand
byte_autocorr,15,3,5,23,23,0.0002431849664975417,0.6956521739130435,0.391304347826087,0.5434782608695652,tiny-imagenet_resnet18,rand
byte_autocorr,16,3,5,23,23,0.00032484394799608556,0.782608695652174,0.34782608695652173,0.5652173913043479,tiny-imagenet_resnet18,rand
byte_autocorr,17,3,5,23,23,0.00011902698500361174,0.21739130434782608,0.7391304347826086,0.47826086956521735,tiny-imagenet_resnet18,rand
byte_autocorr,18,3,5,23,23,1.927112578713391e-06,0.0,1.0,0.5,tiny-imagenet_resnet18,rand
byte_autocorr,19,3,5,23,23,0.0002685836965885404,0.6956521739130435,0.4782608695652174,0.5869565217391304,tiny-imagenet_resnet18,rand
byte_autocorr,20,3,5,23,23,0.0002751712877460885,0.7391304347826086,0.4782608695652174,0.6086956521739131,tiny-imagenet_resnet18,rand
byte_autocorr,21,3,5,23,23,0.0002738045259263925,0.7391304347826086,0.30434782608695654,0.5217391304347826,tiny-imagenet_resnet18,rand
byte_autocorr,22,3,5,23,23,0.0002704213509190042,0.7391304347826086,0.30434782608695654,0.5217391304347826,tiny-imagenet_resnet18,rand
byte_autocorr,23,3,5,23,23,0.00027664592279147686,0.7391304347826086,0.30434782608695654,0.5217391304347826,tiny-imagenet_resnet18,rand
byte_entropy,1,4,5,23,23,5.851790938221431e-05,0.0,1.0,0.5,tiny-imagenet_resnet18,rand
byte_entropy,2,4,5,23,23,5.9164458314613696e-05,0.0,1.0,0.5,tiny-imagenet_resnet18,rand
byte_entropy,3,4,5,23,23,2.1642265443748308e-05,0.0,1.0,0.5,tiny-imagenet_resnet18,rand
byte_entropy,4,4,5,23,23,5.8519395748735215e-05,0.0,1.0,0.5,tiny-imagenet_resnet18,rand
byte_entropy,5,4,5,23,23,2.1698985213633326e-05,0.0,1.0,0.5,tiny-imagenet_resnet18,rand
byte_entropy,6,4,5,23,23,0.00012076516674239366,0.0,1.0,0.5,tiny-imagenet_resnet18,rand
byte_entropy,7,4,5,23,23,2.213944275075836e-05,0.0,1.0,0.5,tiny-imagenet_resnet18,rand
byte_entropy,8,4,5,23,23,5.916802886381008e-05,0.0,1.0,0.5,tiny-imagenet_resnet18,rand
byte_entropy,9,4,5,23,23,2.1734018914618467e-05,0.0,1.0,0.5,tiny-imagenet_resnet18,rand
byte_entropy,10,4,5,23,23,5.85372927101018e-05,0.0,1.0,0.5,tiny-imagenet_resnet18,rand
byte_entropy,11,4,5,23,23,2.1748397058265907e-05,0.0,1.0,0.5,tiny-imagenet_resnet18,rand
byte_entropy,12,4,5,23,23,2.1642514798302654e-05,0.0,1.0,0.5,tiny-imagenet_resnet18,rand
byte_entropy,13,4,5,23,23,2.1643965866302746e-05,0.0,1.0,0.5,tiny-imagenet_resnet18,rand
byte_entropy,14,4,5,23,23,2.1648784883398103e-05,0.0,1.0,0.5,tiny-imagenet_resnet18,rand
byte_entropy,15,4,5,23,23,2.2153936053494417e-05,0.0,1.0,0.5,tiny-imagenet_resnet18,rand
byte_entropy,16,4,5,23,23,2.1641024367449158e-05,0.0,1.0,0.5,tiny-imagenet_resnet18,rand
byte_entropy,17,4,5,23,23,2.3834189922381816e-05,0.0,1.0,0.5,tiny-imagenet_resnet18,rand
byte_entropy,18,4,5,23,23,2.3079057672586108e-05,0.0,1.0,0.5,tiny-imagenet_resnet18,rand
byte_entropy,19,4,5,23,23,0.00022694270965238395,0.0,1.0,0.5,tiny-imagenet_resnet18,rand
byte_entropy,20,4,5,23,23,0.00039975861348331445,0.13043478260869565,1.0,0.5652173913043478,tiny-imagenet_resnet18,rand
byte_entropy,21,4,5,23,23,0.0019328178694284633,0.9130434782608695,0.9565217391304348,0.9347826086956521,tiny-imagenet_resnet18,rand
byte_entropy,22,4,5,23,23,0.0053385549152399,1.0,1.0,1.0,tiny-imagenet_resnet18,rand
byte_entropy,23,4,5,23,23,0.015904087664023937,1.0,1.0,1.0,tiny-imagenet_resnet18,rand
histogram_kl,1,4,5,23,23,1.0375589001334435e-05,0.21739130434782608,0.782608695652174,0.5,tiny-imagenet_resnet18,rand
histogram_kl,2,4,5,23,23,1.0355424891982226e-05,0.17391304347826086,0.8695652173913043,0.5217391304347826,tiny-imagenet_resnet18,rand
histogram_kl,3,4,5,23,23,1.0322248619765753e-05,0.13043478260869565,0.9130434782608695,0.5217391304347826,tiny-imagenet_resnet18,rand
histogram_kl,4,4,5,23,23,1.1153008184976215e-05,0.43478260869565216,0.5217391304347826,0.4782608695652174,tiny-imagenet_resnet18,rand
histogram_kl,5,4,5,23,23,1.1008760459809958e-05,0.391304347826087,0.5652173913043478,0.4782608695652174,tiny-imagenet_resnet18,rand
histogram_kl,6,4,5,23,23,1.1008715710577379e-05,0.391304347826087,0.6521739130434783,0.5217391304347826,tiny-imagenet_resnet18,rand
histogram_kl,7,4,5,23,23,1.1074801631071035e-05,0.43478260869565216,0.7391304347826086,0.5869565217391304,tiny-imagenet_resnet18,rand
histogram_kl,8,4,5,23,23,1.0681127562802235e-05,0.30434782608695654,0.6521739130434783,0.4782608695652174,tiny-imagenet_resnet18,rand
histogram_kl,9,4,5,23,23,1.1021698356570843e-05,0.391304347826087,0.6521739130434783,0.5217391304347826,tiny-imagenet_resnet18,rand
histogram_kl,10,4,5,23,23,1.0430732901130132e-05,0.21739130434782608,0.8260869565217391,0.5217391304347826,tiny-imagenet_resnet18,rand
histogram_kl,11,4,5,23,23,1.0674753954868447e-05,0.30434782608695654,0.782608695652174,0.5434782608695652,tiny-imagenet_resnet18,rand
histogram_kl,12,4,5,23,23,1.0689725368619139e-05,0.34782608695652173,0.782608695652174,0.5652173913043479,tiny-imagenet_resnet18,rand
histogram_kl,13,4,5,23,23,1.0687915899929813e-05,0.34782608695652173,0.6521739130434783,0.5,tiny-imagenet_resnet18,rand
histogram_kl,14,4,5,23,23,1.1008629060309296e-05,0.391304347826087,0.6086956521739131,0.5,tiny-imagenet_resnet18,rand
histogram_kl,15,4,5,23,23,1.0377075743611184e-05,0.21739130434782608,0.8260869565217391,0.5217391304347826,tiny-imagenet_resnet18,rand
histogram_kl,16,4,5,23,23,1.0569818826924935e-05,0.2608695652173913,0.8695652173913043,0.5652173913043478,tiny-imagenet_resnet18,rand
histogram_kl,17,4,5,23,23,1.0317739400105626e-05,0.13043478260869565,0.8260869565217391,0.4782608695652174,tiny-imagenet_resnet18,rand
histogram_kl,18,4,5,23,23,1.0399962623364192e-05,0.21739130434782608,0.9130434782608695,0.5652173913043478,tiny-imagenet_resnet18,rand
histogram_kl,19,4,5,23,23,1.0370769445891893e-05,0.17391304347826086,0.782608695652174,0.4782608695652174,tiny-imagenet_resnet18,rand
histogram_kl,20,4,5,23,23,1.0409415644199168e-05,0.21739130434782608,0.6521739130434783,0.43478260869565216,tiny-imagenet_resnet18,rand
histogram_kl,21,4,5,23,23,1.1016049846917586e-05,0.391304347826087,0.7391304347826086,0.5652173913043478,tiny-imagenet_resnet18,rand
histogram_kl,22,4,5,23,23,1.1319529866850406e-05,0.4782608695652174,0.4782608695652174,0.4782608695652174,tiny-imagenet_resnet18,rand
histogram_kl,23,4,5,23,23,1.1260444543498025e-05,0.4782608695652174,0.5217391304347826,0.5,tiny-imagenet_resnet18,rand
weight_value_dist,1,4,5,23,23,8.338026368012422,0.0,1.0,0.5,tiny-imagenet_resnet18,rand
weight_value_dist,2,4,5,23,23,8.31756501702408,0.0,1.0,0.5,tiny-imagenet_resnet18,rand
weight_value_dist,3,4,5,23,23,8.317564975823196,0.0,1.0,0.5,tiny-imagenet_resnet18,rand
weight_value_dist,4,4,5,23,23,8.449533688795569,0.0,1.0,0.5,tiny-imagenet_resnet18,rand
weight_value_dist,5,4,5,23,23,9.776641623568555,0.6521739130434783,0.34782608695652173,0.5,tiny-imagenet_resnet18,rand
weight_value_dist,6,4,5,23,23,8.317576425796753,0.0,1.0,0.5,tiny-imagenet_resnet18,rand
weight_value_dist,7,4,5,23,23,8.980593988872723,0.08695652173913043,0.9130434782608695,0.5,tiny-imagenet_resnet18,rand
weight_value_dist,8,4,5,23,23,8.980614020966984,0.08695652173913043,0.8695652173913043,0.4782608695652174,tiny-imagenet_resnet18,rand
weight_value_dist,9,4,5,23,23,9.777281655245812,0.6521739130434783,0.34782608695652173,0.5,tiny-imagenet_resnet18,rand
weight_value_dist,10,4,5,23,23,9.775619026578962,0.6521739130434783,0.34782608695652173,0.5,tiny-imagenet_resnet18,rand
weight_value_dist,11,4,5,23,23,9.80706723018675,0.6521739130434783,0.34782608695652173,0.5,tiny-imagenet_resnet18,rand
weight_value_dist,12,4,5,23,23,10.642634969534539,0.7391304347826086,0.2608695652173913,0.5,tiny-imagenet_resnet18,rand
weight_value_dist,13,4,5,23,23,8.927324495491948,0.08695652173913043,0.8695652173913043,0.4782608695652174,tiny-imagenet_resnet18,rand
weight_value_dist,14,4,5,23,23,9.266749869232981,0.2608695652173913,0.6956521739130435,0.4782608695652174,tiny-imagenet_resnet18,rand
weight_value_dist,15,4,5,23,23,9.781233954906067,0.6521739130434783,0.30434782608695654,0.4782608695652174,tiny-imagenet_resnet18,rand
weight_value_dist,16,4,5,23,23,8.88744913488085,0.08695652173913043,0.9130434782608695,0.5,tiny-imagenet_resnet18,rand
weight_value_dist,17,4,5,23,23,9.786084835526378,0.6521739130434783,0.34782608695652173,0.5,tiny-imagenet_resnet18,rand
weight_value_dist,18,4,5,23,23,9.275224107618886,0.2608695652173913,0.7391304347826086,0.5,tiny-imagenet_resnet18,rand
weight_value_dist,19,4,5,23,23,9.78550368760164,0.6521739130434783,0.43478260869565216,0.5434782608695652,tiny-imagenet_resnet18,rand
weight_value_dist,20,4,5,23,23,10.3650516439939,0.7391304347826086,0.9565217391304348,0.8478260869565217,tiny-imagenet_resnet18,rand
weight_value_dist,21,4,5,23,23,13.350207319669433,0.9565217391304348,1.0,0.9782608695652174,tiny-imagenet_resnet18,rand
weight_value_dist,22,4,5,23,23,63.80261109138084,0.9565217391304348,1.0,0.9782608695652174,tiny-imagenet_resnet18,rand
weight_value_dist,23,4,5,23,23,136.85963923818937,1.0,1.0,1.0,tiny-imagenet_resnet18,rand
byte_autocorr,1,4,5,23,23,0.00021733722008295412,0.6086956521739131,0.391304347826087,0.5,tiny-imagenet_resnet18,rand
byte_autocorr,2,4,5,23,23,5.073969592998538e-05,0.08695652173913043,0.9130434782608695,0.5,tiny-imagenet_resnet18,rand
byte_autocorr,3,4,5,23,23,5.0808188419224496e-05,0.08695652173913043,0.9130434782608695,0.5,tiny-imagenet_resnet18,rand
byte_autocorr,4,4,5,23,23,7.238333170614248e-05,0.08695652173913043,0.7391304347826086,0.4130434782608695,tiny-imagenet_resnet18,rand
byte_autocorr,5,4,5,23,23,0.00027673733820781873,0.6956521739130435,0.391304347826087,0.5434782608695652,tiny-imagenet_resnet18,rand
byte_autocorr,6,4,5,23,23,0.0002493576754373542,0.6521739130434783,0.34782608695652173,0.5,tiny-imagenet_resnet18,rand
byte_autocorr,7,4,5,23,23,0.000297418463823563,0.7391304347826086,0.4782608695652174,0.6086956521739131,tiny-imagenet_resnet18,rand
byte_autocorr,8,4,5,23,23,0.0002965504553362902,0.7391304347826086,0.34782608695652173,0.5434782608695652,tiny-imagenet_resnet18,rand
byte_autocorr,9,4,5,23,23,0.0002430752091748704,0.6521739130434783,0.4782608695652174,0.5652173913043479,tiny-imagenet_resnet18,rand
byte_autocorr,10,4,5,23,23,0.00024296923839295208,0.6521739130434783,0.391304347826087,0.5217391304347826,tiny-imagenet_resnet18,rand
byte_autocorr,11,4,5,23,23,0.0002505319070609523,0.6521739130434783,0.30434782608695654,0.4782608695652174,tiny-imagenet_resnet18,rand
byte_autocorr,12,4,5,23,23,0.00028191524354226344,0.7391304347826086,0.43478260869565216,0.5869565217391304,tiny-imagenet_resnet18,rand
byte_autocorr,13,4,5,23,23,0.0002630131242459836,0.6956521739130435,0.391304347826087,0.5434782608695652,tiny-imagenet_resnet18,rand
byte_autocorr,14,4,5,23,23,0.0003044773572782819,0.7391304347826086,0.43478260869565216,0.5869565217391304,tiny-imagenet_resnet18,rand
byte_autocorr,15,4,5,23,23,0.00024331563507559294,0.6521739130434783,0.391304347826087,0.5217391304347826,tiny-imagenet_resnet18,rand
byte_autocorr,16,4,5,23,23,0.00024311258812674546,0.6521739130434783,0.391304347826087,0.5217391304347826,tiny-imagenet_resnet18,rand
byte_autocorr,17,4,5,23,23,7.728386980245798e-05,0.08695652173913043,0.8260869565217391,0.4565217391304348,tiny-imagenet_resnet18,rand
byte_autocorr,18,4,5,23,23,2.1520354900131704e-05,0.0,1.0,0.5,tiny-imagenet_resnet18,rand
byte_autocorr,19,4,5,23,23,0.00029858244469755583,0.7391304347826086,0.17391304347826086,0.45652173913043476,tiny-imagenet_resnet18,rand
byte_autocorr,20,4,5,23,23,0.00030501934764849865,0.7391304347826086,0.2608695652173913,0.5,tiny-imagenet_resnet18,rand
byte_autocorr,21,4,5,23,23,0.00024329294706926537,0.6521739130434783,0.43478260869565216,0.5434782608695652,tiny-imagenet_resnet18,rand
byte_autocorr,22,4,5,23,23,0.0002665756687286418,0.6956521739130435,0.391304347826087,0.5434782608695652,tiny-imagenet_resnet18,rand
byte_autocorr,23,4,5,23,23,0.00024283410473904322,0.6521739130434783,0.34782608695652173,0.5,tiny-imagenet_resnet18,rand
