repeat,X_hat,X,eval_set,centroid,nn
0,1,1,famous_le_10m,0.4,0.5
0,1,1,famous_le_100m,0.5,0.5
0,1,2,famous_le_10m,0.4,0.5
0,1,2,famous_le_100m,0.5,0.5
0,1,3,famous_le_10m,0.4,0.5
0,1,3,famous_le_100m,0.5,0.5
0,1,4,famous_le_10m,0.5,0.6
0,1,4,famous_le_100m,0.5,0.5
0,1,5,famous_le_10m,0.4,0.6
0,1,5,famous_le_100m,0.5,0.5
0,1,6,famous_le_10m,0.9,0.6
0,1,6,famous_le_100m,0.9375,0.5
0,1,7,famous_le_10m,0.9,0.6
0,1,7,famous_le_100m,0.90625,0.5
0,1,8,famous_le_10m,0.9,0.6
0,1,8,famous_le_100m,0.96875,0.5
0,1,9,famous_le_10m,0.9,0.6
0,1,9,famous_le_100m,0.96875,0.5
0,1,10,famous_le_10m,0.9,0.6
0,1,10,famous_le_100m,0.96875,0.5
0,1,11,famous_le_10m,0.9,0.6
0,1,11,famous_le_100m,0.96875,0.5
0,1,12,famous_le_10m,0.9,0.6
0,1,12,famous_le_100m,0.96875,0.5
0,1,13,famous_le_10m,0.9,0.6
0,1,13,famous_le_100m,0.96875,0.5
0,1,14,famous_le_10m,0.9,0.6
0,1,14,famous_le_100m,0.96875,0.5
0,1,15,famous_le_10m,0.9,0.6
0,1,15,famous_le_100m,0.96875,0.5
0,1,16,famous_le_10m,0.9,0.6
0,1,16,famous_le_100m,0.96875,0.5
0,1,17,famous_le_10m,0.9,0.6
0,1,17,famous_le_100m,0.96875,0.5
0,1,18,famous_le_10m,0.9,0.6
0,1,18,famous_le_100m,0.96875,0.5
0,1,19,famous_le_10m,0.9,0.6
0,1,19,famous_le_100m,0.96875,0.5
0,1,20,famous_le_10m,0.9,0.6
0,1,20,famous_le_100m,0.96875,0.5
0,1,21,famous_le_10m,0.9,0.6
0,1,21,famous_le_100m,0.96875,0.5
0,1,22,famous_le_10m,0.9,0.6
0,1,22,famous_le_100m,0.96875,0.5
0,1,23,famous_le_10m,0.9,0.6
0,1,23,famous_le_100m,0.96875,0.5
0,2,1,famous_le_10m,0.5,0.6
0,2,1,famous_le_100m,0.5,0.5
0,2,2,famous_le_10m,0.5,0.6
0,2,2,famous_le_100m,0.5625,0.5
0,2,3,famous_le_10m,0.6,0.6
0,2,3,famous_le_100m,0.5625,0.5
0,2,4,famous_le_10m,0.8,0.7
0,2,4,famous_le_100m,0.59375,0.59375
0,2,5,famous_le_10m,0.8,0.7
0,2,5,famous_le_100m,0.59375,0.59375
0,2,6,famous_le_10m,0.8,0.7
0,2,6,famous_le_100m,0.59375,0.59375
0,2,7,famous_le_10m,0.8,0.7
0,2,7,famous_le_100m,0.59375,0.59375
0,2,8,famous_le_10m,0.8,0.7
0,2,8,famous_le_100m,0.59375,0.59375
0,2,9,famous_le_10m,0.8,0.7
0,2,9,famous_le_100m,0.59375,0.59375
0,2,10,famous_le_10m,0.8,0.7
0,2,10,famous_le_100m,0.59375,0.59375
0,2,11,famous_le_10m,0.8,0.7
0,2,11,famous_le_100m,0.59375,0.59375
0,2,12,famous_le_10m,0.8,0.7
0,2,12,famous_le_100m,0.59375,0.59375
0,2,13,famous_le_10m,0.8,0.7
0,2,13,famous_le_100m,0.59375,0.59375
0,2,14,famous_le_10m,0.8,0.7
0,2,14,famous_le_100m,0.59375,0.59375
0,2,15,famous_le_10m,0.8,0.7
0,2,15,famous_le_100m,0.59375,0.59375
0,2,16,famous_le_10m,0.8,0.7
0,2,16,famous_le_100m,0.59375,0.59375
0,2,17,famous_le_10m,0.8,0.7
0,2,17,famous_le_100m,0.59375,0.59375
0,2,18,famous_le_10m,0.8,0.7
0,2,18,famous_le_100m,0.59375,0.59375
0,2,19,famous_le_10m,0.8,0.7
0,2,19,famous_le_100m,0.59375,0.59375
0,2,20,famous_le_10m,0.8,0.7
0,2,20,famous_le_100m,0.59375,0.59375
0,2,21,famous_le_10m,0.8,0.7
0,2,21,famous_le_100m,0.59375,0.59375
0,2,22,famous_le_10m,0.8,0.7
0,2,22,famous_le_100m,0.59375,0.59375
0,2,23,famous_le_10m,0.8,0.7
0,2,23,famous_le_100m,0.59375,0.59375
0,3,1,famous_le_10m,0.5,0.5
0,3,1,famous_le_100m,0.46875,0.5
0,3,2,famous_le_10m,0.5,0.5
0,3,2,famous_le_100m,0.46875,0.53125
0,3,3,famous_le_10m,0.5,0.5
0,3,3,famous_le_100m,0.46875,0.53125
0,3,4,famous_le_10m,0.7,0.6
0,3,4,famous_le_100m,0.53125,0.5625
0,3,5,famous_le_10m,0.6,0.6
0,3,5,famous_le_100m,0.46875,0.5625
0,3,6,famous_le_10m,0.9,0.6
0,3,6,famous_le_100m,0.875,0.5625
0,3,7,famous_le_10m,0.9,0.6
0,3,7,famous_le_100m,0.875,0.59375
0,3,8,famous_le_10m,0.9,0.6
0,3,8,famous_le_100m,0.875,0.59375
0,3,9,famous_le_10m,0.9,0.6
0,3,9,famous_le_100m,0.875,0.59375
0,3,10,famous_le_10m,0.9,0.6
0,3,10,famous_le_100m,0.875,0.59375
0,3,11,famous_le_10m,0.9,0.6
0,3,11,famous_le_100m,0.875,0.59375
0,3,12,famous_le_10m,0.9,0.6
0,3,12,famous_le_100m,0.875,0.59375
0,3,13,famous_le_10m,0.9,0.6
0,3,13,famous_le_100m,0.875,0.59375
0,3,14,famous_le_10m,0.9,0.6
0,3,14,famous_le_100m,0.875,0.59375
0,3,15,famous_le_10m,0.9,0.6
0,3,15,famous_le_100m,0.875,0.59375
0,3,16,famous_le_10m,0.9,0.6
0,3,16,famous_le_100m,0.875,0.59375
0,3,17,famous_le_10m,0.9,0.6
0,3,17,famous_le_100m,0.875,0.59375
0,3,18,famous_le_10m,0.9,0.6
0,3,18,famous_le_100m,0.875,0.59375
0,3,19,famous_le_10m,0.9,0.6
0,3,19,famous_le_100m,0.875,0.59375
0,3,20,famous_le_10m,0.9,0.6
0,3,20,famous_le_100m,0.875,0.59375
0,3,21,famous_le_10m,0.9,0.6
0,3,21,famous_le_100m,0.875,0.59375
0,3,22,famous_le_10m,0.9,0.6
0,3,22,famous_le_100m,0.875,0.59375
0,3,23,famous_le_10m,0.9,0.6
0,3,23,famous_le_100m,0.875,0.59375
0,4,1,famous_le_10m,0.5,0.5
0,4,1,famous_le_100m,0.5,0.46875
0,4,2,famous_le_10m,0.5,0.5
0,4,2,famous_le_100m,0.5,0.5
0,4,3,famous_le_10m,0.5,0.5
0,4,3,famous_le_100m,0.5,0.46875
0,4,4,famous_le_10m,0.6,0.6
0,4,4,famous_le_100m,0.5,0.4375
0,4,5,famous_le_10m,0.5,0.6
0,4,5,famous_le_100m,0.5,0.40625
0,4,6,famous_le_10m,1.0,0.8
0,4,6,famous_le_100m,0.96875,0.75
0,4,7,famous_le_10m,1.0,0.8
0,4,7,famous_le_100m,0.9375,0.75
0,4,8,famous_le_10m,1.0,0.8
0,4,8,famous_le_100m,0.96875,0.75
0,4,9,famous_le_10m,1.0,0.8
0,4,9,famous_le_100m,0.96875,0.75
0,4,10,famous_le_10m,1.0,0.8
0,4,10,famous_le_100m,0.96875,0.75
0,4,11,famous_le_10m,1.0,0.8
0,4,11,famous_le_100m,0.96875,0.75
0,4,12,famous_le_10m,1.0,0.8
0,4,12,famous_le_100m,0.96875,0.75
0,4,13,famous_le_10m,1.0,0.8
0,4,13,famous_le_100m,0.96875,0.75
0,4,14,famous_le_10m,1.0,0.8
0,4,14,famous_le_100m,0.96875,0.75
0,4,15,famous_le_10m,1.0,0.8
0,4,15,famous_le_100m,0.96875,0.75
0,4,16,famous_le_10m,1.0,0.8
0,4,16,famous_le_100m,0.96875,0.75
0,4,17,famous_le_10m,1.0,0.8
0,4,17,famous_le_100m,0.96875,0.75
0,4,18,famous_le_10m,1.0,0.8
0,4,18,famous_le_100m,0.96875,0.75
0,4,19,famous_le_10m,1.0,0.8
0,4,19,famous_le_100m,0.96875,0.75
0,4,20,famous_le_10m,1.0,0.8
0,4,20,famous_le_100m,0.96875,0.75
0,4,21,famous_le_10m,1.0,0.8
0,4,21,famous_le_100m,0.96875,0.75
0,4,22,famous_le_10m,1.0,0.8
0,4,22,famous_le_100m,0.96875,0.75
0,4,23,famous_le_10m,1.0,0.8
0,4,23,famous_le_100m,0.96875,0.75
0,5,1,famous_le_10m,0.5,0.5
0,5,1,famous_le_100m,0.5,0.46875
0,5,2,famous_le_10m,0.5,0.5
0,5,2,famous_le_100m,0.5,0.46875
0,5,3,famous_le_10m,0.5,0.6
0,5,3,famous_le_100m,0.5,0.4375
0,5,4,famous_le_10m,0.6,0.6
0,5,4,famous_le_100m,0.53125,0.40625
0,5,5,famous_le_10m,0.5,0.6
0,5,5,famous_le_100m,0.5,0.375
0,5,6,famous_le_10m,1.0,0.8
0,5,6,famous_le_100m,0.96875,0.71875
0,5,7,famous_le_10m,1.0,0.8
0,5,7,famous_le_100m,0.9375,0.71875
0,5,8,famous_le_10m,1.0,0.8
0,5,8,famous_le_100m,0.96875,0.71875
0,5,9,famous_le_10m,1.0,0.8
0,5,9,famous_le_100m,0.96875,0.71875
0,5,10,famous_le_10m,1.0,0.8
0,5,10,famous_le_100m,0.96875,0.71875
0,5,11,famous_le_10m,1.0,0.8
0,5,11,famous_le_100m,0.96875,0.71875
0,5,12,famous_le_10m,1.0,0.8
0,5,12,famous_le_100m,0.96875,0.71875
0,5,13,famous_le_10m,1.0,0.8
0,5,13,famous_le_100m,0.96875,0.71875
0,5,14,famous_le_10m,1.0,0.8
0,5,14,famous_le_100m,0.96875,0.71875
0,5,15,famous_le_10m,1.0,0.8
0,5,15,famous_le_100m,0.96875,0.71875
0,5,16,famous_le_10m,1.0,0.8
0,5,16,famous_le_100m,0.96875,0.71875
0,5,17,famous_le_10m,1.0,0.8
0,5,17,famous_le_100m,0.96875,0.71875
0,5,18,famous_le_10m,1.0,0.8
0,5,18,famous_le_100m,0.96875,0.71875
0,5,19,famous_le_10m,1.0,0.8
0,5,19,famous_le_100m,0.96875,0.71875
0,5,20,famous_le_10m,1.0,0.8
0,5,20,famous_le_100m,0.96875,0.71875
0,5,21,famous_le_10m,1.0,0.8
0,5,21,famous_le_100m,0.96875,0.71875
0,5,22,famous_le_10m,1.0,0.8
0,5,22,famous_le_100m,0.96875,0.71875
0,5,23,famous_le_10m,1.0,0.8
0,5,23,famous_le_100m,0.96875,0.71875
0,6,1,famous_le_10m,0.5,0.5
0,6,1,famous_le_100m,0.5,0.5
0,6,2,famous_le_10m,0.5,0.5
0,6,2,famous_le_100m,0.5,0.5
0,6,3,famous_le_10m,0.5,0.5
0,6,3,famous_le_100m,0.5,0.5
0,6,4,famous_le_10m,0.5,0.5
0,6,4,famous_le_100m,0.84375,0.84375
0,6,5,famous_le_10m,0.5,0.5
0,6,5,famous_le_100m,0.5,0.6875
0,6,6,famous_le_10m,0.8,0.8
0,6,6,famous_le_100m,0.875,0.875
0,6,7,famous_le_10m,0.8,0.8
0,6,7,famous_le_100m,0.875,0.875
0,6,8,famous_le_10m,0.8,0.8
0,6,8,famous_le_100m,0.875,0.875
0,6,9,famous_le_10m,0.8,0.8
0,6,9,famous_le_100m,0.875,0.875
0,6,10,famous_le_10m,0.8,0.8
0,6,10,famous_le_100m,0.875,0.875
0,6,11,famous_le_10m,0.8,0.8
0,6,11,famous_le_100m,0.875,0.875
0,6,12,famous_le_10m,0.8,0.8
0,6,12,famous_le_100m,0.875,0.875
0,6,13,famous_le_10m,0.8,0.8
0,6,13,famous_le_100m,0.875,0.875
0,6,14,famous_le_10m,0.8,0.8
0,6,14,famous_le_100m,0.875,0.875
0,6,15,famous_le_10m,0.8,0.8
0,6,15,famous_le_100m,0.875,0.875
0,6,16,famous_le_10m,0.8,0.8
0,6,16,famous_le_100m,0.875,0.875
0,6,17,famous_le_10m,0.8,0.8
0,6,17,famous_le_100m,0.875,0.875
0,6,18,famous_le_10m,0.8,0.8
0,6,18,famous_le_100m,0.875,0.875
0,6,19,famous_le_10m,0.8,0.8
0,6,19,famous_le_100m,0.875,0.875
0,6,20,famous_le_10m,0.8,0.8
0,6,20,famous_le_100m,0.875,0.875
0,6,21,famous_le_10m,0.8,0.8
0,6,21,famous_le_100m,0.875,0.875
0,6,22,famous_le_10m,0.8,0.8
0,6,22,famous_le_100m,0.875,0.875
0,6,23,famous_le_10m,0.8,0.8
0,6,23,famous_le_100m,0.875,0.875
0,7,1,famous_le_10m,0.5,0.5
0,7,1,famous_le_100m,0.5,0.46875
0,7,2,famous_le_10m,0.5,0.5
0,7,2,famous_le_100m,0.5,0.46875
0,7,3,famous_le_10m,0.5,0.5
0,7,3,famous_le_100m,0.5,0.46875
0,7,4,famous_le_10m,0.5,0.5
0,7,4,famous_le_100m,0.5,0.53125
0,7,5,famous_le_10m,0.5,0.5
0,7,5,famous_le_100m,0.5,0.46875
0,7,6,famous_le_10m,0.9,0.9
0,7,6,famous_le_100m,0.65625,0.875
0,7,7,famous_le_10m,0.9,0.9
0,7,7,famous_le_100m,0.65625,0.8125
0,7,8,famous_le_10m,0.9,0.9
0,7,8,famous_le_100m,0.96875,0.9375
0,7,9,famous_le_10m,0.9,0.9
0,7,9,famous_le_100m,0.96875,0.9375
0,7,10,famous_le_10m,0.9,0.9
0,7,10,famous_le_100m,0.96875,0.9375
0,7,11,famous_le_10m,0.9,0.9
0,7,11,famous_le_100m,0.96875,0.9375
0,7,12,famous_le_10m,0.9,0.9
0,7,12,famous_le_100m,0.96875,0.9375
0,7,13,famous_le_10m,0.9,0.9
0,7,13,famous_le_100m,0.96875,0.9375
0,7,14,famous_le_10m,0.9,0.9
0,7,14,famous_le_100m,0.96875,0.9375
0,7,15,famous_le_10m,0.9,0.9
0,7,15,famous_le_100m,0.96875,0.9375
0,7,16,famous_le_10m,0.9,0.9
0,7,16,famous_le_100m,0.96875,0.9375
0,7,17,famous_le_10m,0.9,0.9
0,7,17,famous_le_100m,0.96875,0.9375
0,7,18,famous_le_10m,0.9,0.9
0,7,18,famous_le_100m,0.96875,0.9375
0,7,19,famous_le_10m,0.9,0.9
0,7,19,famous_le_100m,0.96875,0.9375
0,7,20,famous_le_10m,0.9,0.9
0,7,20,famous_le_100m,0.96875,0.9375
0,7,21,famous_le_10m,0.9,0.9
0,7,21,famous_le_100m,0.96875,0.9375
0,7,22,famous_le_10m,0.9,0.9
0,7,22,famous_le_100m,0.96875,0.9375
0,7,23,famous_le_10m,0.9,0.9
0,7,23,famous_le_100m,0.96875,0.9375
0,8,1,famous_le_10m,0.5,0.5
0,8,1,famous_le_100m,0.5,0.5
0,8,2,famous_le_10m,0.5,0.5
0,8,2,famous_le_100m,0.5,0.5
0,8,3,famous_le_10m,0.5,0.5
0,8,3,famous_le_100m,0.5,0.5
0,8,4,famous_le_10m,0.5,0.5
0,8,4,famous_le_100m,0.5,0.5
0,8,5,famous_le_10m,0.5,0.5
0,8,5,famous_le_100m,0.5,0.5
0,8,6,famous_le_10m,0.5,0.5
0,8,6,famous_le_100m,0.5,0.5
0,8,7,famous_le_10m,0.5,0.5
0,8,7,famous_le_100m,0.5,0.5
0,8,8,famous_le_10m,1.0,1.0
0,8,8,famous_le_100m,1.0,1.0
0,8,9,famous_le_10m,0.5,0.5
0,8,9,famous_le_100m,0.5,0.5
0,8,10,famous_le_10m,0.5,0.5
0,8,10,famous_le_100m,0.5,0.5
0,8,11,famous_le_10m,0.5,0.5
0,8,11,famous_le_100m,0.5,0.5
0,8,12,famous_le_10m,1.0,1.0
0,8,12,famous_le_100m,1.0,1.0
0,8,13,famous_le_10m,0.5,0.5
0,8,13,famous_le_100m,0.5,0.5
0,8,14,famous_le_10m,0.5,0.5
0,8,14,famous_le_100m,0.5,0.5
0,8,15,famous_le_10m,0.5,0.5
0,8,15,famous_le_100m,0.5,0.5
0,8,16,famous_le_10m,1.0,1.0
0,8,16,famous_le_100m,1.0,1.0
0,8,17,famous_le_10m,0.5,0.5
0,8,17,famous_le_100m,0.5,0.5
0,8,18,famous_le_10m,0.5,0.5
0,8,18,famous_le_100m,0.5,0.5
0,8,19,famous_le_10m,0.5,0.5
0,8,19,famous_le_100m,0.5,0.5
0,8,20,famous_le_10m,1.0,1.0
0,8,20,famous_le_100m,1.0,1.0
0,8,21,famous_le_10m,0.5,0.5
0,8,21,famous_le_100m,0.5,0.5
0,8,22,famous_le_10m,0.5,0.5
0,8,22,famous_le_100m,0.5,0.5
0,8,23,famous_le_10m,0.5,0.5
0,8,23,famous_le_100m,0.5,0.5
0,9,1,famous_le_10m,0.5,0.5
0,9,1,famous_le_100m,0.5,0.5
0,9,2,famous_le_10m,0.5,0.5
0,9,2,famous_le_100m,0.5,0.5
0,9,3,famous_le_10m,0.5,0.5
0,9,3,famous_le_100m,0.5,0.5
0,9,4,famous_le_10m,0.5,0.5
0,9,4,famous_le_100m,0.5,0.5
0,9,5,famous_le_10m,0.5,0.5
0,9,5,famous_le_100m,0.5,0.5
0,9,6,famous_le_10m,0.5,0.6
0,9,6,famous_le_100m,0.5,0.5
0,9,7,famous_le_10m,0.5,0.6
0,9,7,famous_le_100m,0.5,0.5
0,9,8,famous_le_10m,1.0,1.0
0,9,8,famous_le_100m,0.96875,0.96875
0,9,9,famous_le_10m,1.0,1.0
0,9,9,famous_le_100m,0.96875,0.96875
0,9,10,famous_le_10m,1.0,1.0
0,9,10,famous_le_100m,0.96875,0.96875
0,9,11,famous_le_10m,1.0,1.0
0,9,11,famous_le_100m,0.96875,0.96875
0,9,12,famous_le_10m,1.0,1.0
0,9,12,famous_le_100m,0.96875,0.96875
0,9,13,famous_le_10m,1.0,1.0
0,9,13,famous_le_100m,0.96875,0.96875
0,9,14,famous_le_10m,1.0,1.0
0,9,14,famous_le_100m,0.96875,0.96875
0,9,15,famous_le_10m,1.0,1.0
0,9,15,famous_le_100m,0.96875,0.96875
0,9,16,famous_le_10m,1.0,1.0
0,9,16,famous_le_100m,0.96875,0.96875
0,9,17,famous_le_10m,1.0,1.0
0,9,17,famous_le_100m,0.96875,0.96875
0,9,18,famous_le_10m,1.0,1.0
0,9,18,famous_le_100m,0.96875,0.96875
0,9,19,famous_le_10m,1.0,1.0
0,9,19,famous_le_100m,0.96875,0.96875
0,9,20,famous_le_10m,1.0,1.0
0,9,20,famous_le_100m,0.96875,0.96875
0,9,21,famous_le_10m,1.0,1.0
0,9,21,famous_le_100m,0.96875,0.96875
0,9,22,famous_le_10m,1.0,1.0
0,9,22,famous_le_100m,0.96875,0.96875
0,9,23,famous_le_10m,1.0,1.0
0,9,23,famous_le_100m,0.96875,0.96875
0,10,1,famous_le_10m,0.5,0.5
0,10,1,famous_le_100m,0.5,0.5
0,10,2,famous_le_10m,0.5,0.5
0,10,2,famous_le_100m,0.5,0.5
0,10,3,famous_le_10m,0.5,0.5
0,10,3,famous_le_100m,0.5,0.5
0,10,4,famous_le_10m,0.5,0.5
0,10,4,famous_le_100m,0.5,0.5
0,10,5,famous_le_10m,0.5,0.5
0,10,5,famous_le_100m,0.5,0.5
0,10,6,famous_le_10m,0.5,0.5
0,10,6,famous_le_100m,0.5,0.5
0,10,7,famous_le_10m,0.5,0.5
0,10,7,famous_le_100m,0.5,0.5
0,10,8,famous_le_10m,1.0,1.0
0,10,8,famous_le_100m,0.96875,0.96875
0,10,9,famous_le_10m,0.8,0.8
0,10,9,famous_le_100m,0.46875,0.46875
0,10,10,famous_le_10m,1.0,1.0
0,10,10,famous_le_100m,0.96875,0.96875
0,10,11,famous_le_10m,0.7,0.7
0,10,11,famous_le_100m,0.46875,0.46875
0,10,12,famous_le_10m,1.0,1.0
0,10,12,famous_le_100m,0.96875,0.96875
0,10,13,famous_le_10m,0.7,0.7
0,10,13,famous_le_100m,0.46875,0.46875
0,10,14,famous_le_10m,1.0,1.0
0,10,14,famous_le_100m,0.96875,0.96875
0,10,15,famous_le_10m,0.7,0.7
0,10,15,famous_le_100m,0.46875,0.46875
0,10,16,famous_le_10m,1.0,1.0
0,10,16,famous_le_100m,0.96875,0.96875
0,10,17,famous_le_10m,0.7,0.7
0,10,17,famous_le_100m,0.46875,0.46875
0,10,18,famous_le_10m,1.0,1.0
0,10,18,famous_le_100m,0.96875,0.96875
0,10,19,famous_le_10m,0.7,0.6
0,10,19,famous_le_100m,0.46875,0.46875
0,10,20,famous_le_10m,1.0,1.0
0,10,20,famous_le_100m,0.96875,0.96875
0,10,21,famous_le_10m,0.6,0.6
0,10,21,famous_le_100m,0.46875,0.46875
0,10,22,famous_le_10m,1.0,1.0
0,10,22,famous_le_100m,0.96875,0.96875
0,10,23,famous_le_10m,0.7,0.7
0,10,23,famous_le_100m,0.46875,0.46875
0,11,1,famous_le_10m,0.5,0.4
0,11,1,famous_le_100m,0.5,0.46875
0,11,2,famous_le_10m,0.5,0.3
0,11,2,famous_le_100m,0.46875,0.4375
0,11,3,famous_le_10m,0.5,0.3
0,11,3,famous_le_100m,0.46875,0.40625
0,11,4,famous_le_10m,0.7,0.5
0,11,4,famous_le_100m,0.53125,0.5
0,11,5,famous_le_10m,0.5,0.3
0,11,5,famous_le_100m,0.4375,0.40625
0,11,6,famous_le_10m,1.0,0.8
0,11,6,famous_le_100m,0.90625,0.875
0,11,7,famous_le_10m,1.0,0.8
0,11,7,famous_le_100m,0.90625,0.875
0,11,8,famous_le_10m,1.0,0.8
0,11,8,famous_le_100m,0.90625,0.875
0,11,9,famous_le_10m,1.0,0.8
0,11,9,famous_le_100m,0.90625,0.875
0,11,10,famous_le_10m,1.0,0.8
0,11,10,famous_le_100m,0.90625,0.875
0,11,11,famous_le_10m,1.0,0.8
0,11,11,famous_le_100m,0.90625,0.875
0,11,12,famous_le_10m,1.0,0.8
0,11,12,famous_le_100m,0.90625,0.875
0,11,13,famous_le_10m,1.0,0.8
0,11,13,famous_le_100m,0.90625,0.875
0,11,14,famous_le_10m,1.0,0.8
0,11,14,famous_le_100m,0.90625,0.875
0,11,15,famous_le_10m,1.0,0.8
0,11,15,famous_le_100m,0.90625,0.875
0,11,16,famous_le_10m,1.0,0.8
0,11,16,famous_le_100m,0.90625,0.875
0,11,17,famous_le_10m,1.0,0.8
0,11,17,famous_le_100m,0.90625,0.875
0,11,18,famous_le_10m,1.0,0.8
0,11,18,famous_le_100m,0.90625,0.875
0,11,19,famous_le_10m,1.0,0.8
0,11,19,famous_le_100m,0.90625,0.875
0,11,20,famous_le_10m,1.0,0.8
0,11,20,famous_le_100m,0.90625,0.875
0,11,21,famous_le_10m,1.0,0.8
0,11,21,famous_le_100m,0.90625,0.875
0,11,22,famous_le_10m,1.0,0.8
0,11,22,famous_le_100m,0.90625,0.875
0,11,23,famous_le_10m,1.0,0.8
0,11,23,famous_le_100m,0.90625,0.875
0,12,1,famous_le_10m,0.5,0.5
0,12,1,famous_le_100m,0.5,0.5
0,12,2,famous_le_10m,0.5,0.5
0,12,2,famous_le_100m,0.5,0.5
0,12,3,famous_le_10m,0.5,0.5
0,12,3,famous_le_100m,0.5,0.5
0,12,4,famous_le_10m,0.5,0.5
0,12,4,famous_le_100m,0.5,0.5
0,12,5,famous_le_10m,0.5,0.5
0,12,5,famous_le_100m,0.5,0.5
0,12,6,famous_le_10m,0.5,0.5
0,12,6,famous_le_100m,0.5,0.5
0,12,7,famous_le_10m,0.5,0.5
0,12,7,famous_le_100m,0.46875,0.46875
0,12,8,famous_le_10m,1.0,1.0
0,12,8,famous_le_100m,0.96875,0.96875
0,12,9,famous_le_10m,0.5,0.5
0,12,9,famous_le_100m,0.46875,0.46875
0,12,10,famous_le_10m,1.0,1.0
0,12,10,famous_le_100m,0.96875,0.96875
0,12,11,famous_le_10m,0.5,0.5
0,12,11,famous_le_100m,0.46875,0.46875
0,12,12,famous_le_10m,1.0,1.0
0,12,12,famous_le_100m,0.96875,0.96875
0,12,13,famous_le_10m,0.5,0.5
0,12,13,famous_le_100m,0.46875,0.46875
0,12,14,famous_le_10m,1.0,1.0
0,12,14,famous_le_100m,0.96875,0.96875
0,12,15,famous_le_10m,0.5,0.5
0,12,15,famous_le_100m,0.46875,0.46875
0,12,16,famous_le_10m,1.0,1.0
0,12,16,famous_le_100m,0.96875,0.96875
0,12,17,famous_le_10m,0.5,0.5
0,12,17,famous_le_100m,0.46875,0.46875
0,12,18,famous_le_10m,1.0,1.0
0,12,18,famous_le_100m,0.96875,0.96875
0,12,19,famous_le_10m,0.5,0.5
0,12,19,famous_le_100m,0.46875,0.46875
0,12,20,famous_le_10m,1.0,1.0
0,12,20,famous_le_100m,0.96875,0.96875
0,12,21,famous_le_10m,0.5,0.5
0,12,21,famous_le_100m,0.46875,0.46875
0,12,22,famous_le_10m,1.0,1.0
0,12,22,famous_le_100m,0.96875,0.96875
0,12,23,famous_le_10m,0.5,0.5
0,12,23,famous_le_100m,0.46875,0.46875
0,13,1,famous_le_10m,0.5,0.5
0,13,1,famous_le_100m,0.5,0.5
0,13,2,famous_le_10m,0.5,0.5
0,13,2,famous_le_100m,0.5,0.5
0,13,3,famous_le_10m,0.5,0.5
0,13,3,famous_le_100m,0.5,0.5
0,13,4,famous_le_10m,0.5,0.5
0,13,4,famous_le_100m,0.5,0.5
0,13,5,famous_le_10m,0.5,0.5
0,13,5,famous_le_100m,0.5,0.5
0,13,6,famous_le_10m,0.7,0.8
0,13,6,famous_le_100m,0.53125,0.59375
0,13,7,famous_le_10m,0.7,1.0
0,13,7,famous_le_100m,0.5,0.53125
0,13,8,famous_le_10m,1.0,1.0
0,13,8,famous_le_100m,0.96875,0.96875
0,13,9,famous_le_10m,1.0,1.0
0,13,9,famous_le_100m,0.96875,0.96875
0,13,10,famous_le_10m,1.0,1.0
0,13,10,famous_le_100m,0.96875,0.96875
0,13,11,famous_le_10m,1.0,1.0
0,13,11,famous_le_100m,0.96875,0.96875
0,13,12,famous_le_10m,1.0,1.0
0,13,12,famous_le_100m,0.96875,0.96875
0,13,13,famous_le_10m,1.0,1.0
0,13,13,famous_le_100m,0.96875,0.96875
0,13,14,famous_le_10m,1.0,1.0
0,13,14,famous_le_100m,0.96875,0.96875
0,13,15,famous_le_10m,1.0,1.0
0,13,15,famous_le_100m,0.96875,0.96875
0,13,16,famous_le_10m,1.0,1.0
0,13,16,famous_le_100m,0.96875,0.96875
0,13,17,famous_le_10m,1.0,1.0
0,13,17,famous_le_100m,0.96875,0.96875
0,13,18,famous_le_10m,1.0,1.0
0,13,18,famous_le_100m,0.96875,0.96875
0,13,19,famous_le_10m,1.0,1.0
0,13,19,famous_le_100m,0.96875,0.96875
0,13,20,famous_le_10m,1.0,1.0
0,13,20,famous_le_100m,0.96875,0.96875
0,13,21,famous_le_10m,1.0,1.0
0,13,21,famous_le_100m,0.96875,0.96875
0,13,22,famous_le_10m,1.0,1.0
0,13,22,famous_le_100m,0.96875,0.96875
0,13,23,famous_le_10m,1.0,1.0
0,13,23,famous_le_100m,0.96875,0.96875
0,14,1,famous_le_10m,0.5,0.5
0,14,1,famous_le_100m,0.5,0.5
0,14,2,famous_le_10m,0.5,0.5
0,14,2,famous_le_100m,0.5,0.5
0,14,3,famous_le_10m,0.5,0.5
0,14,3,famous_le_100m,0.5,0.5
0,14,4,famous_le_10m,0.5,0.5
0,14,4,famous_le_100m,0.5,0.5
0,14,5,famous_le_10m,0.5,0.5
0,14,5,famous_le_100m,0.5,0.5
0,14,6,famous_le_10m,0.5,0.5
0,14,6,famous_le_100m,0.5,0.5
0,14,7,famous_le_10m,0.5,0.5
0,14,7,famous_le_100m,0.5,0.5
0,14,8,famous_le_10m,1.0,1.0
0,14,8,famous_le_100m,0.96875,0.96875
0,14,9,famous_le_10m,0.8,0.7
0,14,9,famous_le_100m,0.46875,0.46875
0,14,10,famous_le_10m,1.0,1.0
0,14,10,famous_le_100m,0.96875,0.96875
0,14,11,famous_le_10m,0.7,0.7
0,14,11,famous_le_100m,0.46875,0.46875
0,14,12,famous_le_10m,1.0,1.0
0,14,12,famous_le_100m,0.96875,0.96875
0,14,13,famous_le_10m,0.7,0.7
0,14,13,famous_le_100m,0.46875,0.46875
0,14,14,famous_le_10m,1.0,1.0
0,14,14,famous_le_100m,0.96875,0.96875
0,14,15,famous_le_10m,0.7,0.7
0,14,15,famous_le_100m,0.46875,0.46875
0,14,16,famous_le_10m,1.0,1.0
0,14,16,famous_le_100m,0.96875,0.96875
0,14,17,famous_le_10m,0.7,0.7
0,14,17,famous_le_100m,0.46875,0.46875
0,14,18,famous_le_10m,1.0,1.0
0,14,18,famous_le_100m,0.96875,0.96875
0,14,19,famous_le_10m,0.7,0.7
0,14,19,famous_le_100m,0.46875,0.46875
0,14,20,famous_le_10m,1.0,1.0
0,14,20,famous_le_100m,0.96875,0.96875
0,14,21,famous_le_10m,0.7,0.7
0,14,21,famous_le_100m,0.46875,0.46875
0,14,22,famous_le_10m,1.0,1.0
0,14,22,famous_le_100m,0.96875,0.96875
0,14,23,famous_le_10m,0.7,0.7
0,14,23,famous_le_100m,0.46875,0.46875
0,15,1,famous_le_10m,0.5,0.5
0,15,1,famous_le_100m,0.5,0.5
0,15,2,famous_le_10m,0.5,0.5
0,15,2,famous_le_100m,0.5,0.5
0,15,3,famous_le_10m,0.5,0.5
0,15,3,famous_le_100m,0.5,0.5
0,15,4,famous_le_10m,0.5,0.5
0,15,4,famous_le_100m,0.5,0.5
0,15,5,famous_le_10m,0.5,0.5
0,15,5,famous_le_100m,0.5,0.5
0,15,6,famous_le_10m,0.6,0.6
0,15,6,famous_le_100m,0.5,0.5
0,15,7,famous_le_10m,0.6,0.7
0,15,7,famous_le_100m,0.5,0.5
0,15,8,famous_le_10m,1.0,1.0
0,15,8,famous_le_100m,0.96875,0.96875
0,15,9,famous_le_10m,1.0,1.0
0,15,9,famous_le_100m,0.96875,0.96875
0,15,10,famous_le_10m,1.0,1.0
0,15,10,famous_le_100m,0.96875,0.96875
0,15,11,famous_le_10m,1.0,1.0
0,15,11,famous_le_100m,0.96875,0.96875
0,15,12,famous_le_10m,1.0,1.0
0,15,12,famous_le_100m,0.96875,0.96875
0,15,13,famous_le_10m,1.0,1.0
0,15,13,famous_le_100m,0.96875,0.96875
0,15,14,famous_le_10m,1.0,1.0
0,15,14,famous_le_100m,0.96875,0.96875
0,15,15,famous_le_10m,1.0,1.0
0,15,15,famous_le_100m,0.96875,0.96875
0,15,16,famous_le_10m,1.0,1.0
0,15,16,famous_le_100m,0.96875,0.96875
0,15,17,famous_le_10m,1.0,1.0
0,15,17,famous_le_100m,0.96875,0.96875
0,15,18,famous_le_10m,1.0,1.0
0,15,18,famous_le_100m,0.96875,0.96875
0,15,19,famous_le_10m,1.0,1.0
0,15,19,famous_le_100m,0.96875,0.96875
0,15,20,famous_le_10m,1.0,1.0
0,15,20,famous_le_100m,0.96875,0.96875
0,15,21,famous_le_10m,1.0,1.0
0,15,21,famous_le_100m,0.96875,0.96875
0,15,22,famous_le_10m,1.0,1.0
0,15,22,famous_le_100m,0.96875,0.96875
0,15,23,famous_le_10m,1.0,1.0
0,15,23,famous_le_100m,0.96875,0.96875
0,16,1,famous_le_10m,0.5,0.5
0,16,1,famous_le_100m,0.5,0.5
0,16,2,famous_le_10m,0.5,0.5
0,16,2,famous_le_100m,0.5,0.5
0,16,3,famous_le_10m,0.5,0.5
0,16,3,famous_le_100m,0.5,0.5
0,16,4,famous_le_10m,0.5,0.5
0,16,4,famous_le_100m,0.5,0.5
0,16,5,famous_le_10m,0.5,0.5
0,16,5,famous_le_100m,0.5,0.5
0,16,6,famous_le_10m,0.5,0.5
0,16,6,famous_le_100m,0.5,0.5
0,16,7,famous_le_10m,0.5,0.5
0,16,7,famous_le_100m,0.5,0.5
0,16,8,famous_le_10m,1.0,1.0
0,16,8,famous_le_100m,1.0,1.0
0,16,9,famous_le_10m,0.5,0.5
0,16,9,famous_le_100m,0.5,0.5
0,16,10,famous_le_10m,0.5,0.5
0,16,10,famous_le_100m,0.5,0.5
0,16,11,famous_le_10m,0.5,0.5
0,16,11,famous_le_100m,0.5,0.5
0,16,12,famous_le_10m,0.5,0.5
0,16,12,famous_le_100m,0.5,0.5
0,16,13,famous_le_10m,0.5,0.5
0,16,13,famous_le_100m,0.5,0.5
0,16,14,famous_le_10m,0.5,0.5
0,16,14,famous_le_100m,0.5,0.5
0,16,15,famous_le_10m,0.5,0.5
0,16,15,famous_le_100m,0.5,0.5
0,16,16,famous_le_10m,1.0,1.0
0,16,16,famous_le_100m,1.0,1.0
0,16,17,famous_le_10m,0.5,0.5
0,16,17,famous_le_100m,0.5,0.5
0,16,18,famous_le_10m,0.5,0.5
0,16,18,famous_le_100m,0.5,0.5
0,16,19,famous_le_10m,0.5,0.5
0,16,19,famous_le_100m,0.5,0.5
0,16,20,famous_le_10m,1.0,1.0
0,16,20,famous_le_100m,1.0,1.0
0,16,21,famous_le_10m,0.5,0.5
0,16,21,famous_le_100m,0.5,0.5
0,16,22,famous_le_10m,0.5,0.5
0,16,22,famous_le_100m,0.5,0.5
0,16,23,famous_le_10m,0.5,0.5
0,16,23,famous_le_100m,0.5,0.5
0,17,1,famous_le_10m,0.5,0.5
0,17,1,famous_le_100m,0.5,0.5
0,17,2,famous_le_10m,0.5,0.5
0,17,2,famous_le_100m,0.5,0.5
0,17,3,famous_le_10m,0.5,0.5
0,17,3,famous_le_100m,0.5,0.5
0,17,4,famous_le_10m,0.5,0.5
0,17,4,famous_le_100m,0.5,0.5
0,17,5,famous_le_10m,0.5,0.5
0,17,5,famous_le_100m,0.5,0.5
0,17,6,famous_le_10m,0.5,0.5
0,17,6,famous_le_100m,0.5,0.5
0,17,7,famous_le_10m,0.5,0.5
0,17,7,famous_le_100m,0.5,0.5
0,17,8,famous_le_10m,1.0,1.0
0,17,8,famous_le_100m,0.96875,0.96875
0,17,9,famous_le_10m,1.0,1.0
0,17,9,famous_le_100m,0.53125,0.53125
0,17,10,famous_le_10m,1.0,1.0
0,17,10,famous_le_100m,0.96875,0.96875
0,17,11,famous_le_10m,0.9,0.9
0,17,11,famous_le_100m,0.5,0.5
0,17,12,famous_le_10m,1.0,1.0
0,17,12,famous_le_100m,0.96875,0.96875
0,17,13,famous_le_10m,0.9,0.9
0,17,13,famous_le_100m,0.5,0.5
0,17,14,famous_le_10m,1.0,1.0
0,17,14,famous_le_100m,0.96875,0.96875
0,17,15,famous_le_10m,1.0,1.0
0,17,15,famous_le_100m,0.6875,0.6875
0,17,16,famous_le_10m,1.0,1.0
0,17,16,famous_le_100m,0.96875,0.96875
0,17,17,famous_le_10m,1.0,1.0
0,17,17,famous_le_100m,0.96875,0.96875
0,17,18,famous_le_10m,1.0,1.0
0,17,18,famous_le_100m,0.96875,0.96875
0,17,19,famous_le_10m,1.0,1.0
0,17,19,famous_le_100m,0.96875,0.96875
0,17,20,famous_le_10m,1.0,1.0
0,17,20,famous_le_100m,0.96875,0.96875
0,17,21,famous_le_10m,1.0,1.0
0,17,21,famous_le_100m,0.96875,0.96875
0,17,22,famous_le_10m,1.0,1.0
0,17,22,famous_le_100m,0.96875,0.96875
0,17,23,famous_le_10m,1.0,1.0
0,17,23,famous_le_100m,0.96875,0.96875
0,18,1,famous_le_10m,0.5,0.5
0,18,1,famous_le_100m,0.5,0.5
0,18,2,famous_le_10m,0.5,0.5
0,18,2,famous_le_100m,0.5,0.5
0,18,3,famous_le_10m,0.5,0.5
0,18,3,famous_le_100m,0.5,0.5
0,18,4,famous_le_10m,0.5,0.5
0,18,4,famous_le_100m,0.5,0.5
0,18,5,famous_le_10m,0.5,0.5
0,18,5,famous_le_100m,0.5,0.5
0,18,6,famous_le_10m,0.5,0.5
0,18,6,famous_le_100m,0.5,0.5
0,18,7,famous_le_10m,0.5,0.5
0,18,7,famous_le_100m,0.46875,0.46875
0,18,8,famous_le_10m,1.0,1.0
0,18,8,famous_le_100m,0.96875,0.96875
0,18,9,famous_le_10m,0.5,0.5
0,18,9,famous_le_100m,0.46875,0.46875
0,18,10,famous_le_10m,1.0,1.0
0,18,10,famous_le_100m,0.96875,0.71875
0,18,11,famous_le_10m,0.5,0.5
0,18,11,famous_le_100m,0.46875,0.46875
0,18,12,famous_le_10m,1.0,1.0
0,18,12,famous_le_100m,0.96875,0.96875
0,18,13,famous_le_10m,0.5,0.5
0,18,13,famous_le_100m,0.46875,0.46875
0,18,14,famous_le_10m,1.0,1.0
0,18,14,famous_le_100m,0.96875,0.96875
0,18,15,famous_le_10m,0.5,0.5
0,18,15,famous_le_100m,0.46875,0.46875
0,18,16,famous_le_10m,1.0,1.0
0,18,16,famous_le_100m,0.96875,0.96875
0,18,17,famous_le_10m,0.7,0.7
0,18,17,famous_le_100m,0.46875,0.46875
0,18,18,famous_le_10m,1.0,1.0
0,18,18,famous_le_100m,0.96875,0.96875
0,18,19,famous_le_10m,0.7,0.6
0,18,19,famous_le_100m,0.46875,0.46875
0,18,20,famous_le_10m,1.0,1.0
0,18,20,famous_le_100m,0.96875,0.96875
0,18,21,famous_le_10m,0.6,0.6
0,18,21,famous_le_100m,0.46875,0.46875
0,18,22,famous_le_10m,1.0,1.0
0,18,22,famous_le_100m,0.96875,0.96875
0,18,23,famous_le_10m,0.6,0.6
0,18,23,famous_le_100m,0.46875,0.46875
0,19,1,famous_le_10m,0.5,0.5
0,19,1,famous_le_100m,0.5,0.5
0,19,2,famous_le_10m,0.5,0.5
0,19,2,famous_le_100m,0.5,0.5
0,19,3,famous_le_10m,0.5,0.5
0,19,3,famous_le_100m,0.5,0.5
0,19,4,famous_le_10m,0.5,0.5
0,19,4,famous_le_100m,0.5,0.5
0,19,5,famous_le_10m,0.5,0.5
0,19,5,famous_le_100m,0.5,0.5
0,19,6,famous_le_10m,0.5,0.5
0,19,6,famous_le_100m,0.5,0.5
0,19,7,famous_le_10m,0.5,0.5
0,19,7,famous_le_100m,0.46875,0.5
0,19,8,famous_le_10m,1.0,1.0
0,19,8,famous_le_100m,0.96875,0.96875
0,19,9,famous_le_10m,0.5,0.5
0,19,9,famous_le_100m,0.46875,0.59375
0,19,10,famous_le_10m,0.5,1.0
0,19,10,famous_le_100m,0.78125,0.875
0,19,11,famous_le_10m,0.5,0.5
0,19,11,famous_le_100m,0.46875,0.59375
0,19,12,famous_le_10m,1.0,1.0
0,19,12,famous_le_100m,0.96875,0.96875
0,19,13,famous_le_10m,0.6,0.7
0,19,13,famous_le_100m,0.59375,0.78125
0,19,14,famous_le_10m,1.0,1.0
0,19,14,famous_le_100m,0.96875,0.96875
0,19,15,famous_le_10m,1.0,1.0
0,19,15,famous_le_100m,0.96875,0.96875
0,19,16,famous_le_10m,1.0,1.0
0,19,16,famous_le_100m,0.96875,0.96875
0,19,17,famous_le_10m,1.0,1.0
0,19,17,famous_le_100m,0.96875,0.96875
0,19,18,famous_le_10m,1.0,1.0
0,19,18,famous_le_100m,0.96875,0.96875
0,19,19,famous_le_10m,1.0,1.0
0,19,19,famous_le_100m,0.96875,0.96875
0,19,20,famous_le_10m,1.0,1.0
0,19,20,famous_le_100m,0.96875,0.96875
0,19,21,famous_le_10m,1.0,1.0
0,19,21,famous_le_100m,0.96875,0.96875
0,19,22,famous_le_10m,1.0,1.0
0,19,22,famous_le_100m,0.96875,0.96875
0,19,23,famous_le_10m,1.0,1.0
0,19,23,famous_le_100m,0.96875,0.96875
0,20,1,famous_le_10m,0.5,0.5
0,20,1,famous_le_100m,0.5,0.5
0,20,2,famous_le_10m,0.5,0.5
0,20,2,famous_le_100m,0.5,0.5
0,20,3,famous_le_10m,0.5,0.5
0,20,3,famous_le_100m,0.5,0.5
0,20,4,famous_le_10m,0.5,0.5
0,20,4,famous_le_100m,0.5,0.5
0,20,5,famous_le_10m,0.5,0.5
0,20,5,famous_le_100m,0.5,0.5
0,20,6,famous_le_10m,0.5,0.5
0,20,6,famous_le_100m,0.5,0.5
0,20,7,famous_le_10m,0.5,0.5
0,20,7,famous_le_100m,0.5,0.5
0,20,8,famous_le_10m,1.0,1.0
0,20,8,famous_le_100m,1.0,1.0
0,20,9,famous_le_10m,0.5,0.5
0,20,9,famous_le_100m,0.5,0.5
0,20,10,famous_le_10m,0.5,0.5
0,20,10,famous_le_100m,0.5,0.5
0,20,11,famous_le_10m,0.5,0.5
0,20,11,famous_le_100m,0.5,0.5
0,20,12,famous_le_10m,1.0,1.0
0,20,12,famous_le_100m,1.0,1.0
0,20,13,famous_le_10m,0.5,0.5
0,20,13,famous_le_100m,0.5,0.5
0,20,14,famous_le_10m,0.5,0.5
0,20,14,famous_le_100m,0.5,0.5
0,20,15,famous_le_10m,0.5,0.5
0,20,15,famous_le_100m,0.5,0.5
0,20,16,famous_le_10m,1.0,1.0
0,20,16,famous_le_100m,1.0,1.0
0,20,17,famous_le_10m,0.5,0.5
0,20,17,famous_le_100m,0.5,0.5
0,20,18,famous_le_10m,1.0,1.0
0,20,18,famous_le_100m,1.0,1.0
0,20,19,famous_le_10m,0.5,0.5
0,20,19,famous_le_100m,0.5,0.5
0,20,20,famous_le_10m,1.0,1.0
0,20,20,famous_le_100m,1.0,1.0
0,20,21,famous_le_10m,0.5,0.5
0,20,21,famous_le_100m,0.5,0.5
0,20,22,famous_le_10m,1.0,1.0
0,20,22,famous_le_100m,1.0,1.0
0,20,23,famous_le_10m,0.5,0.5
0,20,23,famous_le_100m,0.5,0.5
0,21,1,famous_le_10m,0.5,0.5
0,21,1,famous_le_100m,0.5,0.5
0,21,2,famous_le_10m,0.5,0.5
0,21,2,famous_le_100m,0.5,0.5
0,21,3,famous_le_10m,0.5,0.5
0,21,3,famous_le_100m,0.5,0.5
0,21,4,famous_le_10m,0.5,0.5
0,21,4,famous_le_100m,0.5,0.5
0,21,5,famous_le_10m,0.5,0.5
0,21,5,famous_le_100m,0.5,0.5
0,21,6,famous_le_10m,0.5,0.5
0,21,6,famous_le_100m,0.5,0.5
0,21,7,famous_le_10m,0.5,0.5
0,21,7,famous_le_100m,0.5,0.5
0,21,8,famous_le_10m,1.0,1.0
0,21,8,famous_le_100m,0.96875,0.96875
0,21,9,famous_le_10m,0.7,0.8
0,21,9,famous_le_100m,0.5,0.5
0,21,10,famous_le_10m,1.0,1.0
0,21,10,famous_le_100m,0.96875,0.96875
0,21,11,famous_le_10m,0.7,0.7
0,21,11,famous_le_100m,0.5,0.5
0,21,12,famous_le_10m,1.0,1.0
0,21,12,famous_le_100m,0.96875,0.96875
0,21,13,famous_le_10m,0.7,0.8
0,21,13,famous_le_100m,0.5,0.5
0,21,14,famous_le_10m,1.0,1.0
0,21,14,famous_le_100m,0.96875,0.96875
0,21,15,famous_le_10m,1.0,1.0
0,21,15,famous_le_100m,0.96875,0.96875
0,21,16,famous_le_10m,1.0,1.0
0,21,16,famous_le_100m,0.96875,0.96875
0,21,17,famous_le_10m,1.0,1.0
0,21,17,famous_le_100m,0.96875,0.96875
0,21,18,famous_le_10m,1.0,1.0
0,21,18,famous_le_100m,0.96875,0.96875
0,21,19,famous_le_10m,1.0,1.0
0,21,19,famous_le_100m,0.96875,0.96875
0,21,20,famous_le_10m,1.0,1.0
0,21,20,famous_le_100m,0.96875,0.96875
0,21,21,famous_le_10m,1.0,1.0
0,21,21,famous_le_100m,0.96875,0.96875
0,21,22,famous_le_10m,1.0,1.0
0,21,22,famous_le_100m,0.96875,0.96875
0,21,23,famous_le_10m,1.0,1.0
0,21,23,famous_le_100m,0.96875,0.96875
0,22,1,famous_le_10m,0.5,0.5
0,22,1,famous_le_100m,0.5,0.5
0,22,2,famous_le_10m,0.5,0.5
0,22,2,famous_le_100m,0.5,0.5
0,22,3,famous_le_10m,0.5,0.5
0,22,3,famous_le_100m,0.5,0.5
0,22,4,famous_le_10m,0.5,0.5
0,22,4,famous_le_100m,0.5,0.5
0,22,5,famous_le_10m,0.5,0.5
0,22,5,famous_le_100m,0.46875,0.46875
0,22,6,famous_le_10m,0.5,0.5
0,22,6,famous_le_100m,0.5,0.46875
0,22,7,famous_le_10m,0.5,0.5
0,22,7,famous_le_100m,0.46875,0.46875
0,22,8,famous_le_10m,1.0,1.0
0,22,8,famous_le_100m,0.96875,0.96875
0,22,9,famous_le_10m,0.5,0.5
0,22,9,famous_le_100m,0.46875,0.46875
0,22,10,famous_le_10m,1.0,1.0
0,22,10,famous_le_100m,0.9375,0.5
0,22,11,famous_le_10m,0.5,0.5
0,22,11,famous_le_100m,0.46875,0.46875
0,22,12,famous_le_10m,1.0,1.0
0,22,12,famous_le_100m,0.96875,0.96875
0,22,13,famous_le_10m,0.5,0.5
0,22,13,famous_le_100m,0.46875,0.46875
0,22,14,famous_le_10m,1.0,1.0
0,22,14,famous_le_100m,0.96875,0.96875
0,22,15,famous_le_10m,0.5,0.5
0,22,15,famous_le_100m,0.46875,0.46875
0,22,16,famous_le_10m,1.0,1.0
0,22,16,famous_le_100m,0.96875,0.96875
0,22,17,famous_le_10m,0.7,0.7
0,22,17,famous_le_100m,0.46875,0.46875
0,22,18,famous_le_10m,1.0,1.0
0,22,18,famous_le_100m,0.96875,0.96875
0,22,19,famous_le_10m,0.7,0.7
0,22,19,famous_le_100m,0.46875,0.46875
0,22,20,famous_le_10m,1.0,1.0
0,22,20,famous_le_100m,0.96875,0.96875
0,22,21,famous_le_10m,0.7,0.6
0,22,21,famous_le_100m,0.46875,0.46875
0,22,22,famous_le_10m,1.0,1.0
0,22,22,famous_le_100m,0.96875,0.96875
0,22,23,famous_le_10m,0.6,0.6
0,22,23,famous_le_100m,0.46875,0.46875
0,23,1,famous_le_10m,0.5,0.5
0,23,1,famous_le_100m,0.5,0.5
0,23,2,famous_le_10m,0.5,0.5
0,23,2,famous_le_100m,0.5,0.5
0,23,3,famous_le_10m,0.5,0.5
0,23,3,famous_le_100m,0.5,0.5
0,23,4,famous_le_10m,0.5,0.5
0,23,4,famous_le_100m,0.5,0.5
0,23,5,famous_le_10m,0.5,0.5
0,23,5,famous_le_100m,0.5,0.5
0,23,6,famous_le_10m,0.5,0.5
0,23,6,famous_le_100m,0.5,0.5
0,23,7,famous_le_10m,0.5,0.5
0,23,7,famous_le_100m,0.5,0.5
0,23,8,famous_le_10m,1.0,1.0
0,23,8,famous_le_100m,0.96875,0.96875
0,23,9,famous_le_10m,1.0,1.0
0,23,9,famous_le_100m,0.59375,0.59375
0,23,10,famous_le_10m,1.0,1.0
0,23,10,famous_le_100m,0.96875,0.96875
0,23,11,famous_le_10m,0.9,1.0
0,23,11,famous_le_100m,0.59375,0.59375
0,23,12,famous_le_10m,1.0,1.0
0,23,12,famous_le_100m,0.96875,0.96875
0,23,13,famous_le_10m,0.9,1.0
0,23,13,famous_le_100m,0.625,0.625
0,23,14,famous_le_10m,1.0,1.0
0,23,14,famous_le_100m,0.96875,0.96875
0,23,15,famous_le_10m,1.0,1.0
0,23,15,famous_le_100m,0.96875,0.96875
0,23,16,famous_le_10m,1.0,1.0
0,23,16,famous_le_100m,0.96875,0.96875
0,23,17,famous_le_10m,1.0,1.0
0,23,17,famous_le_100m,0.96875,0.96875
0,23,18,famous_le_10m,1.0,1.0
0,23,18,famous_le_100m,0.96875,0.96875
0,23,19,famous_le_10m,1.0,1.0
0,23,19,famous_le_100m,0.96875,0.96875
0,23,20,famous_le_10m,1.0,1.0
0,23,20,famous_le_100m,0.96875,0.96875
0,23,21,famous_le_10m,1.0,1.0
0,23,21,famous_le_100m,0.96875,0.96875
0,23,22,famous_le_10m,1.0,1.0
0,23,22,famous_le_100m,0.96875,0.96875
0,23,23,famous_le_10m,1.0,1.0
0,23,23,famous_le_100m,0.96875,0.96875
