image_rep,time,peak_memory,n_models,n_weights,run_i
s,0.000148773193359375,769.15625,10,10,0
rgb,0.000133514404296875,769.15625,10,10,0
bb,0.00014066696166992188,769.15625,10,10,0
phis,0.012159585952758789,769.328125,10,10,0
s,0.00012040138244628906,770.265625,10,100,0
rgb,9.870529174804688e-05,770.265625,10,100,0
bb,0.00018286705017089844,770.265625,10,100,0
phis,0.01389622688293457,770.265625,10,100,0
s,0.00015997886657714844,770.578125,10,1000,0
rgb,0.0004096031188964844,770.578125,10,1000,0
bb,0.0007090568542480469,770.890625,10,1000,0
phis,0.02631092071533203,771.046875,10,1000,0
s,0.00016760826110839844,771.671875,10,10000,0
rgb,0.0005133152008056641,771.828125,10,10000,0
bb,0.005968809127807617,775.90625,10,10000,0
phis,0.20751309394836426,777.0,10,10000,0
s,0.0003669261932373047,770.671875,100,10,0
rgb,0.00012612342834472656,770.671875,100,10,0
bb,0.0003018379211425781,770.671875,100,10,0
phis,0.11845088005065918,770.671875,100,10,0
s,0.00015401840209960938,770.671875,100,100,0
rgb,0.00017309188842773438,770.671875,100,100,0
bb,0.0009615421295166016,770.984375,100,100,0
phis,0.15224242210388184,771.140625,100,100,0
s,0.00015234947204589844,771.765625,100,1000,0
rgb,0.0006697177886962891,772.078125,100,1000,0
bb,0.007458209991455078,776.1015625,100,1000,0
phis,0.348388671875,777.1953125,100,1000,0
s,0.0010890960693359375,783.2109375,100,10000,0
rgb,0.0058498382568359375,785.0859375,100,10000,0
bb,0.05089211463928223,825.5859375,100,10000,0
phis,1.6216588020324707,836.63671875,100,10000,0
s,0.0001838207244873047,775.859375,1000,10,0
rgb,0.00015163421630859375,775.859375,1000,10,0
bb,0.0017821788787841797,775.859375,1000,10,0
phis,1.3006377220153809,775.859375,1000,10,0
s,0.00021576881408691406,775.859375,1000,100,0
rgb,0.0005457401275634766,775.859375,1000,100,0
bb,0.008270740509033203,776.484375,1000,100,0
phis,1.082169532775879,777.890625,1000,100,0
s,0.000545501708984375,783.203125,1000,1000,0
rgb,0.005818843841552734,786.171875,1000,1000,0
bb,0.04755282402038574,826.59375,1000,1000,0
phis,2.616826057434082,837.53125,1000,1000,0
s,0.008460760116577148,909.8671875,1000,10000,0
rgb,0.05066370964050293,911.390625,1000,10000,0
bb,0.4818260669708252,1260.5078125,1000,10000,0
phis,17.775516986846924,1448.9921875,1000,10000,0
s,0.00026154518127441406,772.51953125,10000,10,0
rgb,0.0010209083557128906,772.83203125,10000,10,0
bb,0.010831356048583984,781.4296875,10000,10,0
phis,9.227700471878052,788.77734375,10000,10,0
s,0.0006740093231201172,788.77734375,10000,100,0
rgb,0.004980564117431641,788.77734375,10000,100,0
bb,0.05198478698730469,825.4765625,10000,100,0
phis,10.595672845840454,844.23828125,10000,100,0
s,0.00843667984008789,922.50390625,10000,1000,0
rgb,0.05305218696594238,917.62890625,10000,1000,0
bb,0.6536881923675537,1258.6015625,10000,1000,0
phis,26.1680109500885,1438.27734375,10000,1000,0
s,0.08384513854980469,1895.890625,10000,10000,0
rgb,0.4837229251861572,1759.58203125,10000,10000,0
bb,4.642164468765259,5417.75,10000,10000,0
phis,173.4611258506775,7259.8046875,10000,10000,0
s,0.00018286705017089844,785.28125,10,10,1
rgb,0.00012302398681640625,785.28125,10,10,1
bb,0.0001289844512939453,785.28125,10,10,1
phis,0.011677742004394531,785.28125,10,10,1
s,0.00014781951904296875,785.28125,10,100,1
rgb,0.0001201629638671875,785.28125,10,100,1
bb,0.0001666545867919922,785.28125,10,100,1
phis,0.013737678527832031,785.28125,10,100,1
s,0.0002200603485107422,785.28125,10,1000,1
rgb,0.0001347064971923828,785.28125,10,1000,1
bb,0.0009071826934814453,785.28125,10,1000,1
phis,0.03660106658935547,785.28125,10,1000,1
s,0.00018405914306640625,785.28125,10,10000,1
rgb,0.0006444454193115234,785.28125,10,10000,1
bb,0.006009817123413086,785.28125,10,10000,1
phis,0.14717888832092285,785.28125,10,10000,1
s,0.0003597736358642578,785.28125,100,10,1
rgb,9.894371032714844e-05,785.28125,100,10,1
bb,0.0002415180206298828,785.28125,100,10,1
phis,0.13356757164001465,785.28125,100,10,1
s,0.00018715858459472656,785.28125,100,100,1
rgb,0.0002205371856689453,785.28125,100,100,1
bb,0.0008227825164794922,785.28125,100,100,1
phis,0.11087489128112793,785.28125,100,100,1
s,0.00017595291137695312,785.28125,100,1000,1
rgb,0.0005753040313720703,785.28125,100,1000,1
bb,0.0059661865234375,785.28125,100,1000,1
phis,0.23752689361572266,785.28125,100,1000,1
s,0.0004622936248779297,785.28125,100,10000,1
rgb,0.004541158676147461,786.375,100,10000,1
bb,0.04752612113952637,825.77734375,100,10000,1
phis,1.7624921798706055,836.83984375,100,10000,1
s,0.00017714500427246094,771.12109375,1000,10,1
rgb,0.00014829635620117188,771.12109375,1000,10,1
bb,0.0013442039489746094,772.05859375,1000,10,1
phis,0.9225256443023682,772.68359375,1000,10,1
s,0.00016260147094726562,772.68359375,1000,100,1
rgb,0.000514984130859375,772.68359375,1000,100,1
bb,0.006321430206298828,776.74609375,1000,100,1
phis,1.0623526573181152,778.15234375,1000,100,1
s,0.0005421638488769531,783.46484375,1000,1000,1
rgb,0.00422358512878418,786.43359375,1000,1000,1
bb,0.049117088317871094,826.92578125,1000,1000,1
phis,2.492155075073242,837.86328125,1000,1000,1
s,0.009061336517333984,910.2734375,1000,10000,1
rgb,0.05041146278381348,915.88671875,1000,10000,1
bb,0.46772241592407227,1254.85546875,1000,10000,1
phis,17.459141492843628,1479.32421875,1000,10000,1
s,0.00032520294189453125,772.8515625,10000,10,1
rgb,0.0008358955383300781,773.0078125,10000,10,1
bb,0.012514352798461914,781.58984375,10000,10,1
phis,9.14676570892334,788.94140625,10000,10,1
s,0.0005974769592285156,788.94140625,10000,100,1
rgb,0.005892753601074219,788.94140625,10000,100,1
bb,0.06778264045715332,825.84765625,10000,100,1
phis,10.652802467346191,844.66015625,10000,100,1
s,0.009245634078979492,922.91015625,10000,1000,1
rgb,0.07113909721374512,911.91015625,10000,1000,1
bb,0.47636842727661133,1275.30078125,10000,1000,1
phis,25.994805097579956,1490.5234375,10000,1000,1
s,0.08347940444946289,1888.01171875,10000,10000,1
rgb,0.4876105785369873,1819.703125,10000,10000,1
bb,4.782661199569702,5357.65625,10000,10000,1
phis,174.40754055976868,7225.9453125,10000,10000,1
s,0.00018072128295898438,785.41796875,10,10,2
rgb,9.298324584960938e-05,785.41796875,10,10,2
bb,0.0001239776611328125,785.41796875,10,10,2
phis,0.013232231140136719,785.41796875,10,10,2
s,0.0001533031463623047,785.41796875,10,100,2
rgb,9.393692016601562e-05,785.41796875,10,100,2
bb,0.00015997886657714844,785.41796875,10,100,2
phis,0.013644933700561523,785.41796875,10,100,2
s,0.00018310546875,785.41796875,10,1000,2
rgb,0.00013113021850585938,785.41796875,10,1000,2
bb,0.0007154941558837891,785.41796875,10,1000,2
phis,0.026635408401489258,785.41796875,10,1000,2
s,0.00013899803161621094,785.41796875,10,10000,2
rgb,0.0007369518280029297,785.41796875,10,10000,2
bb,0.006908416748046875,785.41796875,10,10000,2
phis,0.15503907203674316,785.41796875,10,10000,2
s,0.0001575946807861328,785.41796875,100,10,2
rgb,9.274482727050781e-05,785.41796875,100,10,2
bb,0.0005140304565429688,785.41796875,100,10,2
phis,0.13370060920715332,785.41796875,100,10,2
s,0.00019025802612304688,785.41796875,100,100,2
rgb,0.00017023086547851562,785.41796875,100,100,2
bb,0.0010061264038085938,785.41796875,100,100,2
phis,0.15425324440002441,785.41796875,100,100,2
s,0.00021696090698242188,785.41796875,100,1000,2
rgb,0.0005230903625488281,785.41796875,100,1000,2
bb,0.006178855895996094,785.41796875,100,1000,2
phis,0.31560754776000977,785.57421875,100,1000,2
s,0.0005011558532714844,785.57421875,100,10000,2
rgb,0.00435948371887207,786.66796875,100,10000,2
bb,0.04782605171203613,826.16015625,100,10000,2
phis,1.5777459144592285,837.22265625,100,10000,2
s,0.00019979476928710938,771.25390625,1000,10,2
rgb,0.00020503997802734375,771.25390625,1000,10,2
bb,0.001468658447265625,771.87890625,1000,10,2
phis,0.9285056591033936,772.50390625,1000,10,2
s,0.00017023086547851562,772.50390625,1000,100,2
rgb,0.0005345344543457031,772.50390625,1000,100,2
bb,0.006409406661987305,776.72265625,1000,100,2
phis,1.0615270137786865,778.12890625,1000,100,2
s,0.0005624294281005859,783.44140625,1000,1000,2
rgb,0.0042209625244140625,786.41015625,1000,1000,2
bb,0.04737043380737305,826.8125,1000,1000,2
phis,2.5028903484344482,837.75,1000,1000,2
s,0.008767843246459961,912.29296875,1000,10000,2
rgb,0.053739070892333984,911.9453125,1000,10000,2
bb,0.47584986686706543,1254.8671875,1000,10000,2
phis,17.281963109970093,1471.23046875,1000,10000,2
s,0.0003616809844970703,772.7578125,10000,10,2
rgb,0.0008454322814941406,773.0703125,10000,10,2
bb,0.011614084243774414,781.66796875,10000,10,2
phis,9.059075355529785,789.015625,10000,10,2
s,0.0005576610565185547,789.015625,10000,100,2
rgb,0.0038607120513916016,789.015625,10000,100,2
bb,0.07369327545166016,825.73828125,10000,100,2
phis,10.536876678466797,844.55078125,10000,100,2
s,0.009255409240722656,920.79296875,10000,1000,2
rgb,0.05343341827392578,917.921875,10000,1000,2
bb,0.4710419178009033,1258.89453125,10000,1000,2
phis,26.242724180221558,1486.5078125,10000,1000,2
s,0.08493161201477051,1892.00390625,10000,10000,2
rgb,0.48592400550842285,1801.69921875,10000,10000,2
bb,4.7905590534210205,5545.8671875,10000,10000,2
phis,172.12607216835022,7231.93359375,10000,10000,2
s,0.00017404556274414062,785.453125,10,10,3
rgb,0.00018715858459472656,785.453125,10,10,3
bb,0.00016236305236816406,785.453125,10,10,3
phis,0.011713266372680664,785.453125,10,10,3
s,0.00013136863708496094,785.453125,10,100,3
rgb,8.463859558105469e-05,785.453125,10,100,3
bb,0.00020623207092285156,785.453125,10,100,3
phis,0.02221846580505371,785.453125,10,100,3
s,0.000179290771484375,785.453125,10,1000,3
rgb,0.0001499652862548828,785.453125,10,1000,3
bb,0.0006957054138183594,785.453125,10,1000,3
phis,0.03442835807800293,785.453125,10,1000,3
s,0.00014734268188476562,785.453125,10,10000,3
rgb,0.0008432865142822266,785.453125,10,10000,3
bb,0.0074672698974609375,785.453125,10,10000,3
phis,0.16085338592529297,785.453125,10,10000,3
s,0.0005042552947998047,785.453125,100,10,3
rgb,0.00011372566223144531,785.453125,100,10,3
bb,0.00030875205993652344,785.453125,100,10,3
phis,0.09467887878417969,785.453125,100,10,3
s,0.00025463104248046875,785.453125,100,100,3
rgb,0.00013709068298339844,785.453125,100,100,3
bb,0.0008139610290527344,785.453125,100,100,3
phis,0.15210509300231934,785.453125,100,100,3
s,0.0001919269561767578,785.453125,100,1000,3
rgb,0.0005173683166503906,785.453125,100,1000,3
bb,0.007508754730224609,785.453125,100,1000,3
phis,0.23854541778564453,785.453125,100,1000,3
s,0.0004994869232177734,785.453125,100,10000,3
rgb,0.0055463314056396484,786.546875,100,10000,3
bb,0.04731297492980957,825.95703125,100,10000,3
phis,1.6741290092468262,837.01953125,100,10000,3
s,0.00017762184143066406,771.296875,1000,10,3
rgb,0.0001499652862548828,771.296875,1000,10,3
bb,0.0013360977172851562,772.078125,1000,10,3
phis,0.921856164932251,772.859375,1000,10,3
s,0.00017213821411132812,772.859375,1000,100,3
rgb,0.0005152225494384766,772.859375,1000,100,3
bb,0.008874654769897461,777.234375,1000,100,3
phis,1.0493943691253662,778.640625,1000,100,3
s,0.0005440711975097656,783.953125,1000,1000,3
rgb,0.005304813385009766,786.765625,1000,1000,3
bb,0.04685330390930176,827.171875,1000,1000,3
phis,2.4648752212524414,838.109375,1000,1000,3
s,0.008764982223510742,912.53515625,1000,10000,3
rgb,0.052664995193481445,912.078125,1000,10000,3
bb,0.46260881423950195,1255.05078125,1000,10000,3
phis,17.202892541885376,1481.41015625,1000,10000,3
s,0.000293731689453125,772.9375,10000,10,3
rgb,0.0006885528564453125,773.09375,10000,10,3
bb,0.011139154434204102,781.6953125,10000,10,3
phis,9.68945598602295,789.0390625,10000,10,3
s,0.00057220458984375,789.0390625,10000,100,3
rgb,0.0048978328704833984,789.0390625,10000,100,3
bb,0.051421403884887695,825.796875,10000,100,3
phis,10.684040307998657,844.609375,10000,100,3
s,0.008964776992797852,922.8671875,10000,1000,3
rgb,0.06759381294250488,917.9921875,10000,1000,3
bb,0.48053956031799316,1258.96484375,10000,1000,3
phis,26.098342657089233,1470.578125,10000,1000,3
s,0.08354330062866211,1906.07421875,10000,10000,3
rgb,0.48583412170410156,1745.65234375,10000,10000,3
bb,4.671773910522461,5553.69921875,10000,10000,3
phis,172.86074256896973,7251.99609375,10000,10000,3
s,0.00017118453979492188,785.60546875,10,10,4
rgb,8.749961853027344e-05,785.60546875,10,10,4
bb,0.0001251697540283203,785.60546875,10,10,4
phis,0.012198209762573242,785.60546875,10,10,4
s,0.00018024444580078125,785.60546875,10,100,4
rgb,0.00019478797912597656,785.60546875,10,100,4
bb,0.0004279613494873047,785.60546875,10,100,4
phis,0.017931699752807617,785.60546875,10,100,4
s,0.00013875961303710938,785.60546875,10,1000,4
rgb,0.00017189979553222656,785.60546875,10,1000,4
bb,0.0008947849273681641,785.60546875,10,1000,4
phis,0.024941444396972656,785.60546875,10,1000,4
s,0.0002090930938720703,785.60546875,10,10000,4
rgb,0.0005252361297607422,785.60546875,10,10000,4
bb,0.007185697555541992,785.60546875,10,10000,4
phis,0.14520525932312012,785.60546875,10,10000,4
s,0.00018858909606933594,785.60546875,100,10,4
rgb,0.0003948211669921875,785.60546875,100,10,4
bb,0.0003097057342529297,785.60546875,100,10,4
phis,0.13470029830932617,785.60546875,100,10,4
s,0.00017547607421875,785.60546875,100,100,4
rgb,0.0001308917999267578,785.60546875,100,100,4
bb,0.0007965564727783203,785.60546875,100,100,4
phis,0.1533496379852295,785.60546875,100,100,4
s,0.00018596649169921875,785.60546875,100,1000,4
rgb,0.0005311965942382812,785.60546875,100,1000,4
bb,0.007631540298461914,785.60546875,100,1000,4
phis,0.2356584072113037,785.60546875,100,1000,4
s,0.0006113052368164062,785.60546875,100,10000,4
rgb,0.005837917327880859,786.69921875,100,10000,4
bb,0.06575274467468262,826.08203125,100,10000,4
phis,2.2121098041534424,837.14453125,100,10000,4
s,0.0001800060272216797,771.41796875,1000,10,4
rgb,0.0002372264862060547,771.41796875,1000,10,4
bb,0.0014002323150634766,772.35546875,1000,10,4
phis,0.9156289100646973,772.98046875,1000,10,4
s,0.00015687942504882812,772.98046875,1000,100,4
rgb,0.0005338191986083984,772.98046875,1000,100,4
bb,0.00645756721496582,777.19921875,1000,100,4
phis,1.0486388206481934,778.60546875,1000,100,4
s,0.0005431175231933594,783.91796875,1000,1000,4
rgb,0.0042171478271484375,786.88671875,1000,1000,4
bb,0.04727578163146973,827.26953125,1000,1000,4
phis,2.4507575035095215,838.2109375,1000,1000,4
s,0.009179115295410156,911.73046875,1000,10000,4
rgb,0.05052685737609863,914.25390625,1000,10000,4
bb,0.47091102600097656,1255.22265625,1000,10000,4
phis,17.536850690841675,1487.6484375,1000,10000,4
s,0.00025582313537597656,773.17578125,10000,10,4
rgb,0.0006582736968994141,773.48828125,10000,10,4
bb,0.011721372604370117,782.0859375,10000,10,4
phis,9.36497187614441,789.390625,10000,10,4
s,0.0005524158477783203,789.390625,10000,100,4
rgb,0.005334377288818359,789.390625,10000,100,4
bb,0.0522913932800293,826.0703125,10000,100,4
phis,11.119500875473022,844.9453125,10000,100,4
s,0.008602380752563477,923.125,10000,1000,4
rgb,0.05215787887573242,912.25,10000,1000,4
bb,0.6519036293029785,1265.2265625,10000,1000,4
phis,25.835073709487915,1448.84375,10000,1000,4
s,0.07979536056518555,1874.35546875,10000,10000,4
rgb,0.5162274837493896,1739.98046875,10000,10000,4
bb,4.694862604141235,5532.16796875,10000,10000,4
phis,173.30532813072205,7266.46484375,10000,10000,4
